insert into PERSON(PID, FIRST_NAME, LAST_NAME, SEX, BIRTH_DATE, DEATH_DATE, REG_DATE) values("DMO09444", "Ava", "King", "F", "1969-02-20T12:21:23-04:00", null, "2014-03-30T00:23:30-04:00");
insert into PERSON_2(PID, WC, TG, HDL, BP, GLC) values("DMO09444", "104.7", "127.6", "36.2", "127/66", "115.6");
insert into PERSON_3(PID, TYPE_ID, IDENTITY_ID) values("DMO09444", "1", "003264637");
insert into ENCOUNTER(PID, ADMSN_TIME, CONTACT_DATE) values("DMO09444", "2014-03-30T07:21:09-04:00", "2014-03-30");

insert into PERSON(PID, FIRST_NAME, LAST_NAME, SEX, BIRTH_DATE, DEATH_DATE, REG_DATE) values("DMO30375", "Alexa", "Miller", "F", "1944-07-03T03:28:38-04:00", null, "2014-12-01T05:38:30-04:00");
insert into PERSON_2(PID, WC, TG, HDL, BP, GLC) values("DMO30375", "98.3", "127.3", "41.6", "141/66", "102.8");
insert into PERSON_3(PID, TYPE_ID, IDENTITY_ID) values("DMO30375", "1", "001127584");
insert into ENCOUNTER(PID, ADMSN_TIME, CONTACT_DATE) values("DMO30375", "2014-12-01T12:18:59-04:00", "2014-12-01");

insert into PERSON(PID, FIRST_NAME, LAST_NAME, SEX, BIRTH_DATE, DEATH_DATE, REG_DATE) values("DMO67285", "Lauren", "Taylor", "F", null, null, "2014-10-19T09:47:45-04:00");
insert into PERSON_2(PID, WC, TG, HDL, BP, GLC) values("DMO67285", "86.1", "144.1", "39.1", "146/98", "91.0");
insert into PERSON_3(PID, TYPE_ID, IDENTITY_ID) values("DMO67285", "1", "000317494");
insert into ENCOUNTER(PID, ADMSN_TIME, CONTACT_DATE) values("DMO67285", "2014-10-20T14:55:18-04:00", "2014-10-20");

insert into PERSON(PID, FIRST_NAME, LAST_NAME, SEX, BIRTH_DATE, DEATH_DATE, REG_DATE) values("DMO78945", "Sydney", "Smith", "F", null, null, "2014-07-12T19:26:46-04:00");
insert into PERSON_2(PID, WC, TG, HDL, BP, GLC) values("DMO78945", "104.0", "133.1", "44.0", "109/81", "108.9");
insert into PERSON_3(PID, TYPE_ID, IDENTITY_ID) values("DMO78945", "1", "001957934");
insert into ENCOUNTER(PID, ADMSN_TIME, CONTACT_DATE) values("DMO78945", "2014-07-13T00:45:27-04:00", "2014-07-13");

insert into PERSON(PID, FIRST_NAME, LAST_NAME, SEX, BIRTH_DATE, DEATH_DATE, REG_DATE) values("DMO07943", "Stella", "Green", "F", "1980-06-14T13:43:21-04:00", null, "2014-08-15T00:03:57-04:00");
insert into PERSON_2(PID, WC, TG, HDL, BP, GLC) values("DMO07943", "124.9", "132.2", "45.9", null, "115.3");
insert into PERSON_3(PID, TYPE_ID, IDENTITY_ID) values("DMO07943", "1", "003948801");
insert into ENCOUNTER(PID, ADMSN_TIME, CONTACT_DATE) values("DMO07943", "2014-08-17T04:08:22-04:00", "2014-08-17");

insert into PERSON(PID, FIRST_NAME, LAST_NAME, SEX, BIRTH_DATE, DEATH_DATE, REG_DATE) values("DMO77537", "Makayla", "Jackson", "F", "1959-02-11T21:11:54-04:00", null, "2014-02-10T22:19:29-04:00");
insert into PERSON_2(PID, WC, TG, HDL, BP, GLC) values("DMO77537", "122.8", "134.9", "34.0", "114/83", "115.8");
insert into PERSON_3(PID, TYPE_ID, IDENTITY_ID) values("DMO77537", "1", "005404071");
insert into ENCOUNTER(PID, ADMSN_TIME, CONTACT_DATE) values("DMO77537", "2014-02-10T02:19:38-04:00", "2014-02-10");

insert into PERSON(PID, FIRST_NAME, LAST_NAME, SEX, BIRTH_DATE, DEATH_DATE, REG_DATE) values("DMO03893", "Ashley", "Gray", "F", "1957-05-20T01:46:44-04:00", null, "2014-10-01T19:08:18-04:00");
insert into PERSON_2(PID, WC, TG, HDL, BP, GLC) values("DMO03893", "81.8", "137.1", "49.0", "143/85", "91.6");
insert into PERSON_3(PID, TYPE_ID, IDENTITY_ID) values("DMO03893", "1", "000136937");
insert into ENCOUNTER(PID, ADMSN_TIME, CONTACT_DATE) values("DMO03893", "2014-10-03T03:55:54-04:00", "2014-10-03");

insert into PERSON(PID, FIRST_NAME, LAST_NAME, SEX, BIRTH_DATE, DEATH_DATE, REG_DATE) values("DMO49060", "Aria", "Smith", "F", "1990-12-04T23:20:13-04:00", null, "2014-09-28T08:45:10-04:00");
insert into PERSON_2(PID, WC, TG, HDL, BP, GLC) values("DMO49060", "117.2", "139.2", "44.5", "115/73", "113.4");
insert into PERSON_3(PID, TYPE_ID, IDENTITY_ID) values("DMO49060", "1", "001872923");
insert into ENCOUNTER(PID, ADMSN_TIME, CONTACT_DATE) values("DMO49060", "2014-09-29T17:48:07-04:00", "2014-09-29");

insert into PERSON(PID, FIRST_NAME, LAST_NAME, SEX, BIRTH_DATE, DEATH_DATE, REG_DATE) values("DMO92091", "Aaron", "Howard", "M", "1953-03-18T13:19:27-04:00", null, "2014-08-03T21:23:43-04:00");
insert into PERSON_2(PID, WC, TG, HDL, BP, GLC) values("DMO92091", "114.7", "131.0", "40.2", "151/91", "80.2");
insert into PERSON_3(PID, TYPE_ID, IDENTITY_ID) values("DMO92091", "1", "007920896");
insert into ENCOUNTER(PID, ADMSN_TIME, CONTACT_DATE) values("DMO92091", "2014-08-03T21:50:08-04:00", "2014-08-03");

insert into PERSON(PID, FIRST_NAME, LAST_NAME, SEX, BIRTH_DATE, DEATH_DATE, REG_DATE) values("DMO23107", "Skylar", "Barnes", "F", "1941-06-18T04:06:48-04:00", null, "2014-11-26T06:41:20-04:00");
insert into PERSON_2(PID, WC, TG, HDL, BP, GLC) values("DMO23107", "94.3", "137.7", "47.2", "111/81", "114.8");
insert into PERSON_3(PID, TYPE_ID, IDENTITY_ID) values("DMO23107", "1", "001838676");
insert into ENCOUNTER(PID, ADMSN_TIME, CONTACT_DATE) values("DMO23107", "2014-11-28T10:37:19-04:00", "2014-11-28");

insert into PERSON(PID, FIRST_NAME, LAST_NAME, SEX, BIRTH_DATE, DEATH_DATE, REG_DATE) values("DMO98052", "Naomi", "Cox", "F", "1950-12-07T21:11:58-04:00", null, "2014-07-05T18:19:18-04:00");
insert into PERSON_2(PID, WC, TG, HDL, BP, GLC) values("DMO98052", "122.4", "120.0", "42.5", "127/98", "84.1");
insert into PERSON_3(PID, TYPE_ID, IDENTITY_ID) values("DMO98052", "1", "008290633");
insert into ENCOUNTER(PID, ADMSN_TIME, CONTACT_DATE) values("DMO98052", "2014-07-05T17:29:11-04:00", "2014-07-05");

insert into PERSON(PID, FIRST_NAME, LAST_NAME, SEX, BIRTH_DATE, DEATH_DATE, REG_DATE) values("DMO20320", "Kayla", "Young", "F", "1945-11-15T17:57:18-04:00", null, "2014-06-08T11:28:04-04:00");
insert into PERSON_2(PID, WC, TG, HDL, BP, GLC) values("DMO20320", "101.6", "155.7", "31.1", "111/80", "96.0");
insert into PERSON_3(PID, TYPE_ID, IDENTITY_ID) values("DMO20320", "1", "008634738");
insert into ENCOUNTER(PID, ADMSN_TIME, CONTACT_DATE) values("DMO20320", "2014-06-08T08:10:15-04:00", "2014-06-08");

insert into PERSON(PID, FIRST_NAME, LAST_NAME, SEX, BIRTH_DATE, DEATH_DATE, REG_DATE) values("DMO73689", "Levi", "Wood", "M", "1985-11-05T10:12:19-04:00", null, "2014-11-24T18:43:42-04:00");
insert into PERSON_2(PID, WC, TG, HDL, BP, GLC) values("DMO73689", "121.4", "120.2", "35.3", "146/80", "81.6");
insert into PERSON_3(PID, TYPE_ID, IDENTITY_ID) values("DMO73689", "1", "006192500");
insert into ENCOUNTER(PID, ADMSN_TIME, CONTACT_DATE) values("DMO73689", "2014-11-24T12:35:08-04:00", "2014-11-24");

insert into PERSON(PID, FIRST_NAME, LAST_NAME, SEX, BIRTH_DATE, DEATH_DATE, REG_DATE) values("DMO15263", "Jaxon", "Powell", "M", "1930-08-08T17:33:28-04:00", null, "2014-01-13T16:56:42-04:00");
insert into PERSON_2(PID, WC, TG, HDL, BP, GLC) values("DMO15263", "119.8", "156.1", "47.2", "154/78", "99.9");
insert into PERSON_3(PID, TYPE_ID, IDENTITY_ID) values("DMO15263", "1", "007607799");
insert into ENCOUNTER(PID, ADMSN_TIME, CONTACT_DATE) values("DMO15263", "2014-01-15T19:20:37-04:00", "2014-01-15");

insert into PERSON(PID, FIRST_NAME, LAST_NAME, SEX, BIRTH_DATE, DEATH_DATE, REG_DATE) values("DMO56131", "Aiden", "Simmons", "M", "1980-08-14T12:37:00-04:00", null, "2014-04-22T02:50:39-04:00");
insert into PERSON_2(PID, WC, TG, HDL, BP, GLC) values("DMO56131", "114.4", "147.1", "39.8", null, null);
insert into PERSON_3(PID, TYPE_ID, IDENTITY_ID) values("DMO56131", "1", "004640330");
insert into ENCOUNTER(PID, ADMSN_TIME, CONTACT_DATE) values("DMO56131", "2014-04-23T14:44:20-04:00", "2014-04-23");

insert into PERSON(PID, FIRST_NAME, LAST_NAME, SEX, BIRTH_DATE, DEATH_DATE, REG_DATE) values("DMO94605", "Kennedy", "Lewis", "F", "1967-04-23T15:46:10-04:00", null, "2014-10-20T00:05:47-04:00");
insert into PERSON_2(PID, WC, TG, HDL, BP, GLC) values("DMO94605", "78.1", "179.0", "32.9", "133/76", "96.3");
insert into PERSON_3(PID, TYPE_ID, IDENTITY_ID) values("DMO94605", "1", "009740169");
insert into ENCOUNTER(PID, ADMSN_TIME, CONTACT_DATE) values("DMO94605", "2014-10-20T09:04:46-04:00", "2014-10-20");

insert into PERSON(PID, FIRST_NAME, LAST_NAME, SEX, BIRTH_DATE, DEATH_DATE, REG_DATE) values("DMO76086", "Jase", "Gray", "M", "1935-05-27T07:19:32-04:00", null, "2014-05-19T03:57:33-04:00");
insert into PERSON_2(PID, WC, TG, HDL, BP, GLC) values("DMO76086", "116.5", "150.6", "41.8", "126/96", "114.8");
insert into PERSON_3(PID, TYPE_ID, IDENTITY_ID) values("DMO76086", "1", "007036364");
insert into ENCOUNTER(PID, ADMSN_TIME, CONTACT_DATE) values("DMO76086", "2014-05-19T17:48:31-04:00", "2014-05-19");

insert into PERSON(PID, FIRST_NAME, LAST_NAME, SEX, BIRTH_DATE, DEATH_DATE, REG_DATE) values("DMO65583", "Elijah", "Powell", "M", "2012-10-18T11:29:50-04:00", null, "2014-10-26T01:36:02-04:00");
insert into PERSON_2(PID, WC, TG, HDL, BP, GLC) values("DMO65583", "106.8", "153.7", "48.2", "151/75", "98.4");
insert into PERSON_3(PID, TYPE_ID, IDENTITY_ID) values("DMO65583", "1", "009625809");
insert into ENCOUNTER(PID, ADMSN_TIME, CONTACT_DATE) values("DMO65583", "2014-10-28T23:23:27-04:00", "2014-10-28");

insert into PERSON(PID, FIRST_NAME, LAST_NAME, SEX, BIRTH_DATE, DEATH_DATE, REG_DATE) values("DMO43840", "Brody", "Thompson", "M", "1975-11-01T04:26:05-04:00", null, "2014-12-22T05:01:07-04:00");
insert into PERSON_2(PID, WC, TG, HDL, BP, GLC) values("DMO43840", "110.1", "125.0", "49.7", "141/73", "112.0");
insert into PERSON_3(PID, TYPE_ID, IDENTITY_ID) values("DMO43840", "1", "008488318");
insert into ENCOUNTER(PID, ADMSN_TIME, CONTACT_DATE) values("DMO43840", "2014-12-22T02:43:12-04:00", "2014-12-22");

insert into PERSON(PID, FIRST_NAME, LAST_NAME, SEX, BIRTH_DATE, DEATH_DATE, REG_DATE) values("DMO50889", "David", "Scott", "M", "1981-09-19T10:08:13-04:00", null, "2014-10-29T08:02:39-04:00");
insert into PERSON_2(PID, WC, TG, HDL, BP, GLC) values("DMO50889", "119.3", "152.3", "46.3", "122/73", "98.6");
insert into PERSON_3(PID, TYPE_ID, IDENTITY_ID) values("DMO50889", "1", "005749523");
insert into ENCOUNTER(PID, ADMSN_TIME, CONTACT_DATE) values("DMO50889", "2014-10-29T03:01:29-04:00", "2014-10-29");

insert into PERSON(PID, FIRST_NAME, LAST_NAME, SEX, BIRTH_DATE, DEATH_DATE, REG_DATE) values("DMO09393", "Skylar", "Henderson", "F", "1957-08-23T12:45:19-04:00", null, "2014-11-15T16:14:15-04:00");
insert into PERSON_2(PID, WC, TG, HDL, BP, GLC) values("DMO09393", "114.0", "147.8", "41.1", "115/74", "92.0");
insert into PERSON_3(PID, TYPE_ID, IDENTITY_ID) values("DMO09393", "1", "004936770");
insert into ENCOUNTER(PID, ADMSN_TIME, CONTACT_DATE) values("DMO09393", "2014-11-17T18:10:56-04:00", "2014-11-17");

insert into PERSON(PID, FIRST_NAME, LAST_NAME, SEX, BIRTH_DATE, DEATH_DATE, REG_DATE) values("DMO79328", "Aria", "Wilson", "F", "1946-06-08T07:02:36-04:00", null, "2014-02-27T00:09:31-04:00");
insert into PERSON_2(PID, WC, TG, HDL, BP, GLC) values("DMO79328", "103.8", "141.0", "33.3", "121/85", "83.6");
insert into PERSON_3(PID, TYPE_ID, IDENTITY_ID) values("DMO79328", "1", "009398950");
insert into ENCOUNTER(PID, ADMSN_TIME, CONTACT_DATE) values("DMO79328", "2014-02-28T04:01:23-04:00", "2014-02-28");

insert into PERSON(PID, FIRST_NAME, LAST_NAME, SEX, BIRTH_DATE, DEATH_DATE, REG_DATE) values("DMO37439", "Lauren", "Morris", "F", "1988-12-25T20:51:29-04:00", null, "2014-01-07T22:50:11-04:00");
insert into PERSON_2(PID, WC, TG, HDL, BP, GLC) values("DMO37439", "122.5", "130.6", "36.4", "131/73", "83.9");
insert into PERSON_3(PID, TYPE_ID, IDENTITY_ID) values("DMO37439", "1", "009113964");
insert into ENCOUNTER(PID, ADMSN_TIME, CONTACT_DATE) values("DMO37439", "2014-01-09T20:38:13-04:00", "2014-01-09");

insert into PERSON(PID, FIRST_NAME, LAST_NAME, SEX, BIRTH_DATE, DEATH_DATE, REG_DATE) values("DMO12573", "Zoey", "Bailey", "F", "1959-02-16T20:13:49-04:00", "2014-09-30T18:05:08-04:00", "2014-07-08T23:15:22-04:00");
insert into PERSON_2(PID, WC, TG, HDL, BP, GLC) values("DMO12573", "78.1", null, "36.2", "105/76", "98.0");
insert into PERSON_3(PID, TYPE_ID, IDENTITY_ID) values("DMO12573", "1", "000794303");
insert into ENCOUNTER(PID, ADMSN_TIME, CONTACT_DATE) values("DMO12573", "2014-07-09T05:06:52-04:00", "2014-07-09");

insert into PERSON(PID, FIRST_NAME, LAST_NAME, SEX, BIRTH_DATE, DEATH_DATE, REG_DATE) values("DMO94522", "Lillian", "Rogers", "F", "1957-02-09T19:29:19-04:00", null, "2014-10-12T02:47:18-04:00");
insert into PERSON_2(PID, WC, TG, HDL, BP, GLC) values("DMO94522", null, "159.3", "37.0", "154/73", "106.6");
insert into PERSON_3(PID, TYPE_ID, IDENTITY_ID) values("DMO94522", "1", "008286871");
insert into ENCOUNTER(PID, ADMSN_TIME, CONTACT_DATE) values("DMO94522", "2014-10-14T20:11:22-04:00", "2014-10-14");

insert into PERSON(PID, FIRST_NAME, LAST_NAME, SEX, BIRTH_DATE, DEATH_DATE, REG_DATE) values("DMO42370", "Josiah", "Hughes", "M", "2000-02-17T01:18:17-04:00", null, "2014-09-15T14:23:56-04:00");
insert into PERSON_2(PID, WC, TG, HDL, BP, GLC) values("DMO42370", "119.4", "161.4", "31.4", "111/90", "116.6");
insert into PERSON_3(PID, TYPE_ID, IDENTITY_ID) values("DMO42370", "1", "007237390");
insert into ENCOUNTER(PID, ADMSN_TIME, CONTACT_DATE) values("DMO42370", "2014-09-16T15:18:30-04:00", "2014-09-16");

insert into PERSON(PID, FIRST_NAME, LAST_NAME, SEX, BIRTH_DATE, DEATH_DATE, REG_DATE) values("DMO50788", "Gavin", "Nelson", "M", "1962-02-06T05:44:11-04:00", null, "2014-05-23T00:25:59-04:00");
insert into PERSON_2(PID, WC, TG, HDL, BP, GLC) values("DMO50788", "86.9", "122.3", null, "140/84", "88.2");
insert into PERSON_3(PID, TYPE_ID, IDENTITY_ID) values("DMO50788", "1", "004548167");
insert into ENCOUNTER(PID, ADMSN_TIME, CONTACT_DATE) values("DMO50788", "2014-05-25T11:47:49-04:00", "2014-05-25");

insert into PERSON(PID, FIRST_NAME, LAST_NAME, SEX, BIRTH_DATE, DEATH_DATE, REG_DATE) values("DMO32342", "Jocelyn", "Flores", "F", "1937-11-30T06:40:09-04:00", null, "2014-04-23T16:12:50-04:00");
insert into PERSON_2(PID, WC, TG, HDL, BP, GLC) values("DMO32342", "106.6", "174.6", "40.3", "150/80", "107.0");
insert into PERSON_3(PID, TYPE_ID, IDENTITY_ID) values("DMO32342", "1", "003855045");
insert into ENCOUNTER(PID, ADMSN_TIME, CONTACT_DATE) values("DMO32342", "2014-04-24T19:39:54-04:00", "2014-04-24");

insert into PERSON(PID, FIRST_NAME, LAST_NAME, SEX, BIRTH_DATE, DEATH_DATE, REG_DATE) values("DMO52437", "Naomi", "Henderson", "F", "2002-03-06T19:33:27-04:00", null, "2014-08-23T06:04:27-04:00");
insert into PERSON_2(PID, WC, TG, HDL, BP, GLC) values("DMO52437", "82.7", "133.7", "46.8", null, "96.2");
insert into PERSON_3(PID, TYPE_ID, IDENTITY_ID) values("DMO52437", "1", "008139269");
insert into ENCOUNTER(PID, ADMSN_TIME, CONTACT_DATE) values("DMO52437", "2014-08-24T13:04:23-04:00", "2014-08-24");

insert into PERSON(PID, FIRST_NAME, LAST_NAME, SEX, BIRTH_DATE, DEATH_DATE, REG_DATE) values("DMO69283", "Joseph", "Simmons", "M", "1986-03-25T11:52:16-04:00", null, "2014-10-08T16:51:47-04:00");
insert into PERSON_2(PID, WC, TG, HDL, BP, GLC) values("DMO69283", "90.3", "150.4", "34.1", "123/74", null);
insert into PERSON_3(PID, TYPE_ID, IDENTITY_ID) values("DMO69283", "1", "001063603");
insert into ENCOUNTER(PID, ADMSN_TIME, CONTACT_DATE) values("DMO69283", "2014-10-10T15:54:09-04:00", "2014-10-10");

insert into PERSON(PID, FIRST_NAME, LAST_NAME, SEX, BIRTH_DATE, DEATH_DATE, REG_DATE) values("DMO68040", "Piper", "Parker", "F", null, null, "2014-07-04T02:50:17-04:00");
insert into PERSON_2(PID, WC, TG, HDL, BP, GLC) values("DMO68040", "83.4", "171.6", "41.0", "150/70", "88.4");
insert into PERSON_3(PID, TYPE_ID, IDENTITY_ID) values("DMO68040", "1", "005870618");
insert into ENCOUNTER(PID, ADMSN_TIME, CONTACT_DATE) values("DMO68040", "2014-07-05T05:17:19-04:00", "2014-07-05");

insert into PERSON(PID, FIRST_NAME, LAST_NAME, SEX, BIRTH_DATE, DEATH_DATE, REG_DATE) values("DMO41159", "Maya", "Cook", "F", "2012-02-01T03:31:31-04:00", null, "2014-04-25T21:36:21-04:00");
insert into PERSON_2(PID, WC, TG, HDL, BP, GLC) values("DMO41159", "78.5", "179.1", "31.0", "150/99", "93.7");
insert into PERSON_3(PID, TYPE_ID, IDENTITY_ID) values("DMO41159", "1", "007001345");
insert into ENCOUNTER(PID, ADMSN_TIME, CONTACT_DATE) values("DMO41159", "2014-04-27T12:17:04-04:00", "2014-04-27");

insert into PERSON(PID, FIRST_NAME, LAST_NAME, SEX, BIRTH_DATE, DEATH_DATE, REG_DATE) values("DMO55516", "Zoe", "Hill", "F", "1990-04-10T05:37:51-04:00", null, "2014-05-25T18:52:34-04:00");
insert into PERSON_2(PID, WC, TG, HDL, BP, GLC) values("DMO55516", "104.5", "122.9", "36.4", "143/100", "91.3");
insert into PERSON_3(PID, TYPE_ID, IDENTITY_ID) values("DMO55516", "1", "007470615");
insert into ENCOUNTER(PID, ADMSN_TIME, CONTACT_DATE) values("DMO55516", "2014-05-25T16:21:04-04:00", "2014-05-25");

insert into PERSON(PID, FIRST_NAME, LAST_NAME, SEX, BIRTH_DATE, DEATH_DATE, REG_DATE) values("DMO00548", "Jose", "Henderson", "M", "1968-09-21T18:59:12-04:00", null, "2014-11-11T05:56:17-04:00");
insert into PERSON_2(PID, WC, TG, HDL, BP, GLC) values("DMO00548", null, "157.6", "41.1", "130/99", "103.1");
insert into PERSON_3(PID, TYPE_ID, IDENTITY_ID) values("DMO00548", "1", "001899993");
insert into ENCOUNTER(PID, ADMSN_TIME, CONTACT_DATE) values("DMO00548", "2014-11-12T18:28:31-04:00", "2014-11-12");

insert into PERSON(PID, FIRST_NAME, LAST_NAME, SEX, BIRTH_DATE, DEATH_DATE, REG_DATE) values("DMO66272", "Emma", "Bennett", "F", "1971-12-01T22:38:47-04:00", null, "2014-09-22T14:41:58-04:00");
insert into PERSON_2(PID, WC, TG, HDL, BP, GLC) values("DMO66272", "75.5", "173.1", "49.0", "135/77", "103.2");
insert into PERSON_3(PID, TYPE_ID, IDENTITY_ID) values("DMO66272", "1", "009721525");
insert into ENCOUNTER(PID, ADMSN_TIME, CONTACT_DATE) values("DMO66272", "2014-09-24T19:03:57-04:00", "2014-09-24");

insert into PERSON(PID, FIRST_NAME, LAST_NAME, SEX, BIRTH_DATE, DEATH_DATE, REG_DATE) values("DMO70764", "Joseph", "Edwards", "M", null, null, "2014-07-14T20:00:38-04:00");
insert into PERSON_2(PID, WC, TG, HDL, BP, GLC) values("DMO70764", "75.1", "156.7", "47.9", "143/84", "108.9");
insert into PERSON_3(PID, TYPE_ID, IDENTITY_ID) values("DMO70764", "1", "007358909");
insert into ENCOUNTER(PID, ADMSN_TIME, CONTACT_DATE) values("DMO70764", "2014-07-16T13:06:32-04:00", "2014-07-16");

insert into PERSON(PID, FIRST_NAME, LAST_NAME, SEX, BIRTH_DATE, DEATH_DATE, REG_DATE) values("DMO73638", "Ethan", "Washington", "M", "2013-03-18T00:27:16-04:00", null, "2014-12-09T17:37:00-04:00");
insert into PERSON_2(PID, WC, TG, HDL, BP, GLC) values("DMO73638", "100.6", "166.4", "45.3", "119/96", "86.4");
insert into PERSON_3(PID, TYPE_ID, IDENTITY_ID) values("DMO73638", "1", "006726573");
insert into ENCOUNTER(PID, ADMSN_TIME, CONTACT_DATE) values("DMO73638", "2014-12-10T23:33:58-04:00", "2014-12-10");

insert into PERSON(PID, FIRST_NAME, LAST_NAME, SEX, BIRTH_DATE, DEATH_DATE, REG_DATE) values("DMO35547", "Juan", "Torres", "M", "2010-04-25T19:42:03-04:00", null, "2014-03-16T20:21:45-04:00");
insert into PERSON_2(PID, WC, TG, HDL, BP, GLC) values("DMO35547", "85.2", "177.7", "41.5", "126/73", "87.8");
insert into PERSON_3(PID, TYPE_ID, IDENTITY_ID) values("DMO35547", "1", "000146975");
insert into ENCOUNTER(PID, ADMSN_TIME, CONTACT_DATE) values("DMO35547", "2014-03-17T07:24:45-04:00", "2014-03-17");

insert into PERSON(PID, FIRST_NAME, LAST_NAME, SEX, BIRTH_DATE, DEATH_DATE, REG_DATE) values("DMO00914", "Easton", "Anderson", "M", "1936-07-10T08:40:30-04:00", null, "2014-12-17T07:43:52-04:00");
insert into PERSON_2(PID, WC, TG, HDL, BP, GLC) values("DMO00914", "77.1", "142.3", "48.2", "130/98", "96.7");
insert into PERSON_3(PID, TYPE_ID, IDENTITY_ID) values("DMO00914", "1", "000970692");
insert into ENCOUNTER(PID, ADMSN_TIME, CONTACT_DATE) values("DMO00914", "2014-12-18T08:16:08-04:00", "2014-12-18");

insert into PERSON(PID, FIRST_NAME, LAST_NAME, SEX, BIRTH_DATE, DEATH_DATE, REG_DATE) values("DMO09064", "Bentley", "Jenkins", "M", "1954-10-19T17:32:52-04:00", null, "2014-03-09T18:57:58-04:00");
insert into PERSON_2(PID, WC, TG, HDL, BP, GLC) values("DMO09064", "124.6", "133.7", "38.5", "127/66", "114.1");
insert into PERSON_3(PID, TYPE_ID, IDENTITY_ID) values("DMO09064", "1", "007900343");
insert into ENCOUNTER(PID, ADMSN_TIME, CONTACT_DATE) values("DMO09064", "2014-03-11T06:08:14-04:00", "2014-03-11");

insert into PERSON(PID, FIRST_NAME, LAST_NAME, SEX, BIRTH_DATE, DEATH_DATE, REG_DATE) values("DMO58680", "Jocelyn", "Baker", "F", "1966-12-09T15:25:45-04:00", null, "2014-07-26T01:38:53-04:00");
insert into PERSON_2(PID, WC, TG, HDL, BP, GLC) values("DMO58680", "89.4", "122.8", "46.5", "120/71", "104.7");
insert into PERSON_3(PID, TYPE_ID, IDENTITY_ID) values("DMO58680", "1", "007294922");
insert into ENCOUNTER(PID, ADMSN_TIME, CONTACT_DATE) values("DMO58680", "2014-07-27T00:54:42-04:00", "2014-07-27");

insert into PERSON(PID, FIRST_NAME, LAST_NAME, SEX, BIRTH_DATE, DEATH_DATE, REG_DATE) values("DMO65086", "Gabriel", "Torres", "M", "1978-12-15T06:24:59-04:00", null, "2014-01-21T01:05:21-04:00");
insert into PERSON_2(PID, WC, TG, HDL, BP, GLC) values("DMO65086", "87.9", "174.1", "38.3", "129/73", "83.2");
insert into PERSON_3(PID, TYPE_ID, IDENTITY_ID) values("DMO65086", "1", "002886257");
insert into ENCOUNTER(PID, ADMSN_TIME, CONTACT_DATE) values("DMO65086", "2014-01-23T00:23:12-04:00", "2014-01-23");

insert into PERSON(PID, FIRST_NAME, LAST_NAME, SEX, BIRTH_DATE, DEATH_DATE, REG_DATE) values("DMO26400", "Lincoln", "Griffin", "M", "1931-02-26T22:30:51-04:00", null, "2014-07-01T12:31:28-04:00");
insert into PERSON_2(PID, WC, TG, HDL, BP, GLC) values("DMO26400", "106.4", "164.2", "47.6", "112/76", "105.5");
insert into PERSON_3(PID, TYPE_ID, IDENTITY_ID) values("DMO26400", "1", "002162007");
insert into ENCOUNTER(PID, ADMSN_TIME, CONTACT_DATE) values("DMO26400", "2014-07-03T15:04:17-04:00", "2014-07-03");

insert into PERSON(PID, FIRST_NAME, LAST_NAME, SEX, BIRTH_DATE, DEATH_DATE, REG_DATE) values("DMO56898", "Justin", "Powell", "M", "2006-10-21T13:55:25-04:00", null, "2014-02-23T01:25:59-04:00");
insert into PERSON_2(PID, WC, TG, HDL, BP, GLC) values("DMO56898", "108.2", "123.3", null, "128/83", "118.3");
insert into PERSON_3(PID, TYPE_ID, IDENTITY_ID) values("DMO56898", "1", "007820610");
insert into ENCOUNTER(PID, ADMSN_TIME, CONTACT_DATE) values("DMO56898", "2014-02-23T17:03:37-04:00", "2014-02-23");

insert into PERSON(PID, FIRST_NAME, LAST_NAME, SEX, BIRTH_DATE, DEATH_DATE, REG_DATE) values("DMO56250", "Angel", "Gray", "M", null, null, "2014-07-06T22:04:59-04:00");
insert into PERSON_2(PID, WC, TG, HDL, BP, GLC) values("DMO56250", "121.9", "163.4", "39.9", "152/70", "85.0");
insert into PERSON_3(PID, TYPE_ID, IDENTITY_ID) values("DMO56250", "1", "006455278");
insert into ENCOUNTER(PID, ADMSN_TIME, CONTACT_DATE) values("DMO56250", "2014-07-07T23:15:44-04:00", "2014-07-07");

insert into PERSON(PID, FIRST_NAME, LAST_NAME, SEX, BIRTH_DATE, DEATH_DATE, REG_DATE) values("DMO83379", "Daniel", "Nelson", "M", null, null, "2014-03-27T19:04:09-04:00");
insert into PERSON_2(PID, WC, TG, HDL, BP, GLC) values("DMO83379", null, "131.0", "49.9", "114/66", "87.8");
insert into PERSON_3(PID, TYPE_ID, IDENTITY_ID) values("DMO83379", "1", "005340443");
insert into ENCOUNTER(PID, ADMSN_TIME, CONTACT_DATE) values("DMO83379", "2014-03-29T03:34:52-04:00", "2014-03-29");

insert into PERSON(PID, FIRST_NAME, LAST_NAME, SEX, BIRTH_DATE, DEATH_DATE, REG_DATE) values("DMO44767", "Maya", "James", "F", "1964-03-22T06:04:52-04:00", null, "2014-10-29T09:02:59-04:00");
insert into PERSON_2(PID, WC, TG, HDL, BP, GLC) values("DMO44767", "115.1", "125.1", "36.0", "151/89", "80.8");
insert into PERSON_3(PID, TYPE_ID, IDENTITY_ID) values("DMO44767", "1", "006475692");
insert into ENCOUNTER(PID, ADMSN_TIME, CONTACT_DATE) values("DMO44767", "2014-10-31T15:41:42-04:00", "2014-10-31");

insert into PERSON(PID, FIRST_NAME, LAST_NAME, SEX, BIRTH_DATE, DEATH_DATE, REG_DATE) values("DMO38040", "Claire", "Gonzalez", "F", "1982-05-19T09:41:39-04:00", null, "2014-06-27T09:17:14-04:00");
insert into PERSON_2(PID, WC, TG, HDL, BP, GLC) values("DMO38040", "109.2", "128.1", "31.1", "122/69", "99.9");
insert into PERSON_3(PID, TYPE_ID, IDENTITY_ID) values("DMO38040", "1", "005141644");
insert into ENCOUNTER(PID, ADMSN_TIME, CONTACT_DATE) values("DMO38040", "2014-06-27T18:22:57-04:00", "2014-06-27");

insert into PERSON(PID, FIRST_NAME, LAST_NAME, SEX, BIRTH_DATE, DEATH_DATE, REG_DATE) values("DMO14983", "Dominic", "Patterson", "M", "2003-05-25T13:10:22-04:00", null, "2014-04-02T09:34:24-04:00");
insert into PERSON_2(PID, WC, TG, HDL, BP, GLC) values("DMO14983", "121.8", "120.3", "30.2", "142/92", "111.1");
insert into PERSON_3(PID, TYPE_ID, IDENTITY_ID) values("DMO14983", "1", "008879385");
insert into ENCOUNTER(PID, ADMSN_TIME, CONTACT_DATE) values("DMO14983", "2014-04-03T01:11:36-04:00", "2014-04-03");

insert into PERSON(PID, FIRST_NAME, LAST_NAME, SEX, BIRTH_DATE, DEATH_DATE, REG_DATE) values("DMO43261", "Autumn", "Bell", "F", "1989-01-15T04:30:18-04:00", null, "2014-03-02T10:24:05-04:00");
insert into PERSON_2(PID, WC, TG, HDL, BP, GLC) values("DMO43261", "102.3", "123.6", "31.5", "132/92", null);
insert into PERSON_3(PID, TYPE_ID, IDENTITY_ID) values("DMO43261", "1", "001357310");
insert into ENCOUNTER(PID, ADMSN_TIME, CONTACT_DATE) values("DMO43261", "2014-03-03T09:14:10-04:00", "2014-03-03");

insert into PERSON(PID, FIRST_NAME, LAST_NAME, SEX, BIRTH_DATE, DEATH_DATE, REG_DATE) values("DMO68708", "Aiden", "Johnson", "M", "1945-02-12T15:59:18-04:00", null, "2014-01-26T15:21:32-04:00");
insert into PERSON_2(PID, WC, TG, HDL, BP, GLC) values("DMO68708", "105.9", "152.5", "42.9", "136/85", "87.8");
insert into PERSON_3(PID, TYPE_ID, IDENTITY_ID) values("DMO68708", "1", "006137088");
insert into ENCOUNTER(PID, ADMSN_TIME, CONTACT_DATE) values("DMO68708", "2014-01-26T06:40:27-04:00", "2014-01-26");

insert into PERSON(PID, FIRST_NAME, LAST_NAME, SEX, BIRTH_DATE, DEATH_DATE, REG_DATE) values("DMO69425", "Juan", "Brooks", "M", "1995-05-22T08:28:04-04:00", null, "2014-03-18T15:33:10-04:00");
insert into PERSON_2(PID, WC, TG, HDL, BP, GLC) values("DMO69425", "79.8", "130.3", "33.7", "151/97", "91.6");
insert into PERSON_3(PID, TYPE_ID, IDENTITY_ID) values("DMO69425", "1", "001674218");
insert into ENCOUNTER(PID, ADMSN_TIME, CONTACT_DATE) values("DMO69425", "2014-03-19T19:48:18-04:00", "2014-03-19");

insert into PERSON(PID, FIRST_NAME, LAST_NAME, SEX, BIRTH_DATE, DEATH_DATE, REG_DATE) values("DMO79769", "Layla", "Nelson", "F", "2010-08-22T01:10:45-04:00", null, "2014-03-25T04:53:13-04:00");
insert into PERSON_2(PID, WC, TG, HDL, BP, GLC) values("DMO79769", "87.7", "164.8", "33.9", "108/93", "93.2");
insert into PERSON_3(PID, TYPE_ID, IDENTITY_ID) values("DMO79769", "1", "008472272");
insert into ENCOUNTER(PID, ADMSN_TIME, CONTACT_DATE) values("DMO79769", "2014-03-27T04:54:46-04:00", "2014-03-27");

insert into PERSON(PID, FIRST_NAME, LAST_NAME, SEX, BIRTH_DATE, DEATH_DATE, REG_DATE) values("DMO97293", "Tristan", "Evans", "M", "1933-01-05T06:01:33-04:00", null, "2014-05-13T03:40:46-04:00");
insert into PERSON_2(PID, WC, TG, HDL, BP, GLC) values("DMO97293", "119.0", "176.6", "39.8", "139/79", null);
insert into PERSON_3(PID, TYPE_ID, IDENTITY_ID) values("DMO97293", "1", "001621199");
insert into ENCOUNTER(PID, ADMSN_TIME, CONTACT_DATE) values("DMO97293", "2014-05-13T02:01:05-04:00", "2014-05-13");

insert into PERSON(PID, FIRST_NAME, LAST_NAME, SEX, BIRTH_DATE, DEATH_DATE, REG_DATE) values("DMO44717", "Jocelyn", "Howard", "F", "1985-10-02T14:26:42-04:00", null, "2014-10-30T15:21:59-04:00");
insert into PERSON_2(PID, WC, TG, HDL, BP, GLC) values("DMO44717", "80.6", "125.4", "36.0", "122/89", "102.9");
insert into PERSON_3(PID, TYPE_ID, IDENTITY_ID) values("DMO44717", "1", "001664093");
insert into ENCOUNTER(PID, ADMSN_TIME, CONTACT_DATE) values("DMO44717", "2014-10-30T11:34:17-04:00", "2014-10-30");

insert into PERSON(PID, FIRST_NAME, LAST_NAME, SEX, BIRTH_DATE, DEATH_DATE, REG_DATE) values("DMO70411", "Gabriella", "Collins", "F", "1995-10-30T17:03:27-04:00", "2010-06-04T07:15:39-04:00", "2014-03-14T17:27:09-04:00");
insert into PERSON_2(PID, WC, TG, HDL, BP, GLC) values("DMO70411", "98.8", "135.3", "38.6", "111/68", "119.3");
insert into PERSON_3(PID, TYPE_ID, IDENTITY_ID) values("DMO70411", "1", "000970309");
insert into ENCOUNTER(PID, ADMSN_TIME, CONTACT_DATE) values("DMO70411", "2014-03-14T11:22:18-04:00", "2014-03-14");

insert into PERSON(PID, FIRST_NAME, LAST_NAME, SEX, BIRTH_DATE, DEATH_DATE, REG_DATE) values("DMO88879", "Noah", "Parker", "M", "1963-02-26T10:04:37-04:00", null, "2014-03-02T02:09:28-04:00");
insert into PERSON_2(PID, WC, TG, HDL, BP, GLC) values("DMO88879", "99.3", null, "41.6", "139/96", "113.7");
insert into PERSON_3(PID, TYPE_ID, IDENTITY_ID) values("DMO88879", "1", "007127274");
insert into ENCOUNTER(PID, ADMSN_TIME, CONTACT_DATE) values("DMO88879", "2014-03-02T06:59:58-04:00", "2014-03-02");

insert into PERSON(PID, FIRST_NAME, LAST_NAME, SEX, BIRTH_DATE, DEATH_DATE, REG_DATE) values("DMO49968", "Damian", "Campbell", "M", "1959-06-21T15:06:22-04:00", null, "2014-11-19T03:11:06-04:00");
insert into PERSON_2(PID, WC, TG, HDL, BP, GLC) values("DMO49968", "112.1", "122.1", "40.3", "111/86", "81.9");
insert into PERSON_3(PID, TYPE_ID, IDENTITY_ID) values("DMO49968", "1", "008177055");
insert into ENCOUNTER(PID, ADMSN_TIME, CONTACT_DATE) values("DMO49968", "2014-11-20T16:14:42-04:00", "2014-11-20");

insert into PERSON(PID, FIRST_NAME, LAST_NAME, SEX, BIRTH_DATE, DEATH_DATE, REG_DATE) values("DMO34428", "Riley", "Hughes", "F", "1979-09-15T17:55:18-04:00", null, "2014-11-15T09:19:23-04:00");
insert into PERSON_2(PID, WC, TG, HDL, BP, GLC) values("DMO34428", "112.4", "132.8", "37.8", "119/65", null);
insert into PERSON_3(PID, TYPE_ID, IDENTITY_ID) values("DMO34428", "1", "004378248");
insert into ENCOUNTER(PID, ADMSN_TIME, CONTACT_DATE) values("DMO34428", "2014-11-17T20:25:29-04:00", "2014-11-17");

insert into PERSON(PID, FIRST_NAME, LAST_NAME, SEX, BIRTH_DATE, DEATH_DATE, REG_DATE) values("DMO35118", "Owen", "Brown", "M", "2011-06-13T18:23:34-04:00", null, "2014-05-29T22:31:44-04:00");
insert into PERSON_2(PID, WC, TG, HDL, BP, GLC) values("DMO35118", "85.5", "134.7", "41.1", "125/78", "85.6");
insert into PERSON_3(PID, TYPE_ID, IDENTITY_ID) values("DMO35118", "1", "006190561");
insert into ENCOUNTER(PID, ADMSN_TIME, CONTACT_DATE) values("DMO35118", "2014-05-31T15:56:07-04:00", "2014-05-31");

insert into PERSON(PID, FIRST_NAME, LAST_NAME, SEX, BIRTH_DATE, DEATH_DATE, REG_DATE) values("DMO22368", "Alexis", "Collins", "F", "1937-11-14T16:57:43-04:00", null, "2014-07-16T10:47:21-04:00");
insert into PERSON_2(PID, WC, TG, HDL, BP, GLC) values("DMO22368", null, "160.9", "35.5", "143/93", "92.9");
insert into PERSON_3(PID, TYPE_ID, IDENTITY_ID) values("DMO22368", "1", "008032537");
insert into ENCOUNTER(PID, ADMSN_TIME, CONTACT_DATE) values("DMO22368", "2014-07-16T21:49:05-04:00", "2014-07-16");

insert into PERSON(PID, FIRST_NAME, LAST_NAME, SEX, BIRTH_DATE, DEATH_DATE, REG_DATE) values("DMO03270", "Madison", "Thomas", "F", "1997-12-16T17:28:33-04:00", null, "2014-07-08T21:38:38-04:00");
insert into PERSON_2(PID, WC, TG, HDL, BP, GLC) values("DMO03270", "98.7", "156.9", "35.7", "111/68", null);
insert into PERSON_3(PID, TYPE_ID, IDENTITY_ID) values("DMO03270", "1", "008052283");
insert into ENCOUNTER(PID, ADMSN_TIME, CONTACT_DATE) values("DMO03270", "2014-07-08T06:59:16-04:00", "2014-07-08");

insert into PERSON(PID, FIRST_NAME, LAST_NAME, SEX, BIRTH_DATE, DEATH_DATE, REG_DATE) values("DMO16750", "Alexandra", "Scott", "F", "1987-09-02T03:24:43-04:00", null, "2014-09-01T17:14:39-04:00");
insert into PERSON_2(PID, WC, TG, HDL, BP, GLC) values("DMO16750", "89.8", "136.5", "34.9", "135/88", "115.5");
insert into PERSON_3(PID, TYPE_ID, IDENTITY_ID) values("DMO16750", "1", "008921978");
insert into ENCOUNTER(PID, ADMSN_TIME, CONTACT_DATE) values("DMO16750", "2014-09-03T15:53:02-04:00", "2014-09-03");

insert into PERSON(PID, FIRST_NAME, LAST_NAME, SEX, BIRTH_DATE, DEATH_DATE, REG_DATE) values("DMO39648", "Riley", "Carter", "F", "1930-11-10T03:12:20-04:00", null, "2014-09-21T04:44:58-04:00");
insert into PERSON_2(PID, WC, TG, HDL, BP, GLC) values("DMO39648", "87.1", "158.9", "34.1", "118/102", null);
insert into PERSON_3(PID, TYPE_ID, IDENTITY_ID) values("DMO39648", "1", "008939859");
insert into ENCOUNTER(PID, ADMSN_TIME, CONTACT_DATE) values("DMO39648", "2014-09-23T03:45:32-04:00", "2014-09-23");

insert into PERSON(PID, FIRST_NAME, LAST_NAME, SEX, BIRTH_DATE, DEATH_DATE, REG_DATE) values("DMO73425", "Amelia", "Hernandez", "F", "1980-02-15T17:20:20-04:00", null, "2014-04-24T00:56:21-04:00");
insert into PERSON_2(PID, WC, TG, HDL, BP, GLC) values("DMO73425", "80.1", null, "33.3", "134/82", "83.6");
insert into PERSON_3(PID, TYPE_ID, IDENTITY_ID) values("DMO73425", "1", "007584543");
insert into ENCOUNTER(PID, ADMSN_TIME, CONTACT_DATE) values("DMO73425", "2014-04-25T07:06:04-04:00", "2014-04-25");

insert into PERSON(PID, FIRST_NAME, LAST_NAME, SEX, BIRTH_DATE, DEATH_DATE, REG_DATE) values("DMO07931", "Emily", "Henderson", "F", "1951-07-23T19:11:19-04:00", null, "2014-08-23T09:40:19-04:00");
insert into PERSON_2(PID, WC, TG, HDL, BP, GLC) values("DMO07931", "115.3", "144.4", "45.9", "121/89", "94.3");
insert into PERSON_3(PID, TYPE_ID, IDENTITY_ID) values("DMO07931", "1", "008312712");
insert into ENCOUNTER(PID, ADMSN_TIME, CONTACT_DATE) values("DMO07931", "2014-08-25T13:09:47-04:00", "2014-08-25");

insert into PERSON(PID, FIRST_NAME, LAST_NAME, SEX, BIRTH_DATE, DEATH_DATE, REG_DATE) values("DMO21535", "Cooper", "Baker", "M", "1979-05-08T16:34:42-04:00", null, "2014-04-23T09:01:17-04:00");
insert into PERSON_2(PID, WC, TG, HDL, BP, GLC) values("DMO21535", "116.9", "132.7", "49.3", "115/74", "115.3");
insert into PERSON_3(PID, TYPE_ID, IDENTITY_ID) values("DMO21535", "1", "009380509");
insert into ENCOUNTER(PID, ADMSN_TIME, CONTACT_DATE) values("DMO21535", "2014-04-25T08:49:52-04:00", "2014-04-25");

insert into PERSON(PID, FIRST_NAME, LAST_NAME, SEX, BIRTH_DATE, DEATH_DATE, REG_DATE) values("DMO68676", "Emily", "Hernandez", "F", "1936-01-04T13:19:09-04:00", "1985-02-08T01:46:36-04:00", "2014-05-27T04:55:06-04:00");
insert into PERSON_2(PID, WC, TG, HDL, BP, GLC) values("DMO68676", "83.7", "152.6", "42.4", "154/102", "90.6");
insert into PERSON_3(PID, TYPE_ID, IDENTITY_ID) values("DMO68676", "1", "000270093");
insert into ENCOUNTER(PID, ADMSN_TIME, CONTACT_DATE) values("DMO68676", "2014-05-28T16:12:20-04:00", "2014-05-28");

insert into PERSON(PID, FIRST_NAME, LAST_NAME, SEX, BIRTH_DATE, DEATH_DATE, REG_DATE) values("DMO08391", "Matthew", "Clark", "M", "1978-09-09T02:20:06-04:00", null, "2014-06-02T07:56:58-04:00");
insert into PERSON_2(PID, WC, TG, HDL, BP, GLC) values("DMO08391", "78.8", "128.7", "39.5", "152/84", "94.9");
insert into PERSON_3(PID, TYPE_ID, IDENTITY_ID) values("DMO08391", "1", "008080861");
insert into ENCOUNTER(PID, ADMSN_TIME, CONTACT_DATE) values("DMO08391", "2014-06-03T07:50:15-04:00", "2014-06-03");

insert into PERSON(PID, FIRST_NAME, LAST_NAME, SEX, BIRTH_DATE, DEATH_DATE, REG_DATE) values("DMO00012", "Kevin", "Perry", "M", "2003-10-13T16:51:41-04:00", null, "2014-02-19T05:13:32-04:00");
insert into PERSON_2(PID, WC, TG, HDL, BP, GLC) values("DMO00012", "99.5", "138.5", "44.7", "143/90", "116.6");
insert into PERSON_3(PID, TYPE_ID, IDENTITY_ID) values("DMO00012", "1", "001461707");
insert into ENCOUNTER(PID, ADMSN_TIME, CONTACT_DATE) values("DMO00012", "2014-02-19T23:07:36-04:00", "2014-02-19");

insert into PERSON(PID, FIRST_NAME, LAST_NAME, SEX, BIRTH_DATE, DEATH_DATE, REG_DATE) values("DMO44539", "Zoe", "Evans", "F", "1944-04-04T21:14:45-04:00", null, "2014-06-24T17:56:13-04:00");
insert into PERSON_2(PID, WC, TG, HDL, BP, GLC) values("DMO44539", "94.8", "169.7", "33.4", null, "92.6");
insert into PERSON_3(PID, TYPE_ID, IDENTITY_ID) values("DMO44539", "1", "002283542");
insert into ENCOUNTER(PID, ADMSN_TIME, CONTACT_DATE) values("DMO44539", "2014-06-25T04:55:15-04:00", "2014-06-25");

insert into PERSON(PID, FIRST_NAME, LAST_NAME, SEX, BIRTH_DATE, DEATH_DATE, REG_DATE) values("DMO74413", "Ruby", "Moore", "F", "1954-12-03T13:24:02-04:00", null, "2014-04-16T13:49:08-04:00");
insert into PERSON_2(PID, WC, TG, HDL, BP, GLC) values("DMO74413", "124.6", "142.6", "31.4", "118/93", "96.7");
insert into PERSON_3(PID, TYPE_ID, IDENTITY_ID) values("DMO74413", "1", "005631299");
insert into ENCOUNTER(PID, ADMSN_TIME, CONTACT_DATE) values("DMO74413", "2014-04-17T23:11:54-04:00", "2014-04-17");

insert into PERSON(PID, FIRST_NAME, LAST_NAME, SEX, BIRTH_DATE, DEATH_DATE, REG_DATE) values("DMO97073", "Leah", "Murphy", "F", "2009-03-10T15:55:30-04:00", null, "2014-09-22T02:44:26-04:00");
insert into PERSON_2(PID, WC, TG, HDL, BP, GLC) values("DMO97073", "95.8", "164.3", "47.6", "120/102", "114.0");
insert into PERSON_3(PID, TYPE_ID, IDENTITY_ID) values("DMO97073", "1", "000838942");
insert into ENCOUNTER(PID, ADMSN_TIME, CONTACT_DATE) values("DMO97073", "2014-09-23T13:10:45-04:00", "2014-09-23");

insert into PERSON(PID, FIRST_NAME, LAST_NAME, SEX, BIRTH_DATE, DEATH_DATE, REG_DATE) values("DMO48257", "Oliver", "Martinez", "M", null, null, "2014-12-23T23:37:37-04:00");
insert into PERSON_2(PID, WC, TG, HDL, BP, GLC) values("DMO48257", "90.6", null, "47.2", "128/72", "92.8");
insert into PERSON_3(PID, TYPE_ID, IDENTITY_ID) values("DMO48257", "1", "002539163");
insert into ENCOUNTER(PID, ADMSN_TIME, CONTACT_DATE) values("DMO48257", "2014-12-25T05:48:07-04:00", "2014-12-25");

insert into PERSON(PID, FIRST_NAME, LAST_NAME, SEX, BIRTH_DATE, DEATH_DATE, REG_DATE) values("DMO89311", "Sophie", "Ross", "F", "1938-08-01T23:04:17-04:00", null, "2014-02-12T16:21:42-04:00");
insert into PERSON_2(PID, WC, TG, HDL, BP, GLC) values("DMO89311", "116.2", "171.5", "30.4", "114/87", "98.9");
insert into PERSON_3(PID, TYPE_ID, IDENTITY_ID) values("DMO89311", "1", "007665095");
insert into ENCOUNTER(PID, ADMSN_TIME, CONTACT_DATE) values("DMO89311", "2014-02-14T06:34:29-04:00", "2014-02-14");

insert into PERSON(PID, FIRST_NAME, LAST_NAME, SEX, BIRTH_DATE, DEATH_DATE, REG_DATE) values("DMO50726", "Riley", "Butler", "F", "1999-04-12T02:00:00-04:00", null, "2014-09-03T22:57:17-04:00");
insert into PERSON_2(PID, WC, TG, HDL, BP, GLC) values("DMO50726", "77.7", "178.1", "47.3", "138/78", "104.5");
insert into PERSON_3(PID, TYPE_ID, IDENTITY_ID) values("DMO50726", "1", "006742637");
insert into ENCOUNTER(PID, ADMSN_TIME, CONTACT_DATE) values("DMO50726", "2014-09-04T00:56:27-04:00", "2014-09-04");

insert into PERSON(PID, FIRST_NAME, LAST_NAME, SEX, BIRTH_DATE, DEATH_DATE, REG_DATE) values("DMO41370", "Isabella", "Long", "F", "1946-02-23T09:23:32-04:00", null, "2014-01-26T01:08:34-04:00");
insert into PERSON_2(PID, WC, TG, HDL, BP, GLC) values("DMO41370", "119.8", "135.1", "37.9", "140/92", "109.1");
insert into PERSON_3(PID, TYPE_ID, IDENTITY_ID) values("DMO41370", "1", "009179591");
insert into ENCOUNTER(PID, ADMSN_TIME, CONTACT_DATE) values("DMO41370", "2014-01-26T01:45:54-04:00", "2014-01-26");

insert into PERSON(PID, FIRST_NAME, LAST_NAME, SEX, BIRTH_DATE, DEATH_DATE, REG_DATE) values("DMO00443", "Samuel", "Evans", "M", "1939-08-16T10:04:16-04:00", null, "2014-09-21T17:26:24-04:00");
insert into PERSON_2(PID, WC, TG, HDL, BP, GLC) values("DMO00443", "111.3", "166.0", "39.8", "106/74", "80.4");
insert into PERSON_3(PID, TYPE_ID, IDENTITY_ID) values("DMO00443", "1", "004946810");
insert into ENCOUNTER(PID, ADMSN_TIME, CONTACT_DATE) values("DMO00443", "2014-09-22T05:51:45-04:00", "2014-09-22");

insert into PERSON(PID, FIRST_NAME, LAST_NAME, SEX, BIRTH_DATE, DEATH_DATE, REG_DATE) values("DMO61099", "Hannah", "Washington", "F", "1957-09-05T10:33:50-04:00", null, "2014-07-07T02:29:05-04:00");
insert into PERSON_2(PID, WC, TG, HDL, BP, GLC) values("DMO61099", "85.2", "165.0", null, "129/66", "114.4");
insert into PERSON_3(PID, TYPE_ID, IDENTITY_ID) values("DMO61099", "1", "002726091");
insert into ENCOUNTER(PID, ADMSN_TIME, CONTACT_DATE) values("DMO61099", "2014-07-08T09:07:34-04:00", "2014-07-08");

insert into PERSON(PID, FIRST_NAME, LAST_NAME, SEX, BIRTH_DATE, DEATH_DATE, REG_DATE) values("DMO63131", "Sadie", "Long", "F", "1970-12-10T21:17:25-04:00", null, "2014-05-03T08:29:18-04:00");
insert into PERSON_2(PID, WC, TG, HDL, BP, GLC) values("DMO63131", "123.6", "142.8", "41.7", "151/65", "95.0");
insert into PERSON_3(PID, TYPE_ID, IDENTITY_ID) values("DMO63131", "1", "007760594");
insert into ENCOUNTER(PID, ADMSN_TIME, CONTACT_DATE) values("DMO63131", "2014-05-04T22:37:36-04:00", "2014-05-04");

insert into PERSON(PID, FIRST_NAME, LAST_NAME, SEX, BIRTH_DATE, DEATH_DATE, REG_DATE) values("DMO31466", "Tristan", "Wood", "M", "2010-11-27T18:44:24-04:00", null, "2014-11-12T14:43:14-04:00");
insert into PERSON_2(PID, WC, TG, HDL, BP, GLC) values("DMO31466", "82.1", "165.8", "44.1", "135/83", "102.8");
insert into PERSON_3(PID, TYPE_ID, IDENTITY_ID) values("DMO31466", "1", "005873516");
insert into ENCOUNTER(PID, ADMSN_TIME, CONTACT_DATE) values("DMO31466", "2014-11-13T10:59:51-04:00", "2014-11-13");

insert into PERSON(PID, FIRST_NAME, LAST_NAME, SEX, BIRTH_DATE, DEATH_DATE, REG_DATE) values("DMO44166", "Robert", "Alexander", "M", "1983-04-05T10:47:47-04:00", null, "2014-02-06T01:07:42-04:00");
insert into PERSON_2(PID, WC, TG, HDL, BP, GLC) values("DMO44166", "81.7", null, "43.7", "105/94", "90.3");
insert into PERSON_3(PID, TYPE_ID, IDENTITY_ID) values("DMO44166", "1", "006851302");
insert into ENCOUNTER(PID, ADMSN_TIME, CONTACT_DATE) values("DMO44166", "2014-02-08T02:29:39-04:00", "2014-02-08");

insert into PERSON(PID, FIRST_NAME, LAST_NAME, SEX, BIRTH_DATE, DEATH_DATE, REG_DATE) values("DMO85945", "Charlotte", "Cox", "F", "1939-08-02T02:12:51-04:00", null, "2014-04-13T09:36:57-04:00");
insert into PERSON_2(PID, WC, TG, HDL, BP, GLC) values("DMO85945", "123.1", "129.9", "39.9", "143/90", "84.0");
insert into PERSON_3(PID, TYPE_ID, IDENTITY_ID) values("DMO85945", "1", "008654713");
insert into ENCOUNTER(PID, ADMSN_TIME, CONTACT_DATE) values("DMO85945", "2014-04-14T09:43:50-04:00", "2014-04-14");

insert into PERSON(PID, FIRST_NAME, LAST_NAME, SEX, BIRTH_DATE, DEATH_DATE, REG_DATE) values("DMO12161", "Khloe", "Foster", "F", "1937-05-24T04:54:31-04:00", null, "2014-03-21T04:10:31-04:00");
insert into PERSON_2(PID, WC, TG, HDL, BP, GLC) values("DMO12161", null, "143.8", null, "107/104", "115.9");
insert into PERSON_3(PID, TYPE_ID, IDENTITY_ID) values("DMO12161", "1", "008390546");
insert into ENCOUNTER(PID, ADMSN_TIME, CONTACT_DATE) values("DMO12161", "2014-03-22T22:28:43-04:00", "2014-03-22");

insert into PERSON(PID, FIRST_NAME, LAST_NAME, SEX, BIRTH_DATE, DEATH_DATE, REG_DATE) values("DMO17537", "Julia", "Alexander", "F", null, null, "2014-03-20T05:46:57-04:00");
insert into PERSON_2(PID, WC, TG, HDL, BP, GLC) values("DMO17537", "95.0", "134.3", "43.8", "139/68", "111.6");
insert into PERSON_3(PID, TYPE_ID, IDENTITY_ID) values("DMO17537", "1", "003615378");
insert into ENCOUNTER(PID, ADMSN_TIME, CONTACT_DATE) values("DMO17537", "2014-03-20T06:21:34-04:00", "2014-03-20");

insert into PERSON(PID, FIRST_NAME, LAST_NAME, SEX, BIRTH_DATE, DEATH_DATE, REG_DATE) values("DMO92162", "Jocelyn", "Edwards", "F", "1965-04-13T15:19:40-04:00", null, "2014-07-15T02:02:27-04:00");
insert into PERSON_2(PID, WC, TG, HDL, BP, GLC) values("DMO92162", "88.0", "172.1", "40.6", "132/69", "109.4");
insert into PERSON_3(PID, TYPE_ID, IDENTITY_ID) values("DMO92162", "1", "001336984");
insert into ENCOUNTER(PID, ADMSN_TIME, CONTACT_DATE) values("DMO92162", "2014-07-17T05:31:16-04:00", "2014-07-17");

insert into PERSON(PID, FIRST_NAME, LAST_NAME, SEX, BIRTH_DATE, DEATH_DATE, REG_DATE) values("DMO54700", "Julia", "Collins", "F", "1991-05-20T12:05:46-04:00", null, "2014-06-13T10:54:34-04:00");
insert into PERSON_2(PID, WC, TG, HDL, BP, GLC) values("DMO54700", "84.9", "136.3", "37.8", "111/85", "88.2");
insert into PERSON_3(PID, TYPE_ID, IDENTITY_ID) values("DMO54700", "1", "009654992");
insert into ENCOUNTER(PID, ADMSN_TIME, CONTACT_DATE) values("DMO54700", "2014-06-15T15:04:10-04:00", "2014-06-15");

insert into PERSON(PID, FIRST_NAME, LAST_NAME, SEX, BIRTH_DATE, DEATH_DATE, REG_DATE) values("DMO15980", "Nicholas", "Coleman", "M", null, null, "2014-02-12T01:51:37-04:00");
insert into PERSON_2(PID, WC, TG, HDL, BP, GLC) values("DMO15980", "119.9", "176.2", "49.4", "154/102", "83.8");
insert into PERSON_3(PID, TYPE_ID, IDENTITY_ID) values("DMO15980", "1", "006089969");
insert into ENCOUNTER(PID, ADMSN_TIME, CONTACT_DATE) values("DMO15980", "2014-02-14T18:51:35-04:00", "2014-02-14");

insert into PERSON(PID, FIRST_NAME, LAST_NAME, SEX, BIRTH_DATE, DEATH_DATE, REG_DATE) values("DMO14707", "Benjamin", "Taylor", "M", "1939-06-22T00:20:34-04:00", "1984-09-04T09:47:47-04:00", "2014-09-07T02:49:56-04:00");
insert into PERSON_2(PID, WC, TG, HDL, BP, GLC) values("DMO14707", "87.6", "162.0", "40.8", "131/82", "100.8");
insert into PERSON_3(PID, TYPE_ID, IDENTITY_ID) values("DMO14707", "1", "006683844");
insert into ENCOUNTER(PID, ADMSN_TIME, CONTACT_DATE) values("DMO14707", "2014-09-08T04:15:56-04:00", "2014-09-08");

insert into PERSON(PID, FIRST_NAME, LAST_NAME, SEX, BIRTH_DATE, DEATH_DATE, REG_DATE) values("DMO52083", "Serenity", "King", "F", "2001-02-02T12:07:47-04:00", null, "2014-07-25T03:57:54-04:00");
insert into PERSON_2(PID, WC, TG, HDL, BP, GLC) values("DMO52083", "80.5", "163.9", "48.1", "144/87", "85.5");
insert into PERSON_3(PID, TYPE_ID, IDENTITY_ID) values("DMO52083", "1", "002863228");
insert into ENCOUNTER(PID, ADMSN_TIME, CONTACT_DATE) values("DMO52083", "2014-07-27T19:41:50-04:00", "2014-07-27");

insert into PERSON(PID, FIRST_NAME, LAST_NAME, SEX, BIRTH_DATE, DEATH_DATE, REG_DATE) values("DMO55769", "Faith", "Ross", "F", "1948-08-05T09:31:57-04:00", null, "2014-05-08T14:01:02-04:00");
insert into PERSON_2(PID, WC, TG, HDL, BP, GLC) values("DMO55769", "119.7", "178.8", "33.3", "146/86", "103.4");
insert into PERSON_3(PID, TYPE_ID, IDENTITY_ID) values("DMO55769", "1", "008364286");
insert into ENCOUNTER(PID, ADMSN_TIME, CONTACT_DATE) values("DMO55769", "2014-05-09T08:55:01-04:00", "2014-05-09");

insert into PERSON(PID, FIRST_NAME, LAST_NAME, SEX, BIRTH_DATE, DEATH_DATE, REG_DATE) values("DMO86709", "Caroline", "Murphy", "F", "2001-08-20T20:30:19-04:00", null, "2014-05-04T18:42:41-04:00");
insert into PERSON_2(PID, WC, TG, HDL, BP, GLC) values("DMO86709", "122.9", "120.0", "38.8", "147/66", "119.7");
insert into PERSON_3(PID, TYPE_ID, IDENTITY_ID) values("DMO86709", "1", "003545737");
insert into ENCOUNTER(PID, ADMSN_TIME, CONTACT_DATE) values("DMO86709", "2014-05-04T12:16:14-04:00", "2014-05-04");

insert into PERSON(PID, FIRST_NAME, LAST_NAME, SEX, BIRTH_DATE, DEATH_DATE, REG_DATE) values("DMO82662", "Ashley", "Powell", "F", "1993-10-19T10:36:16-04:00", null, "2014-09-14T07:41:36-04:00");
insert into PERSON_2(PID, WC, TG, HDL, BP, GLC) values("DMO82662", "111.3", "127.9", "32.3", "145/70", "117.4");
insert into PERSON_3(PID, TYPE_ID, IDENTITY_ID) values("DMO82662", "1", "003781836");
insert into ENCOUNTER(PID, ADMSN_TIME, CONTACT_DATE) values("DMO82662", "2014-09-15T17:28:18-04:00", "2014-09-15");

insert into PERSON(PID, FIRST_NAME, LAST_NAME, SEX, BIRTH_DATE, DEATH_DATE, REG_DATE) values("DMO29556", "Joshua", "Parker", "M", "2000-07-17T13:37:36-04:00", null, "2014-11-17T01:37:39-04:00");
insert into PERSON_2(PID, WC, TG, HDL, BP, GLC) values("DMO29556", "106.7", "164.4", null, "149/88", "82.2");
insert into PERSON_3(PID, TYPE_ID, IDENTITY_ID) values("DMO29556", "1", "003794750");
insert into ENCOUNTER(PID, ADMSN_TIME, CONTACT_DATE) values("DMO29556", "2014-11-17T17:22:27-04:00", "2014-11-17");

insert into PERSON(PID, FIRST_NAME, LAST_NAME, SEX, BIRTH_DATE, DEATH_DATE, REG_DATE) values("DMO71420", "James", "Smith", "M", "1997-03-07T06:33:02-04:00", null, "2014-01-04T06:45:29-04:00");
insert into PERSON_2(PID, WC, TG, HDL, BP, GLC) values("DMO71420", "116.0", "130.1", "43.3", "146/77", "94.6");
insert into PERSON_3(PID, TYPE_ID, IDENTITY_ID) values("DMO71420", "1", "008869535");
insert into ENCOUNTER(PID, ADMSN_TIME, CONTACT_DATE) values("DMO71420", "2014-01-06T19:36:53-04:00", "2014-01-06");

insert into PERSON(PID, FIRST_NAME, LAST_NAME, SEX, BIRTH_DATE, DEATH_DATE, REG_DATE) values("DMO38465", "Jaxson", "Simmons", "M", "2005-12-30T19:20:54-04:00", "2013-11-15T02:57:29-04:00", "2014-04-07T01:39:45-04:00");
insert into PERSON_2(PID, WC, TG, HDL, BP, GLC) values("DMO38465", "101.8", "123.1", "41.3", "151/67", "93.9");
insert into PERSON_3(PID, TYPE_ID, IDENTITY_ID) values("DMO38465", "1", "007876494");
insert into ENCOUNTER(PID, ADMSN_TIME, CONTACT_DATE) values("DMO38465", "2014-04-07T07:43:23-04:00", "2014-04-07");

insert into PERSON(PID, FIRST_NAME, LAST_NAME, SEX, BIRTH_DATE, DEATH_DATE, REG_DATE) values("DMO59084", "Anthony", "Jackson", "M", "1970-05-31T02:25:09-04:00", null, "2014-09-04T16:43:10-04:00");
insert into PERSON_2(PID, WC, TG, HDL, BP, GLC) values("DMO59084", "90.7", "157.2", "39.1", "106/77", "82.6");
insert into PERSON_3(PID, TYPE_ID, IDENTITY_ID) values("DMO59084", "1", "009048533");
insert into ENCOUNTER(PID, ADMSN_TIME, CONTACT_DATE) values("DMO59084", "2014-09-06T08:29:49-04:00", "2014-09-06");

insert into PERSON(PID, FIRST_NAME, LAST_NAME, SEX, BIRTH_DATE, DEATH_DATE, REG_DATE) values("DMO10122", "Ian", "Morgan", "M", "2005-07-28T01:25:58-04:00", null, "2014-06-10T23:39:03-04:00");
insert into PERSON_2(PID, WC, TG, HDL, BP, GLC) values("DMO10122", "105.6", "154.0", "44.7", "144/102", "80.8");
insert into PERSON_3(PID, TYPE_ID, IDENTITY_ID) values("DMO10122", "1", "006418153");
insert into ENCOUNTER(PID, ADMSN_TIME, CONTACT_DATE) values("DMO10122", "2014-06-11T12:05:44-04:00", "2014-06-11");

insert into PERSON(PID, FIRST_NAME, LAST_NAME, SEX, BIRTH_DATE, DEATH_DATE, REG_DATE) values("DMO65746", "Jonathan", "Kelly", "M", "1990-01-05T20:09:40-04:00", null, "2014-05-12T11:33:31-04:00");
insert into PERSON_2(PID, WC, TG, HDL, BP, GLC) values("DMO65746", "79.3", null, "48.4", "128/103", "114.1");
insert into PERSON_3(PID, TYPE_ID, IDENTITY_ID) values("DMO65746", "1", "001465014");
insert into ENCOUNTER(PID, ADMSN_TIME, CONTACT_DATE) values("DMO65746", "2014-05-14T03:40:20-04:00", "2014-05-14");

insert into PERSON(PID, FIRST_NAME, LAST_NAME, SEX, BIRTH_DATE, DEATH_DATE, REG_DATE) values("DMO66135", "Riley", "Murphy", "F", "2005-09-06T01:42:08-04:00", null, "2014-08-01T06:22:00-04:00");
insert into PERSON_2(PID, WC, TG, HDL, BP, GLC) values("DMO66135", "118.0", "161.4", "41.0", "110/84", "102.4");
insert into PERSON_3(PID, TYPE_ID, IDENTITY_ID) values("DMO66135", "1", "004750080");
insert into ENCOUNTER(PID, ADMSN_TIME, CONTACT_DATE) values("DMO66135", "2014-08-03T10:15:06-04:00", "2014-08-03");

insert into PERSON(PID, FIRST_NAME, LAST_NAME, SEX, BIRTH_DATE, DEATH_DATE, REG_DATE) values("DMO84245", "Jose", "Price", "M", "1995-05-24T12:30:01-04:00", null, "2014-11-06T08:49:23-04:00");
insert into PERSON_2(PID, WC, TG, HDL, BP, GLC) values("DMO84245", "88.2", "140.8", "33.1", "135/82", "114.9");
insert into PERSON_3(PID, TYPE_ID, IDENTITY_ID) values("DMO84245", "1", "005762517");
insert into ENCOUNTER(PID, ADMSN_TIME, CONTACT_DATE) values("DMO84245", "2014-11-08T19:30:32-04:00", "2014-11-08");

insert into PERSON(PID, FIRST_NAME, LAST_NAME, SEX, BIRTH_DATE, DEATH_DATE, REG_DATE) values("DMO56145", "Brody", "Richardson", "M", "1949-05-24T19:38:21-04:00", null, "2014-05-15T04:09:19-04:00");
insert into PERSON_2(PID, WC, TG, HDL, BP, GLC) values("DMO56145", "120.8", "175.0", "31.1", "152/73", null);
insert into PERSON_3(PID, TYPE_ID, IDENTITY_ID) values("DMO56145", "1", "002187123");
insert into ENCOUNTER(PID, ADMSN_TIME, CONTACT_DATE) values("DMO56145", "2014-05-15T18:58:31-04:00", "2014-05-15");

insert into PERSON(PID, FIRST_NAME, LAST_NAME, SEX, BIRTH_DATE, DEATH_DATE, REG_DATE) values("DMO46235", "Xavier", "Hill", "M", "1977-08-04T04:23:00-04:00", null, "2014-04-20T03:47:35-04:00");
insert into PERSON_2(PID, WC, TG, HDL, BP, GLC) values("DMO46235", "124.9", "175.2", "39.4", "105/72", "96.4");
insert into PERSON_3(PID, TYPE_ID, IDENTITY_ID) values("DMO46235", "1", "003071417");
insert into ENCOUNTER(PID, ADMSN_TIME, CONTACT_DATE) values("DMO46235", "2014-04-22T12:02:50-04:00", "2014-04-22");

insert into PERSON(PID, FIRST_NAME, LAST_NAME, SEX, BIRTH_DATE, DEATH_DATE, REG_DATE) values("DMO76051", "Gabriel", "Roberts", "M", null, null, "2014-02-20T04:12:04-04:00");
insert into PERSON_2(PID, WC, TG, HDL, BP, GLC) values("DMO76051", "104.7", "170.0", null, "125/97", "80.7");
insert into PERSON_3(PID, TYPE_ID, IDENTITY_ID) values("DMO76051", "1", "009863090");
insert into ENCOUNTER(PID, ADMSN_TIME, CONTACT_DATE) values("DMO76051", "2014-02-20T11:59:41-04:00", "2014-02-20");

insert into PERSON(PID, FIRST_NAME, LAST_NAME, SEX, BIRTH_DATE, DEATH_DATE, REG_DATE) values("DMO00278", "Chase", "Lee", "M", "1980-09-21T06:26:50-04:00", null, "2014-09-10T08:35:26-04:00");
insert into PERSON_2(PID, WC, TG, HDL, BP, GLC) values("DMO00278", "118.7", "155.9", "46.6", "110/95", "107.3");
insert into PERSON_3(PID, TYPE_ID, IDENTITY_ID) values("DMO00278", "1", "008713085");
insert into ENCOUNTER(PID, ADMSN_TIME, CONTACT_DATE) values("DMO00278", "2014-09-12T04:27:42-04:00", "2014-09-12");

insert into PERSON(PID, FIRST_NAME, LAST_NAME, SEX, BIRTH_DATE, DEATH_DATE, REG_DATE) values("DMO46994", "Jaxon", "Cox", "M", "1935-07-07T20:31:52-04:00", null, "2014-06-05T09:34:05-04:00");
insert into PERSON_2(PID, WC, TG, HDL, BP, GLC) values("DMO46994", "115.0", "128.8", "44.3", "111/98", "111.2");
insert into PERSON_3(PID, TYPE_ID, IDENTITY_ID) values("DMO46994", "1", "009065835");
insert into ENCOUNTER(PID, ADMSN_TIME, CONTACT_DATE) values("DMO46994", "2014-06-07T21:54:20-04:00", "2014-06-07");

insert into PERSON(PID, FIRST_NAME, LAST_NAME, SEX, BIRTH_DATE, DEATH_DATE, REG_DATE) values("DMO41676", "Sadie", "Evans", "F", "1939-05-29T06:02:12-04:00", null, "2014-04-30T18:09:11-04:00");
insert into PERSON_2(PID, WC, TG, HDL, BP, GLC) values("DMO41676", "77.4", "135.3", "43.7", "107/100", null);
insert into PERSON_3(PID, TYPE_ID, IDENTITY_ID) values("DMO41676", "1", "004815395");
insert into ENCOUNTER(PID, ADMSN_TIME, CONTACT_DATE) values("DMO41676", "2014-05-02T21:43:24-04:00", "2014-05-02");

insert into PERSON(PID, FIRST_NAME, LAST_NAME, SEX, BIRTH_DATE, DEATH_DATE, REG_DATE) values("DMO87864", "Andrew", "Griffin", "M", null, null, "2014-02-09T11:22:43-04:00");
insert into PERSON_2(PID, WC, TG, HDL, BP, GLC) values("DMO87864", "80.3", "151.0", "37.7", "106/74", "90.0");
insert into PERSON_3(PID, TYPE_ID, IDENTITY_ID) values("DMO87864", "1", "007619098");
insert into ENCOUNTER(PID, ADMSN_TIME, CONTACT_DATE) values("DMO87864", "2014-02-11T02:27:22-04:00", "2014-02-11");

insert into PERSON(PID, FIRST_NAME, LAST_NAME, SEX, BIRTH_DATE, DEATH_DATE, REG_DATE) values("DMO77795", "Allison", "Stewart", "F", "2007-11-23T01:08:37-04:00", null, "2014-05-29T22:36:51-04:00");
insert into PERSON_2(PID, WC, TG, HDL, BP, GLC) values("DMO77795", "79.2", "123.5", "35.9", "140/78", "114.8");
insert into PERSON_3(PID, TYPE_ID, IDENTITY_ID) values("DMO77795", "1", "000952883");
insert into ENCOUNTER(PID, ADMSN_TIME, CONTACT_DATE) values("DMO77795", "2014-05-29T15:10:10-04:00", "2014-05-29");

insert into PERSON(PID, FIRST_NAME, LAST_NAME, SEX, BIRTH_DATE, DEATH_DATE, REG_DATE) values("DMO31984", "Adam", "Reed", "M", "1940-10-16T16:15:49-04:00", null, "2014-02-26T18:00:41-04:00");
insert into PERSON_2(PID, WC, TG, HDL, BP, GLC) values("DMO31984", "83.4", "150.2", "42.6", "138/88", "118.6");
insert into PERSON_3(PID, TYPE_ID, IDENTITY_ID) values("DMO31984", "1", "004726652");
insert into ENCOUNTER(PID, ADMSN_TIME, CONTACT_DATE) values("DMO31984", "2014-02-28T17:09:19-04:00", "2014-02-28");

insert into PERSON(PID, FIRST_NAME, LAST_NAME, SEX, BIRTH_DATE, DEATH_DATE, REG_DATE) values("DMO76433", "Cameron", "Reed", "M", "1965-09-02T23:45:33-04:00", null, "2014-03-05T11:31:37-04:00");
insert into PERSON_2(PID, WC, TG, HDL, BP, GLC) values("DMO76433", "111.0", "167.3", "41.9", "129/96", "96.2");
insert into PERSON_3(PID, TYPE_ID, IDENTITY_ID) values("DMO76433", "1", "009031293");
insert into ENCOUNTER(PID, ADMSN_TIME, CONTACT_DATE) values("DMO76433", "2014-03-07T09:48:04-04:00", "2014-03-07");

insert into PERSON(PID, FIRST_NAME, LAST_NAME, SEX, BIRTH_DATE, DEATH_DATE, REG_DATE) values("DMO22338", "Melanie", "Ramirez", "F", "1979-01-10T11:26:58-04:00", null, "2014-02-03T23:49:10-04:00");
insert into PERSON_2(PID, WC, TG, HDL, BP, GLC) values("DMO22338", "99.4", "131.4", "35.0", "148/72", "97.8");
insert into PERSON_3(PID, TYPE_ID, IDENTITY_ID) values("DMO22338", "1", "007042157");
insert into ENCOUNTER(PID, ADMSN_TIME, CONTACT_DATE) values("DMO22338", "2014-02-04T05:59:12-04:00", "2014-02-04");

insert into PERSON(PID, FIRST_NAME, LAST_NAME, SEX, BIRTH_DATE, DEATH_DATE, REG_DATE) values("DMO14429", "Anthony", "Kelly", "M", "2004-06-17T22:03:50-04:00", null, "2014-07-19T18:46:53-04:00");
insert into PERSON_2(PID, WC, TG, HDL, BP, GLC) values("DMO14429", "116.3", "123.5", "37.2", "150/77", null);
insert into PERSON_3(PID, TYPE_ID, IDENTITY_ID) values("DMO14429", "1", "004680510");
insert into ENCOUNTER(PID, ADMSN_TIME, CONTACT_DATE) values("DMO14429", "2014-07-21T16:34:26-04:00", "2014-07-21");

insert into PERSON(PID, FIRST_NAME, LAST_NAME, SEX, BIRTH_DATE, DEATH_DATE, REG_DATE) values("DMO89235", "Thomas", "Perry", "M", "1993-01-26T08:38:15-04:00", null, "2014-02-16T16:26:27-04:00");
insert into PERSON_2(PID, WC, TG, HDL, BP, GLC) values("DMO89235", "93.1", "165.8", "37.6", "121/100", "80.2");
insert into PERSON_3(PID, TYPE_ID, IDENTITY_ID) values("DMO89235", "1", "003721219");
insert into ENCOUNTER(PID, ADMSN_TIME, CONTACT_DATE) values("DMO89235", "2014-02-17T14:49:18-04:00", "2014-02-17");

insert into PERSON(PID, FIRST_NAME, LAST_NAME, SEX, BIRTH_DATE, DEATH_DATE, REG_DATE) values("DMO54351", "Caleb", "Long", "M", "1973-12-16T21:35:33-04:00", null, "2014-05-09T20:28:35-04:00");
insert into PERSON_2(PID, WC, TG, HDL, BP, GLC) values("DMO54351", "122.1", null, "47.6", "126/70", "114.2");
insert into PERSON_3(PID, TYPE_ID, IDENTITY_ID) values("DMO54351", "1", "005708769");
insert into ENCOUNTER(PID, ADMSN_TIME, CONTACT_DATE) values("DMO54351", "2014-05-09T19:56:53-04:00", "2014-05-09");

insert into PERSON(PID, FIRST_NAME, LAST_NAME, SEX, BIRTH_DATE, DEATH_DATE, REG_DATE) values("DMO98643", "Emily", "Cook", "F", "1996-07-07T11:29:15-04:00", null, "2014-09-17T17:59:25-04:00");
insert into PERSON_2(PID, WC, TG, HDL, BP, GLC) values("DMO98643", "109.9", "162.8", "39.6", "148/73", "83.9");
insert into PERSON_3(PID, TYPE_ID, IDENTITY_ID) values("DMO98643", "1", "001167380");
insert into ENCOUNTER(PID, ADMSN_TIME, CONTACT_DATE) values("DMO98643", "2014-09-17T13:07:08-04:00", "2014-09-17");

insert into PERSON(PID, FIRST_NAME, LAST_NAME, SEX, BIRTH_DATE, DEATH_DATE, REG_DATE) values("DMO37003", "Nicole", "Anderson", "F", "1934-03-22T11:04:50-04:00", null, "2014-06-19T23:57:00-04:00");
insert into PERSON_2(PID, WC, TG, HDL, BP, GLC) values("DMO37003", "92.1", "132.8", "40.4", "106/83", "83.9");
insert into PERSON_3(PID, TYPE_ID, IDENTITY_ID) values("DMO37003", "1", "007463154");
insert into ENCOUNTER(PID, ADMSN_TIME, CONTACT_DATE) values("DMO37003", "2014-06-19T05:47:39-04:00", "2014-06-19");

insert into PERSON(PID, FIRST_NAME, LAST_NAME, SEX, BIRTH_DATE, DEATH_DATE, REG_DATE) values("DMO00260", "Liam", "Campbell", "M", "1947-04-22T22:13:10-04:00", "1990-09-20T23:27:26-04:00", "2014-06-18T22:54:00-04:00");
insert into PERSON_2(PID, WC, TG, HDL, BP, GLC) values("DMO00260", "82.2", "169.0", "30.9", "116/95", "80.3");
insert into PERSON_3(PID, TYPE_ID, IDENTITY_ID) values("DMO00260", "1", "008751612");
insert into ENCOUNTER(PID, ADMSN_TIME, CONTACT_DATE) values("DMO00260", "2014-06-20T15:56:44-04:00", "2014-06-20");

insert into PERSON(PID, FIRST_NAME, LAST_NAME, SEX, BIRTH_DATE, DEATH_DATE, REG_DATE) values("DMO22036", "Sadie", "Hayes", "F", "1997-11-26T20:05:45-04:00", null, "2014-02-28T05:58:36-04:00");
insert into PERSON_2(PID, WC, TG, HDL, BP, GLC) values("DMO22036", "110.9", "130.3", "45.7", "141/72", "84.5");
insert into PERSON_3(PID, TYPE_ID, IDENTITY_ID) values("DMO22036", "1", "000190142");
insert into ENCOUNTER(PID, ADMSN_TIME, CONTACT_DATE) values("DMO22036", "2014-03-02T13:56:05-04:00", "2014-03-02");

insert into PERSON(PID, FIRST_NAME, LAST_NAME, SEX, BIRTH_DATE, DEATH_DATE, REG_DATE) values("DMO04439", "Tyler", "Thomas", "M", "1976-09-27T12:33:51-04:00", null, "2014-05-24T08:20:14-04:00");
insert into PERSON_2(PID, WC, TG, HDL, BP, GLC) values("DMO04439", "115.6", "179.1", "42.7", "140/98", "95.5");
insert into PERSON_3(PID, TYPE_ID, IDENTITY_ID) values("DMO04439", "1", "008526818");
insert into ENCOUNTER(PID, ADMSN_TIME, CONTACT_DATE) values("DMO04439", "2014-05-24T13:13:43-04:00", "2014-05-24");

insert into PERSON(PID, FIRST_NAME, LAST_NAME, SEX, BIRTH_DATE, DEATH_DATE, REG_DATE) values("DMO58271", "Zoey", "Simmons", "F", "1939-09-29T16:26:55-04:00", null, "2014-12-24T12:24:47-04:00");
insert into PERSON_2(PID, WC, TG, HDL, BP, GLC) values("DMO58271", "82.1", "170.4", null, "130/71", "102.6");
insert into PERSON_3(PID, TYPE_ID, IDENTITY_ID) values("DMO58271", "1", "005406958");
insert into ENCOUNTER(PID, ADMSN_TIME, CONTACT_DATE) values("DMO58271", "2014-12-24T05:47:30-04:00", "2014-12-24");

insert into PERSON(PID, FIRST_NAME, LAST_NAME, SEX, BIRTH_DATE, DEATH_DATE, REG_DATE) values("DMO97183", "Chloe", "Harris", "F", "1953-06-28T10:33:37-04:00", null, "2014-10-22T15:31:42-04:00");
insert into PERSON_2(PID, WC, TG, HDL, BP, GLC) values("DMO97183", "123.8", "130.4", "31.3", "130/73", "91.1");
insert into PERSON_3(PID, TYPE_ID, IDENTITY_ID) values("DMO97183", "1", "007517185");
insert into ENCOUNTER(PID, ADMSN_TIME, CONTACT_DATE) values("DMO97183", "2014-10-24T02:09:07-04:00", "2014-10-24");

insert into PERSON(PID, FIRST_NAME, LAST_NAME, SEX, BIRTH_DATE, DEATH_DATE, REG_DATE) values("DMO84550", "Brianna", "Moore", "F", "1948-08-08T10:25:51-04:00", null, "2014-02-27T09:31:32-04:00");
insert into PERSON_2(PID, WC, TG, HDL, BP, GLC) values("DMO84550", "80.2", "124.5", null, "114/95", "94.1");
insert into PERSON_3(PID, TYPE_ID, IDENTITY_ID) values("DMO84550", "1", "001408936");
insert into ENCOUNTER(PID, ADMSN_TIME, CONTACT_DATE) values("DMO84550", "2014-02-28T14:37:11-04:00", "2014-02-28");

insert into PERSON(PID, FIRST_NAME, LAST_NAME, SEX, BIRTH_DATE, DEATH_DATE, REG_DATE) values("DMO06022", "Cameron", "Harris", "M", null, null, "2014-05-04T03:42:30-04:00");
insert into PERSON_2(PID, WC, TG, HDL, BP, GLC) values("DMO06022", "111.2", "123.9", "37.2", "121/84", "97.2");
insert into PERSON_3(PID, TYPE_ID, IDENTITY_ID) values("DMO06022", "1", "003146048");
insert into ENCOUNTER(PID, ADMSN_TIME, CONTACT_DATE) values("DMO06022", "2014-05-05T03:47:29-04:00", "2014-05-05");

insert into PERSON(PID, FIRST_NAME, LAST_NAME, SEX, BIRTH_DATE, DEATH_DATE, REG_DATE) values("DMO04129", "Easton", "Cox", "M", "1981-12-18T23:03:34-04:00", null, "2014-12-23T13:18:18-04:00");
insert into PERSON_2(PID, WC, TG, HDL, BP, GLC) values("DMO04129", "122.6", "125.6", "46.5", "125/66", "102.5");
insert into PERSON_3(PID, TYPE_ID, IDENTITY_ID) values("DMO04129", "1", "008479366");
insert into ENCOUNTER(PID, ADMSN_TIME, CONTACT_DATE) values("DMO04129", "2014-12-25T23:17:07-04:00", "2014-12-25");

insert into PERSON(PID, FIRST_NAME, LAST_NAME, SEX, BIRTH_DATE, DEATH_DATE, REG_DATE) values("DMO34660", "Liam", "Lewis", "M", "1963-08-01T18:23:02-04:00", null, "2014-01-14T00:03:03-04:00");
insert into PERSON_2(PID, WC, TG, HDL, BP, GLC) values("DMO34660", "102.9", "164.4", "42.3", "138/66", "86.4");
insert into PERSON_3(PID, TYPE_ID, IDENTITY_ID) values("DMO34660", "1", "000738054");
insert into ENCOUNTER(PID, ADMSN_TIME, CONTACT_DATE) values("DMO34660", "2014-01-14T03:56:22-04:00", "2014-01-14");

insert into PERSON(PID, FIRST_NAME, LAST_NAME, SEX, BIRTH_DATE, DEATH_DATE, REG_DATE) values("DMO97419", "Liam", "Sanchez", "M", "1930-08-13T08:28:50-04:00", "2002-08-08T02:08:07-04:00", "2014-02-17T09:56:14-04:00");
insert into PERSON_2(PID, WC, TG, HDL, BP, GLC) values("DMO97419", "104.6", "138.1", "31.8", "112/100", "85.4");
insert into PERSON_3(PID, TYPE_ID, IDENTITY_ID) values("DMO97419", "1", "007798150");
insert into ENCOUNTER(PID, ADMSN_TIME, CONTACT_DATE) values("DMO97419", "2014-02-18T03:48:09-04:00", "2014-02-18");

insert into PERSON(PID, FIRST_NAME, LAST_NAME, SEX, BIRTH_DATE, DEATH_DATE, REG_DATE) values("DMO16158", "Caroline", "Mitchell", "F", "2010-02-25T01:42:30-04:00", null, "2014-12-24T09:42:28-04:00");
insert into PERSON_2(PID, WC, TG, HDL, BP, GLC) values("DMO16158", "106.0", "163.1", "34.5", "130/86", "102.5");
insert into PERSON_3(PID, TYPE_ID, IDENTITY_ID) values("DMO16158", "1", "007632363");
insert into ENCOUNTER(PID, ADMSN_TIME, CONTACT_DATE) values("DMO16158", "2014-12-26T16:50:29-04:00", "2014-12-26");

insert into PERSON(PID, FIRST_NAME, LAST_NAME, SEX, BIRTH_DATE, DEATH_DATE, REG_DATE) values("DMO72263", "Violet", "Hall", "F", null, null, "2014-04-24T01:36:59-04:00");
insert into PERSON_2(PID, WC, TG, HDL, BP, GLC) values("DMO72263", "114.0", "120.9", null, "117/83", "118.6");
insert into PERSON_3(PID, TYPE_ID, IDENTITY_ID) values("DMO72263", "1", "005838837");
insert into ENCOUNTER(PID, ADMSN_TIME, CONTACT_DATE) values("DMO72263", "2014-04-24T00:55:45-04:00", "2014-04-24");

insert into PERSON(PID, FIRST_NAME, LAST_NAME, SEX, BIRTH_DATE, DEATH_DATE, REG_DATE) values("DMO41249", "James", "Davis", "M", "1967-11-21T09:05:25-04:00", null, "2014-06-27T22:48:03-04:00");
insert into PERSON_2(PID, WC, TG, HDL, BP, GLC) values("DMO41249", "96.6", "150.8", "42.2", "132/88", "95.6");
insert into PERSON_3(PID, TYPE_ID, IDENTITY_ID) values("DMO41249", "1", "002752947");
insert into ENCOUNTER(PID, ADMSN_TIME, CONTACT_DATE) values("DMO41249", "2014-06-28T04:42:51-04:00", "2014-06-28");

insert into PERSON(PID, FIRST_NAME, LAST_NAME, SEX, BIRTH_DATE, DEATH_DATE, REG_DATE) values("DMO38963", "Audrey", "Thompson", "F", "1936-11-16T20:54:57-04:00", null, "2014-09-07T14:48:03-04:00");
insert into PERSON_2(PID, WC, TG, HDL, BP, GLC) values("DMO38963", "105.6", "163.0", "42.1", "115/95", "104.5");
insert into PERSON_3(PID, TYPE_ID, IDENTITY_ID) values("DMO38963", "1", "005696831");
insert into ENCOUNTER(PID, ADMSN_TIME, CONTACT_DATE) values("DMO38963", "2014-09-08T00:29:45-04:00", "2014-09-08");

insert into PERSON(PID, FIRST_NAME, LAST_NAME, SEX, BIRTH_DATE, DEATH_DATE, REG_DATE) values("DMO46992", "David", "Brooks", "M", "1967-07-03T02:56:28-04:00", null, "2014-01-09T08:52:41-04:00");
insert into PERSON_2(PID, WC, TG, HDL, BP, GLC) values("DMO46992", "96.7", "145.8", "42.8", "142/76", "94.8");
insert into PERSON_3(PID, TYPE_ID, IDENTITY_ID) values("DMO46992", "1", "004436171");
insert into ENCOUNTER(PID, ADMSN_TIME, CONTACT_DATE) values("DMO46992", "2014-01-11T01:09:41-04:00", "2014-01-11");

insert into PERSON(PID, FIRST_NAME, LAST_NAME, SEX, BIRTH_DATE, DEATH_DATE, REG_DATE) values("DMO16368", "Emma", "Henderson", "F", "1959-08-08T23:03:40-04:00", null, "2014-11-06T08:19:55-04:00");
insert into PERSON_2(PID, WC, TG, HDL, BP, GLC) values("DMO16368", "111.6", "143.4", "41.7", "124/85", "102.3");
insert into PERSON_3(PID, TYPE_ID, IDENTITY_ID) values("DMO16368", "1", "009950164");
insert into ENCOUNTER(PID, ADMSN_TIME, CONTACT_DATE) values("DMO16368", "2014-11-07T12:41:36-04:00", "2014-11-07");

insert into PERSON(PID, FIRST_NAME, LAST_NAME, SEX, BIRTH_DATE, DEATH_DATE, REG_DATE) values("DMO18658", "Mason", "Lee", "M", null, null, "2014-05-23T07:31:26-04:00");
insert into PERSON_2(PID, WC, TG, HDL, BP, GLC) values("DMO18658", "104.1", "154.0", "37.8", "105/102", "90.5");
insert into PERSON_3(PID, TYPE_ID, IDENTITY_ID) values("DMO18658", "1", "000498325");
insert into ENCOUNTER(PID, ADMSN_TIME, CONTACT_DATE) values("DMO18658", "2014-05-23T21:57:16-04:00", "2014-05-23");

insert into PERSON(PID, FIRST_NAME, LAST_NAME, SEX, BIRTH_DATE, DEATH_DATE, REG_DATE) values("DMO69675", "Zoe", "Alexander", "F", "1978-08-20T22:16:43-04:00", null, "2014-12-28T19:23:47-04:00");
insert into PERSON_2(PID, WC, TG, HDL, BP, GLC) values("DMO69675", "112.6", "153.6", "31.6", "138/82", "96.1");
insert into PERSON_3(PID, TYPE_ID, IDENTITY_ID) values("DMO69675", "1", "006206993");
insert into ENCOUNTER(PID, ADMSN_TIME, CONTACT_DATE) values("DMO69675", "2014-12-29T18:53:55-04:00", "2014-12-29");

insert into PERSON(PID, FIRST_NAME, LAST_NAME, SEX, BIRTH_DATE, DEATH_DATE, REG_DATE) values("DMO34067", "Cooper", "Mitchell", "M", null, null, "2014-10-14T05:28:26-04:00");
insert into PERSON_2(PID, WC, TG, HDL, BP, GLC) values("DMO34067", "115.7", "137.7", "33.1", "118/87", "116.7");
insert into PERSON_3(PID, TYPE_ID, IDENTITY_ID) values("DMO34067", "1", "004981258");
insert into ENCOUNTER(PID, ADMSN_TIME, CONTACT_DATE) values("DMO34067", "2014-10-16T01:51:52-04:00", "2014-10-16");

insert into PERSON(PID, FIRST_NAME, LAST_NAME, SEX, BIRTH_DATE, DEATH_DATE, REG_DATE) values("DMO99421", "Zachary", "Peterson", "M", "2001-01-02T16:38:33-04:00", null, "2014-07-18T17:17:25-04:00");
insert into PERSON_2(PID, WC, TG, HDL, BP, GLC) values("DMO99421", null, "120.3", "43.8", "109/86", "118.6");
insert into PERSON_3(PID, TYPE_ID, IDENTITY_ID) values("DMO99421", "1", "006771074");
insert into ENCOUNTER(PID, ADMSN_TIME, CONTACT_DATE) values("DMO99421", "2014-07-19T00:57:48-04:00", "2014-07-19");

insert into PERSON(PID, FIRST_NAME, LAST_NAME, SEX, BIRTH_DATE, DEATH_DATE, REG_DATE) values("DMO18072", "Kylie", "Scott", "F", "1989-02-13T06:17:44-04:00", null, "2014-01-14T18:11:01-04:00");
insert into PERSON_2(PID, WC, TG, HDL, BP, GLC) values("DMO18072", "92.5", "142.4", "43.1", "134/103", "99.0");
insert into PERSON_3(PID, TYPE_ID, IDENTITY_ID) values("DMO18072", "1", "002126446");
insert into ENCOUNTER(PID, ADMSN_TIME, CONTACT_DATE) values("DMO18072", "2014-01-16T14:52:58-04:00", "2014-01-16");

insert into PERSON(PID, FIRST_NAME, LAST_NAME, SEX, BIRTH_DATE, DEATH_DATE, REG_DATE) values("DMO15134", "Ayden", "Henderson", "M", null, null, "2014-01-12T16:13:43-04:00");
insert into PERSON_2(PID, WC, TG, HDL, BP, GLC) values("DMO15134", "76.1", null, "44.0", null, "100.1");
insert into PERSON_3(PID, TYPE_ID, IDENTITY_ID) values("DMO15134", "1", "001600307");
insert into ENCOUNTER(PID, ADMSN_TIME, CONTACT_DATE) values("DMO15134", "2014-01-14T07:48:09-04:00", "2014-01-14");

insert into PERSON(PID, FIRST_NAME, LAST_NAME, SEX, BIRTH_DATE, DEATH_DATE, REG_DATE) values("DMO16999", "Aaron", "Smith", "M", "1981-07-05T10:02:15-04:00", "2010-05-22T16:11:59-04:00", "2014-07-21T03:49:13-04:00");
insert into PERSON_2(PID, WC, TG, HDL, BP, GLC) values("DMO16999", "99.4", "132.9", "32.6", "151/92", "101.0");
insert into PERSON_3(PID, TYPE_ID, IDENTITY_ID) values("DMO16999", "1", "000388302");
insert into ENCOUNTER(PID, ADMSN_TIME, CONTACT_DATE) values("DMO16999", "2014-07-22T20:08:25-04:00", "2014-07-22");

insert into PERSON(PID, FIRST_NAME, LAST_NAME, SEX, BIRTH_DATE, DEATH_DATE, REG_DATE) values("DMO64697", "Makayla", "Hernandez", "F", "1984-06-08T07:27:22-04:00", null, "2014-07-03T15:16:46-04:00");
insert into PERSON_2(PID, WC, TG, HDL, BP, GLC) values("DMO64697", "97.5", "152.0", "31.7", "110/83", "116.4");
insert into PERSON_3(PID, TYPE_ID, IDENTITY_ID) values("DMO64697", "1", "003957472");
insert into ENCOUNTER(PID, ADMSN_TIME, CONTACT_DATE) values("DMO64697", "2014-07-03T07:59:11-04:00", "2014-07-03");

insert into PERSON(PID, FIRST_NAME, LAST_NAME, SEX, BIRTH_DATE, DEATH_DATE, REG_DATE) values("DMO50878", "William", "Taylor", "M", "1930-02-22T22:22:35-04:00", "2004-04-07T22:48:39-04:00", "2014-05-30T13:11:38-04:00");
insert into PERSON_2(PID, WC, TG, HDL, BP, GLC) values("DMO50878", "119.4", "144.1", "40.6", "128/93", null);
insert into PERSON_3(PID, TYPE_ID, IDENTITY_ID) values("DMO50878", "1", "000395448");
insert into ENCOUNTER(PID, ADMSN_TIME, CONTACT_DATE) values("DMO50878", "2014-05-31T19:02:51-04:00", "2014-05-31");

insert into PERSON(PID, FIRST_NAME, LAST_NAME, SEX, BIRTH_DATE, DEATH_DATE, REG_DATE) values("DMO64784", "William", "Mitchell", "M", "1970-12-25T10:36:51-04:00", null, "2014-12-19T21:08:26-04:00");
insert into PERSON_2(PID, WC, TG, HDL, BP, GLC) values("DMO64784", "92.5", "132.0", "37.6", "117/83", "91.1");
insert into PERSON_3(PID, TYPE_ID, IDENTITY_ID) values("DMO64784", "1", "007828200");
insert into ENCOUNTER(PID, ADMSN_TIME, CONTACT_DATE) values("DMO64784", "2014-12-21T01:52:45-04:00", "2014-12-21");

insert into PERSON(PID, FIRST_NAME, LAST_NAME, SEX, BIRTH_DATE, DEATH_DATE, REG_DATE) values("DMO11233", "Anthony", "Coleman", "M", null, null, "2014-08-21T19:08:58-04:00");
insert into PERSON_2(PID, WC, TG, HDL, BP, GLC) values("DMO11233", null, "152.4", "31.6", "110/88", "85.9");
insert into PERSON_3(PID, TYPE_ID, IDENTITY_ID) values("DMO11233", "1", "004177733");
insert into ENCOUNTER(PID, ADMSN_TIME, CONTACT_DATE) values("DMO11233", "2014-08-23T10:43:22-04:00", "2014-08-23");

insert into PERSON(PID, FIRST_NAME, LAST_NAME, SEX, BIRTH_DATE, DEATH_DATE, REG_DATE) values("DMO05692", "London", "Bryant", "F", "2012-08-19T16:00:07-04:00", null, "2014-10-07T11:28:49-04:00");
insert into PERSON_2(PID, WC, TG, HDL, BP, GLC) values("DMO05692", "120.1", "172.9", "44.2", "119/89", null);
insert into PERSON_3(PID, TYPE_ID, IDENTITY_ID) values("DMO05692", "1", "005859804");
insert into ENCOUNTER(PID, ADMSN_TIME, CONTACT_DATE) values("DMO05692", "2014-10-09T00:13:57-04:00", "2014-10-09");

insert into PERSON(PID, FIRST_NAME, LAST_NAME, SEX, BIRTH_DATE, DEATH_DATE, REG_DATE) values("DMO23285", "Nicholas", "Washington", "M", "1992-11-21T02:28:56-04:00", null, "2014-04-10T00:54:29-04:00");
insert into PERSON_2(PID, WC, TG, HDL, BP, GLC) values("DMO23285", "98.7", "128.7", "35.5", "149/66", "118.2");
insert into PERSON_3(PID, TYPE_ID, IDENTITY_ID) values("DMO23285", "1", "007052193");
insert into ENCOUNTER(PID, ADMSN_TIME, CONTACT_DATE) values("DMO23285", "2014-04-11T15:19:58-04:00", "2014-04-11");

insert into PERSON(PID, FIRST_NAME, LAST_NAME, SEX, BIRTH_DATE, DEATH_DATE, REG_DATE) values("DMO66926", "Caleb", "Green", "M", "1961-05-02T18:28:02-04:00", null, "2014-01-17T05:28:26-04:00");
insert into PERSON_2(PID, WC, TG, HDL, BP, GLC) values("DMO66926", "123.3", "158.7", "40.0", "120/103", null);
insert into PERSON_3(PID, TYPE_ID, IDENTITY_ID) values("DMO66926", "1", "000775749");
insert into ENCOUNTER(PID, ADMSN_TIME, CONTACT_DATE) values("DMO66926", "2014-01-17T04:05:39-04:00", "2014-01-17");

insert into PERSON(PID, FIRST_NAME, LAST_NAME, SEX, BIRTH_DATE, DEATH_DATE, REG_DATE) values("DMO98935", "Jackson", "Bailey", "M", "1976-07-04T09:39:49-04:00", null, "2014-12-09T09:48:29-04:00");
insert into PERSON_2(PID, WC, TG, HDL, BP, GLC) values("DMO98935", "84.6", "154.7", "40.2", "126/75", "87.3");
insert into PERSON_3(PID, TYPE_ID, IDENTITY_ID) values("DMO98935", "1", "007801500");
insert into ENCOUNTER(PID, ADMSN_TIME, CONTACT_DATE) values("DMO98935", "2014-12-10T22:06:22-04:00", "2014-12-10");

insert into PERSON(PID, FIRST_NAME, LAST_NAME, SEX, BIRTH_DATE, DEATH_DATE, REG_DATE) values("DMO78550", "Carter", "Russell", "M", "1980-05-09T13:33:01-04:00", null, "2014-04-27T01:31:21-04:00");
insert into PERSON_2(PID, WC, TG, HDL, BP, GLC) values("DMO78550", "80.1", "129.3", "44.7", "135/69", "95.7");
insert into PERSON_3(PID, TYPE_ID, IDENTITY_ID) values("DMO78550", "1", "003367065");
insert into ENCOUNTER(PID, ADMSN_TIME, CONTACT_DATE) values("DMO78550", "2014-04-27T12:58:17-04:00", "2014-04-27");

insert into PERSON(PID, FIRST_NAME, LAST_NAME, SEX, BIRTH_DATE, DEATH_DATE, REG_DATE) values("DMO39274", "Cooper", "Harris", "M", "1950-05-13T02:57:10-04:00", null, "2014-03-11T10:57:05-04:00");
insert into PERSON_2(PID, WC, TG, HDL, BP, GLC) values("DMO39274", "91.9", "161.4", "36.5", "126/70", "89.4");
insert into PERSON_3(PID, TYPE_ID, IDENTITY_ID) values("DMO39274", "1", "008115934");
insert into ENCOUNTER(PID, ADMSN_TIME, CONTACT_DATE) values("DMO39274", "2014-03-11T11:50:51-04:00", "2014-03-11");

insert into PERSON(PID, FIRST_NAME, LAST_NAME, SEX, BIRTH_DATE, DEATH_DATE, REG_DATE) values("DMO89784", "Gavin", "Young", "M", "1986-02-17T14:24:46-04:00", null, "2014-12-27T17:33:02-04:00");
insert into PERSON_2(PID, WC, TG, HDL, BP, GLC) values("DMO89784", "97.6", null, "42.7", "115/70", "103.7");
insert into PERSON_3(PID, TYPE_ID, IDENTITY_ID) values("DMO89784", "1", "004302634");
insert into ENCOUNTER(PID, ADMSN_TIME, CONTACT_DATE) values("DMO89784", "2014-12-29T13:15:52-04:00", "2014-12-29");

insert into PERSON(PID, FIRST_NAME, LAST_NAME, SEX, BIRTH_DATE, DEATH_DATE, REG_DATE) values("DMO07926", "Elijah", "Howard", "M", "2005-01-31T07:06:07-04:00", null, "2014-05-22T08:56:45-04:00");
insert into PERSON_2(PID, WC, TG, HDL, BP, GLC) values("DMO07926", "103.7", "154.5", null, "121/76", "86.4");
insert into PERSON_3(PID, TYPE_ID, IDENTITY_ID) values("DMO07926", "1", "007783209");
insert into ENCOUNTER(PID, ADMSN_TIME, CONTACT_DATE) values("DMO07926", "2014-05-22T04:44:12-04:00", "2014-05-22");

insert into PERSON(PID, FIRST_NAME, LAST_NAME, SEX, BIRTH_DATE, DEATH_DATE, REG_DATE) values("DMO00463", "Chloe", "Cook", "F", "1984-10-22T12:18:26-04:00", null, "2014-09-16T18:05:05-04:00");
insert into PERSON_2(PID, WC, TG, HDL, BP, GLC) values("DMO00463", "119.4", "144.8", "49.9", "130/65", "108.3");
insert into PERSON_3(PID, TYPE_ID, IDENTITY_ID) values("DMO00463", "1", "000900363");
insert into ENCOUNTER(PID, ADMSN_TIME, CONTACT_DATE) values("DMO00463", "2014-09-17T00:46:14-04:00", "2014-09-17");

insert into PERSON(PID, FIRST_NAME, LAST_NAME, SEX, BIRTH_DATE, DEATH_DATE, REG_DATE) values("DMO20521", "Alexis", "Taylor", "F", "1980-03-24T12:07:09-04:00", null, "2014-03-31T20:12:45-04:00");
insert into PERSON_2(PID, WC, TG, HDL, BP, GLC) values("DMO20521", "84.8", "135.0", "39.2", "117/94", "114.8");
insert into PERSON_3(PID, TYPE_ID, IDENTITY_ID) values("DMO20521", "1", "003175881");
insert into ENCOUNTER(PID, ADMSN_TIME, CONTACT_DATE) values("DMO20521", "2014-04-01T00:42:01-04:00", "2014-04-01");

insert into PERSON(PID, FIRST_NAME, LAST_NAME, SEX, BIRTH_DATE, DEATH_DATE, REG_DATE) values("DMO93510", "Eli", "Russell", "M", "1999-08-02T13:47:46-04:00", null, "2014-02-15T16:57:14-04:00");
insert into PERSON_2(PID, WC, TG, HDL, BP, GLC) values("DMO93510", "120.2", "171.2", "30.1", "134/88", null);
insert into PERSON_3(PID, TYPE_ID, IDENTITY_ID) values("DMO93510", "1", "003392655");
insert into ENCOUNTER(PID, ADMSN_TIME, CONTACT_DATE) values("DMO93510", "2014-02-16T21:38:33-04:00", "2014-02-16");

insert into PERSON(PID, FIRST_NAME, LAST_NAME, SEX, BIRTH_DATE, DEATH_DATE, REG_DATE) values("DMO39601", "Michael", "White", "M", "2000-06-04T08:27:54-04:00", null, "2013-12-31T18:57:28-04:00");
insert into PERSON_2(PID, WC, TG, HDL, BP, GLC) values("DMO39601", "107.4", "153.8", "33.1", "146/89", "96.8");
insert into PERSON_3(PID, TYPE_ID, IDENTITY_ID) values("DMO39601", "1", "003587352");
insert into ENCOUNTER(PID, ADMSN_TIME, CONTACT_DATE) values("DMO39601", "2014-01-02T11:57:24-04:00", "2014-01-02");

insert into PERSON(PID, FIRST_NAME, LAST_NAME, SEX, BIRTH_DATE, DEATH_DATE, REG_DATE) values("DMO93463", "Nicholas", "Murphy", "M", "1951-08-16T18:30:19-04:00", null, "2014-02-16T23:31:35-04:00");
insert into PERSON_2(PID, WC, TG, HDL, BP, GLC) values("DMO93463", "92.7", "175.3", "38.0", "112/90", "109.3");
insert into PERSON_3(PID, TYPE_ID, IDENTITY_ID) values("DMO93463", "1", "003899465");
insert into ENCOUNTER(PID, ADMSN_TIME, CONTACT_DATE) values("DMO93463", "2014-02-16T18:51:42-04:00", "2014-02-16");

insert into PERSON(PID, FIRST_NAME, LAST_NAME, SEX, BIRTH_DATE, DEATH_DATE, REG_DATE) values("DMO00576", "Jocelyn", "Bailey", "F", "1985-09-26T21:07:13-04:00", null, "2014-10-20T06:54:00-04:00");
insert into PERSON_2(PID, WC, TG, HDL, BP, GLC) values("DMO00576", "110.6", "169.9", null, "127/67", null);
insert into PERSON_3(PID, TYPE_ID, IDENTITY_ID) values("DMO00576", "1", "003600212");
insert into ENCOUNTER(PID, ADMSN_TIME, CONTACT_DATE) values("DMO00576", "2014-10-22T12:39:44-04:00", "2014-10-22");

insert into PERSON(PID, FIRST_NAME, LAST_NAME, SEX, BIRTH_DATE, DEATH_DATE, REG_DATE) values("DMO41637", "Madison", "Taylor", "F", "2000-04-19T19:20:16-04:00", null, "2014-01-11T02:03:39-04:00");
insert into PERSON_2(PID, WC, TG, HDL, BP, GLC) values("DMO41637", "83.9", "170.8", "46.2", "135/87", "102.7");
insert into PERSON_3(PID, TYPE_ID, IDENTITY_ID) values("DMO41637", "1", "002120800");
insert into ENCOUNTER(PID, ADMSN_TIME, CONTACT_DATE) values("DMO41637", "2014-01-13T10:30:57-04:00", "2014-01-13");

insert into PERSON(PID, FIRST_NAME, LAST_NAME, SEX, BIRTH_DATE, DEATH_DATE, REG_DATE) values("DMO90760", "John", "James", "M", "1972-05-14T22:23:37-04:00", null, "2014-09-18T20:55:38-04:00");
insert into PERSON_2(PID, WC, TG, HDL, BP, GLC) values("DMO90760", "83.5", "126.4", "30.8", "120/91", "117.9");
insert into PERSON_3(PID, TYPE_ID, IDENTITY_ID) values("DMO90760", "1", "009553587");
insert into ENCOUNTER(PID, ADMSN_TIME, CONTACT_DATE) values("DMO90760", "2014-09-18T02:37:10-04:00", "2014-09-18");

insert into PERSON(PID, FIRST_NAME, LAST_NAME, SEX, BIRTH_DATE, DEATH_DATE, REG_DATE) values("DMO72100", "Lily", "Kelly", "F", "1970-04-13T20:26:57-04:00", null, "2014-09-12T10:31:24-04:00");
insert into PERSON_2(PID, WC, TG, HDL, BP, GLC) values("DMO72100", "81.3", "167.9", "35.2", "116/93", null);
insert into PERSON_3(PID, TYPE_ID, IDENTITY_ID) values("DMO72100", "1", "006925520");
insert into ENCOUNTER(PID, ADMSN_TIME, CONTACT_DATE) values("DMO72100", "2014-09-13T17:42:43-04:00", "2014-09-13");

insert into PERSON(PID, FIRST_NAME, LAST_NAME, SEX, BIRTH_DATE, DEATH_DATE, REG_DATE) values("DMO95769", "Nevaeh", "Flores", "F", "1947-08-17T04:59:03-04:00", "2010-03-24T15:50:10-04:00", "2014-02-17T19:50:20-04:00");
insert into PERSON_2(PID, WC, TG, HDL, BP, GLC) values("DMO95769", "84.8", "152.6", "43.5", "126/67", "101.5");
insert into PERSON_3(PID, TYPE_ID, IDENTITY_ID) values("DMO95769", "1", "004322169");
insert into ENCOUNTER(PID, ADMSN_TIME, CONTACT_DATE) values("DMO95769", "2014-02-17T08:10:36-04:00", "2014-02-17");

insert into PERSON(PID, FIRST_NAME, LAST_NAME, SEX, BIRTH_DATE, DEATH_DATE, REG_DATE) values("DMO98898", "Jordan", "Edwards", "M", "1943-10-28T01:18:01-04:00", null, "2014-09-24T04:02:14-04:00");
insert into PERSON_2(PID, WC, TG, HDL, BP, GLC) values("DMO98898", "100.0", null, "39.9", "132/93", "89.3");
insert into PERSON_3(PID, TYPE_ID, IDENTITY_ID) values("DMO98898", "1", "002533305");
insert into ENCOUNTER(PID, ADMSN_TIME, CONTACT_DATE) values("DMO98898", "2014-09-25T16:14:59-04:00", "2014-09-25");

insert into PERSON(PID, FIRST_NAME, LAST_NAME, SEX, BIRTH_DATE, DEATH_DATE, REG_DATE) values("DMO99181", "Hunter", "Rivera", "M", "1954-12-05T04:52:06-04:00", null, "2014-02-12T19:02:15-04:00");
insert into PERSON_2(PID, WC, TG, HDL, BP, GLC) values("DMO99181", "106.5", "163.3", "31.9", "136/67", "112.9");
insert into PERSON_3(PID, TYPE_ID, IDENTITY_ID) values("DMO99181", "1", "000901012");
insert into ENCOUNTER(PID, ADMSN_TIME, CONTACT_DATE) values("DMO99181", "2014-02-12T18:07:03-04:00", "2014-02-12");

insert into PERSON(PID, FIRST_NAME, LAST_NAME, SEX, BIRTH_DATE, DEATH_DATE, REG_DATE) values("DMO09961", "Anthony", "Diaz", "M", "1962-09-27T05:11:53-04:00", "1991-05-20T08:57:54-04:00", "2014-01-09T15:33:09-04:00");
insert into PERSON_2(PID, WC, TG, HDL, BP, GLC) values("DMO09961", "124.8", "140.9", "35.4", "153/91", "92.1");
insert into PERSON_3(PID, TYPE_ID, IDENTITY_ID) values("DMO09961", "1", "005375261");
insert into ENCOUNTER(PID, ADMSN_TIME, CONTACT_DATE) values("DMO09961", "2014-01-09T20:04:00-04:00", "2014-01-09");

insert into PERSON(PID, FIRST_NAME, LAST_NAME, SEX, BIRTH_DATE, DEATH_DATE, REG_DATE) values("DMO01676", "Madelyn", "Cook", "F", "2003-02-01T12:02:50-04:00", null, "2014-02-08T16:04:45-04:00");
insert into PERSON_2(PID, WC, TG, HDL, BP, GLC) values("DMO01676", "87.5", "171.3", "32.8", "112/88", "112.6");
insert into PERSON_3(PID, TYPE_ID, IDENTITY_ID) values("DMO01676", "1", "008317602");
insert into ENCOUNTER(PID, ADMSN_TIME, CONTACT_DATE) values("DMO01676", "2014-02-08T16:14:40-04:00", "2014-02-08");

insert into PERSON(PID, FIRST_NAME, LAST_NAME, SEX, BIRTH_DATE, DEATH_DATE, REG_DATE) values("DMO70967", "Lydia", "Hayes", "F", "2009-09-08T03:55:42-04:00", null, "2014-12-01T04:13:33-04:00");
insert into PERSON_2(PID, WC, TG, HDL, BP, GLC) values("DMO70967", "94.4", "166.6", "46.6", "132/93", "94.1");
insert into PERSON_3(PID, TYPE_ID, IDENTITY_ID) values("DMO70967", "1", "003082417");
insert into ENCOUNTER(PID, ADMSN_TIME, CONTACT_DATE) values("DMO70967", "2014-12-02T19:08:40-04:00", "2014-12-02");

insert into PERSON(PID, FIRST_NAME, LAST_NAME, SEX, BIRTH_DATE, DEATH_DATE, REG_DATE) values("DMO24930", "Chase", "Jenkins", "M", "2006-08-15T14:23:32-04:00", null, "2014-03-04T05:09:24-04:00");
insert into PERSON_2(PID, WC, TG, HDL, BP, GLC) values("DMO24930", "86.5", "174.6", "49.2", "142/86", "112.0");
insert into PERSON_3(PID, TYPE_ID, IDENTITY_ID) values("DMO24930", "1", "000133800");
insert into ENCOUNTER(PID, ADMSN_TIME, CONTACT_DATE) values("DMO24930", "2014-03-05T16:46:49-04:00", "2014-03-05");

insert into PERSON(PID, FIRST_NAME, LAST_NAME, SEX, BIRTH_DATE, DEATH_DATE, REG_DATE) values("DMO53578", "Madison", "Price", "F", "1963-07-01T07:51:22-04:00", null, "2014-04-23T06:12:50-04:00");
insert into PERSON_2(PID, WC, TG, HDL, BP, GLC) values("DMO53578", "118.9", "121.8", "39.6", "108/85", "104.6");
insert into PERSON_3(PID, TYPE_ID, IDENTITY_ID) values("DMO53578", "1", "006477687");
insert into ENCOUNTER(PID, ADMSN_TIME, CONTACT_DATE) values("DMO53578", "2014-04-23T11:00:10-04:00", "2014-04-23");

insert into PERSON(PID, FIRST_NAME, LAST_NAME, SEX, BIRTH_DATE, DEATH_DATE, REG_DATE) values("DMO87223", "Leah", "Ward", "F", "1974-11-20T09:29:17-04:00", null, "2014-07-12T23:59:45-04:00");
insert into PERSON_2(PID, WC, TG, HDL, BP, GLC) values("DMO87223", "110.8", "143.9", "32.3", "116/78", "119.7");
insert into PERSON_3(PID, TYPE_ID, IDENTITY_ID) values("DMO87223", "1", "003223677");
insert into ENCOUNTER(PID, ADMSN_TIME, CONTACT_DATE) values("DMO87223", "2014-07-14T11:43:18-04:00", "2014-07-14");

insert into PERSON(PID, FIRST_NAME, LAST_NAME, SEX, BIRTH_DATE, DEATH_DATE, REG_DATE) values("DMO80827", "Nicholas", "Moore", "M", "1956-05-13T23:21:34-04:00", null, "2014-08-03T12:39:50-04:00");
insert into PERSON_2(PID, WC, TG, HDL, BP, GLC) values("DMO80827", "103.8", "147.1", "42.2", "140/68", "81.2");
insert into PERSON_3(PID, TYPE_ID, IDENTITY_ID) values("DMO80827", "1", "001322743");
insert into ENCOUNTER(PID, ADMSN_TIME, CONTACT_DATE) values("DMO80827", "2014-08-03T22:00:27-04:00", "2014-08-03");

insert into PERSON(PID, FIRST_NAME, LAST_NAME, SEX, BIRTH_DATE, DEATH_DATE, REG_DATE) values("DMO05005", "Eva", "Robinson", "F", "1986-02-01T11:26:29-04:00", null, "2014-02-14T20:22:40-04:00");
insert into PERSON_2(PID, WC, TG, HDL, BP, GLC) values("DMO05005", "89.7", "165.7", "33.6", "124/86", "116.4");
insert into PERSON_3(PID, TYPE_ID, IDENTITY_ID) values("DMO05005", "1", "004570935");
insert into ENCOUNTER(PID, ADMSN_TIME, CONTACT_DATE) values("DMO05005", "2014-02-16T18:52:38-04:00", "2014-02-16");

insert into PERSON(PID, FIRST_NAME, LAST_NAME, SEX, BIRTH_DATE, DEATH_DATE, REG_DATE) values("DMO32188", "Oliver", "Rivera", "M", "1952-12-14T06:53:16-04:00", null, "2014-03-14T19:02:35-04:00");
insert into PERSON_2(PID, WC, TG, HDL, BP, GLC) values("DMO32188", "96.2", "146.8", "46.9", "141/86", "112.7");
insert into PERSON_3(PID, TYPE_ID, IDENTITY_ID) values("DMO32188", "1", "000495395");
insert into ENCOUNTER(PID, ADMSN_TIME, CONTACT_DATE) values("DMO32188", "2014-03-14T18:57:56-04:00", "2014-03-14");

insert into PERSON(PID, FIRST_NAME, LAST_NAME, SEX, BIRTH_DATE, DEATH_DATE, REG_DATE) values("DMO27365", "Nathan", "Lewis", "M", "1961-06-21T13:26:08-04:00", null, "2014-04-04T04:02:17-04:00");
insert into PERSON_2(PID, WC, TG, HDL, BP, GLC) values("DMO27365", "93.6", "126.4", "36.4", "115/98", "117.5");
insert into PERSON_3(PID, TYPE_ID, IDENTITY_ID) values("DMO27365", "1", "002894807");
insert into ENCOUNTER(PID, ADMSN_TIME, CONTACT_DATE) values("DMO27365", "2014-04-05T23:43:04-04:00", "2014-04-05");

insert into PERSON(PID, FIRST_NAME, LAST_NAME, SEX, BIRTH_DATE, DEATH_DATE, REG_DATE) values("DMO48466", "Joseph", "Martinez", "M", "1947-04-02T09:14:37-04:00", null, "2014-11-04T19:07:52-04:00");
insert into PERSON_2(PID, WC, TG, HDL, BP, GLC) values("DMO48466", "87.9", "179.1", "30.9", "119/90", "90.6");
insert into PERSON_3(PID, TYPE_ID, IDENTITY_ID) values("DMO48466", "1", "001459770");
insert into ENCOUNTER(PID, ADMSN_TIME, CONTACT_DATE) values("DMO48466", "2014-11-06T08:27:52-04:00", "2014-11-06");

insert into PERSON(PID, FIRST_NAME, LAST_NAME, SEX, BIRTH_DATE, DEATH_DATE, REG_DATE) values("DMO62412", "Sophia", "Jenkins", "F", "1979-05-01T19:05:40-04:00", null, "2014-11-02T01:30:37-04:00");
insert into PERSON_2(PID, WC, TG, HDL, BP, GLC) values("DMO62412", "86.5", "150.4", "45.3", "147/85", "91.7");
insert into PERSON_3(PID, TYPE_ID, IDENTITY_ID) values("DMO62412", "1", "001954927");
insert into ENCOUNTER(PID, ADMSN_TIME, CONTACT_DATE) values("DMO62412", "2014-11-02T04:40:18-04:00", "2014-11-02");

insert into PERSON(PID, FIRST_NAME, LAST_NAME, SEX, BIRTH_DATE, DEATH_DATE, REG_DATE) values("DMO07477", "Nicholas", "Collins", "M", "1935-12-08T06:35:20-04:00", null, "2014-08-09T01:22:15-04:00");
insert into PERSON_2(PID, WC, TG, HDL, BP, GLC) values("DMO07477", "91.4", "170.3", "45.6", "144/99", "81.5");
insert into PERSON_3(PID, TYPE_ID, IDENTITY_ID) values("DMO07477", "1", "006251147");
insert into ENCOUNTER(PID, ADMSN_TIME, CONTACT_DATE) values("DMO07477", "2014-08-11T14:04:28-04:00", "2014-08-11");

insert into PERSON(PID, FIRST_NAME, LAST_NAME, SEX, BIRTH_DATE, DEATH_DATE, REG_DATE) values("DMO00511", "Luke", "Brooks", "M", "1943-05-28T09:39:15-04:00", null, "2014-07-15T00:01:27-04:00");
insert into PERSON_2(PID, WC, TG, HDL, BP, GLC) values("DMO00511", "113.9", "146.2", "49.9", null, "101.9");
insert into PERSON_3(PID, TYPE_ID, IDENTITY_ID) values("DMO00511", "1", "008170062");
insert into ENCOUNTER(PID, ADMSN_TIME, CONTACT_DATE) values("DMO00511", "2014-07-15T21:02:58-04:00", "2014-07-15");

insert into PERSON(PID, FIRST_NAME, LAST_NAME, SEX, BIRTH_DATE, DEATH_DATE, REG_DATE) values("DMO73826", "Joshua", "Thompson", "M", "2007-05-30T19:09:43-04:00", null, "2014-06-04T08:11:20-04:00");
insert into PERSON_2(PID, WC, TG, HDL, BP, GLC) values("DMO73826", "95.2", "178.4", "42.9", "142/97", "110.3");
insert into PERSON_3(PID, TYPE_ID, IDENTITY_ID) values("DMO73826", "1", "002027592");
insert into ENCOUNTER(PID, ADMSN_TIME, CONTACT_DATE) values("DMO73826", "2014-06-05T04:06:04-04:00", "2014-06-05");

insert into PERSON(PID, FIRST_NAME, LAST_NAME, SEX, BIRTH_DATE, DEATH_DATE, REG_DATE) values("DMO29067", "Sadie", "Rodriguez", "F", "1948-05-18T00:24:51-04:00", null, "2014-10-18T05:51:56-04:00");
insert into PERSON_2(PID, WC, TG, HDL, BP, GLC) values("DMO29067", "99.0", "136.8", "30.5", "136/86", "107.9");
insert into PERSON_3(PID, TYPE_ID, IDENTITY_ID) values("DMO29067", "1", "009767791");
insert into ENCOUNTER(PID, ADMSN_TIME, CONTACT_DATE) values("DMO29067", "2014-10-20T06:25:57-04:00", "2014-10-20");

insert into PERSON(PID, FIRST_NAME, LAST_NAME, SEX, BIRTH_DATE, DEATH_DATE, REG_DATE) values("DMO90898", "Aaliyah", "Gonzalez", "F", null, null, "2014-12-07T07:17:12-04:00");
insert into PERSON_2(PID, WC, TG, HDL, BP, GLC) values("DMO90898", "76.1", "148.2", "49.4", "144/80", "102.1");
insert into PERSON_3(PID, TYPE_ID, IDENTITY_ID) values("DMO90898", "1", "004261263");
insert into ENCOUNTER(PID, ADMSN_TIME, CONTACT_DATE) values("DMO90898", "2014-12-07T18:00:59-04:00", "2014-12-07");

insert into PERSON(PID, FIRST_NAME, LAST_NAME, SEX, BIRTH_DATE, DEATH_DATE, REG_DATE) values("DMO05202", "Mason", "Butler", "M", null, null, "2014-01-26T10:26:51-04:00");
insert into PERSON_2(PID, WC, TG, HDL, BP, GLC) values("DMO05202", "107.0", "165.9", "31.0", "112/102", "97.4");
insert into PERSON_3(PID, TYPE_ID, IDENTITY_ID) values("DMO05202", "1", "007266359");
insert into ENCOUNTER(PID, ADMSN_TIME, CONTACT_DATE) values("DMO05202", "2014-01-27T07:55:28-04:00", "2014-01-27");

insert into PERSON(PID, FIRST_NAME, LAST_NAME, SEX, BIRTH_DATE, DEATH_DATE, REG_DATE) values("DMO67441", "Lily", "Rodriguez", "F", "2005-09-04T16:07:49-04:00", null, "2014-09-13T17:26:07-04:00");
insert into PERSON_2(PID, WC, TG, HDL, BP, GLC) values("DMO67441", "111.6", "179.6", "31.7", "148/103", null);
insert into PERSON_3(PID, TYPE_ID, IDENTITY_ID) values("DMO67441", "1", "003340053");
insert into ENCOUNTER(PID, ADMSN_TIME, CONTACT_DATE) values("DMO67441", "2014-09-14T11:42:24-04:00", "2014-09-14");

insert into PERSON(PID, FIRST_NAME, LAST_NAME, SEX, BIRTH_DATE, DEATH_DATE, REG_DATE) values("DMO92475", "Lucas", "Bennett", "M", "1977-05-23T01:57:02-04:00", null, "2014-08-11T15:37:29-04:00");
insert into PERSON_2(PID, WC, TG, HDL, BP, GLC) values("DMO92475", "103.8", "138.9", "40.6", "112/85", "103.8");
insert into PERSON_3(PID, TYPE_ID, IDENTITY_ID) values("DMO92475", "1", "001738493");
insert into ENCOUNTER(PID, ADMSN_TIME, CONTACT_DATE) values("DMO92475", "2014-08-11T01:36:05-04:00", "2014-08-11");

insert into PERSON(PID, FIRST_NAME, LAST_NAME, SEX, BIRTH_DATE, DEATH_DATE, REG_DATE) values("DMO89550", "Jacob", "Morgan", "M", "1977-09-11T18:44:43-04:00", null, "2014-01-09T05:27:48-04:00");
insert into PERSON_2(PID, WC, TG, HDL, BP, GLC) values("DMO89550", "87.5", "142.9", "37.3", "116/65", "90.1");
insert into PERSON_3(PID, TYPE_ID, IDENTITY_ID) values("DMO89550", "1", "006011061");
insert into ENCOUNTER(PID, ADMSN_TIME, CONTACT_DATE) values("DMO89550", "2014-01-11T00:58:04-04:00", "2014-01-11");

insert into PERSON(PID, FIRST_NAME, LAST_NAME, SEX, BIRTH_DATE, DEATH_DATE, REG_DATE) values("DMO55929", "Jace", "Ward", "M", "2003-06-28T21:06:17-04:00", null, "2014-10-29T13:30:17-04:00");
insert into PERSON_2(PID, WC, TG, HDL, BP, GLC) values("DMO55929", "123.5", "171.6", null, "112/73", null);
insert into PERSON_3(PID, TYPE_ID, IDENTITY_ID) values("DMO55929", "1", "006488309");
insert into ENCOUNTER(PID, ADMSN_TIME, CONTACT_DATE) values("DMO55929", "2014-10-30T19:42:46-04:00", "2014-10-30");

insert into PERSON(PID, FIRST_NAME, LAST_NAME, SEX, BIRTH_DATE, DEATH_DATE, REG_DATE) values("DMO99102", "Mason", "Foster", "M", "1989-08-30T08:01:11-04:00", null, "2014-11-11T14:05:54-04:00");
insert into PERSON_2(PID, WC, TG, HDL, BP, GLC) values("DMO99102", "77.9", "140.6", "39.4", "143/102", null);
insert into PERSON_3(PID, TYPE_ID, IDENTITY_ID) values("DMO99102", "1", "000498271");
insert into ENCOUNTER(PID, ADMSN_TIME, CONTACT_DATE) values("DMO99102", "2014-11-11T11:44:34-04:00", "2014-11-11");

insert into PERSON(PID, FIRST_NAME, LAST_NAME, SEX, BIRTH_DATE, DEATH_DATE, REG_DATE) values("DMO76910", "Jeremiah", "Ramirez", "M", "1944-11-25T03:07:49-04:00", null, "2014-11-08T02:46:36-04:00");
insert into PERSON_2(PID, WC, TG, HDL, BP, GLC) values("DMO76910", "101.3", "175.1", "40.0", "120/97", "88.9");
insert into PERSON_3(PID, TYPE_ID, IDENTITY_ID) values("DMO76910", "1", "009037943");
insert into ENCOUNTER(PID, ADMSN_TIME, CONTACT_DATE) values("DMO76910", "2014-11-10T09:37:45-04:00", "2014-11-10");

insert into PERSON(PID, FIRST_NAME, LAST_NAME, SEX, BIRTH_DATE, DEATH_DATE, REG_DATE) values("DMO17381", "Connor", "James", "M", "1947-06-07T17:15:56-04:00", null, "2014-06-10T17:03:18-04:00");
insert into PERSON_2(PID, WC, TG, HDL, BP, GLC) values("DMO17381", null, "146.3", "47.6", null, "113.9");
insert into PERSON_3(PID, TYPE_ID, IDENTITY_ID) values("DMO17381", "1", "000975326");
insert into ENCOUNTER(PID, ADMSN_TIME, CONTACT_DATE) values("DMO17381", "2014-06-10T12:37:54-04:00", "2014-06-10");

insert into PERSON(PID, FIRST_NAME, LAST_NAME, SEX, BIRTH_DATE, DEATH_DATE, REG_DATE) values("DMO37493", "Brianna", "Coleman", "F", "1961-02-22T09:44:55-04:00", null, "2014-09-13T16:39:27-04:00");
insert into PERSON_2(PID, WC, TG, HDL, BP, GLC) values("DMO37493", null, "144.2", "37.3", "108/97", "85.0");
insert into PERSON_3(PID, TYPE_ID, IDENTITY_ID) values("DMO37493", "1", "007126511");
insert into ENCOUNTER(PID, ADMSN_TIME, CONTACT_DATE) values("DMO37493", "2014-09-14T07:33:00-04:00", "2014-09-14");

insert into PERSON(PID, FIRST_NAME, LAST_NAME, SEX, BIRTH_DATE, DEATH_DATE, REG_DATE) values("DMO95006", "Addison", "Price", "F", "1977-05-03T09:04:30-04:00", null, "2014-07-28T00:04:55-04:00");
insert into PERSON_2(PID, WC, TG, HDL, BP, GLC) values("DMO95006", "112.3", "129.4", "32.3", "152/78", "105.3");
insert into PERSON_3(PID, TYPE_ID, IDENTITY_ID) values("DMO95006", "1", "000191041");
insert into ENCOUNTER(PID, ADMSN_TIME, CONTACT_DATE) values("DMO95006", "2014-07-28T17:26:22-04:00", "2014-07-28");

insert into PERSON(PID, FIRST_NAME, LAST_NAME, SEX, BIRTH_DATE, DEATH_DATE, REG_DATE) values("DMO98172", "Kayden", "Parker", "M", "1960-01-17T12:32:59-04:00", null, "2014-09-06T11:28:34-04:00");
insert into PERSON_2(PID, WC, TG, HDL, BP, GLC) values("DMO98172", "103.5", "177.0", "43.1", "137/81", "91.8");
insert into PERSON_3(PID, TYPE_ID, IDENTITY_ID) values("DMO98172", "1", "009715010");
insert into ENCOUNTER(PID, ADMSN_TIME, CONTACT_DATE) values("DMO98172", "2014-09-07T08:53:34-04:00", "2014-09-07");

insert into PERSON(PID, FIRST_NAME, LAST_NAME, SEX, BIRTH_DATE, DEATH_DATE, REG_DATE) values("DMO26133", "Jackson", "Ramirez", "M", "1971-01-10T09:52:16-04:00", null, "2014-08-23T13:11:56-04:00");
insert into PERSON_2(PID, WC, TG, HDL, BP, GLC) values("DMO26133", "113.5", "128.9", "39.6", "135/99", null);
insert into PERSON_3(PID, TYPE_ID, IDENTITY_ID) values("DMO26133", "1", "006131396");
insert into ENCOUNTER(PID, ADMSN_TIME, CONTACT_DATE) values("DMO26133", "2014-08-24T10:12:05-04:00", "2014-08-24");

insert into PERSON(PID, FIRST_NAME, LAST_NAME, SEX, BIRTH_DATE, DEATH_DATE, REG_DATE) values("DMO99476", "Christian", "Parker", "M", "1981-05-22T17:15:59-04:00", null, "2014-05-02T00:11:43-04:00");
insert into PERSON_2(PID, WC, TG, HDL, BP, GLC) values("DMO99476", "79.1", "122.2", "47.7", "150/82", "106.0");
insert into PERSON_3(PID, TYPE_ID, IDENTITY_ID) values("DMO99476", "1", "009634037");
insert into ENCOUNTER(PID, ADMSN_TIME, CONTACT_DATE) values("DMO99476", "2014-05-02T10:20:13-04:00", "2014-05-02");

insert into PERSON(PID, FIRST_NAME, LAST_NAME, SEX, BIRTH_DATE, DEATH_DATE, REG_DATE) values("DMO84338", "Kayla", "Brooks", "F", "2013-01-23T05:42:10-04:00", null, "2014-04-29T08:04:25-04:00");
insert into PERSON_2(PID, WC, TG, HDL, BP, GLC) values("DMO84338", "111.7", "147.3", "30.2", "131/96", null);
insert into PERSON_3(PID, TYPE_ID, IDENTITY_ID) values("DMO84338", "1", "009876424");
insert into ENCOUNTER(PID, ADMSN_TIME, CONTACT_DATE) values("DMO84338", "2014-05-01T00:54:54-04:00", "2014-05-01");

insert into PERSON(PID, FIRST_NAME, LAST_NAME, SEX, BIRTH_DATE, DEATH_DATE, REG_DATE) values("DMO14187", "Luis", "Collins", "M", "1956-09-23T13:39:18-04:00", null, "2014-09-23T13:42:52-04:00");
insert into PERSON_2(PID, WC, TG, HDL, BP, GLC) values("DMO14187", "108.7", "131.5", "38.3", "121/74", "89.9");
insert into PERSON_3(PID, TYPE_ID, IDENTITY_ID) values("DMO14187", "1", "002499551");
insert into ENCOUNTER(PID, ADMSN_TIME, CONTACT_DATE) values("DMO14187", "2014-09-25T11:38:33-04:00", "2014-09-25");

insert into PERSON(PID, FIRST_NAME, LAST_NAME, SEX, BIRTH_DATE, DEATH_DATE, REG_DATE) values("DMO51446", "Adam", "Rogers", "M", "2009-12-28T10:19:18-04:00", null, "2014-04-19T02:24:35-04:00");
insert into PERSON_2(PID, WC, TG, HDL, BP, GLC) values("DMO51446", "103.4", "160.4", "41.3", "146/101", "99.1");
insert into PERSON_3(PID, TYPE_ID, IDENTITY_ID) values("DMO51446", "1", "009538574");
insert into ENCOUNTER(PID, ADMSN_TIME, CONTACT_DATE) values("DMO51446", "2014-04-21T09:27:27-04:00", "2014-04-21");

insert into PERSON(PID, FIRST_NAME, LAST_NAME, SEX, BIRTH_DATE, DEATH_DATE, REG_DATE) values("DMO33467", "Skylar", "Scott", "F", "1950-10-15T13:33:11-04:00", null, "2014-05-30T22:05:08-04:00");
insert into PERSON_2(PID, WC, TG, HDL, BP, GLC) values("DMO33467", null, "139.3", "32.9", "136/88", "115.9");
insert into PERSON_3(PID, TYPE_ID, IDENTITY_ID) values("DMO33467", "1", "009164513");
insert into ENCOUNTER(PID, ADMSN_TIME, CONTACT_DATE) values("DMO33467", "2014-05-31T20:58:30-04:00", "2014-05-31");

insert into PERSON(PID, FIRST_NAME, LAST_NAME, SEX, BIRTH_DATE, DEATH_DATE, REG_DATE) values("DMO75646", "Ryan", "Mitchell", "M", "2010-09-16T22:47:56-04:00", null, "2014-04-26T17:10:17-04:00");
insert into PERSON_2(PID, WC, TG, HDL, BP, GLC) values("DMO75646", "119.7", "150.0", "35.8", "136/95", "112.6");
insert into PERSON_3(PID, TYPE_ID, IDENTITY_ID) values("DMO75646", "1", "002149739");
insert into ENCOUNTER(PID, ADMSN_TIME, CONTACT_DATE) values("DMO75646", "2014-04-28T18:11:28-04:00", "2014-04-28");

insert into PERSON(PID, FIRST_NAME, LAST_NAME, SEX, BIRTH_DATE, DEATH_DATE, REG_DATE) values("DMO28463", "Harper", "Green", "F", "1936-04-25T06:16:44-04:00", null, "2014-02-05T22:37:48-04:00");
insert into PERSON_2(PID, WC, TG, HDL, BP, GLC) values("DMO28463", "100.4", "143.3", "36.0", "111/95", "109.5");
insert into PERSON_3(PID, TYPE_ID, IDENTITY_ID) values("DMO28463", "1", "003761216");
insert into ENCOUNTER(PID, ADMSN_TIME, CONTACT_DATE) values("DMO28463", "2014-02-05T03:59:04-04:00", "2014-02-05");

insert into PERSON(PID, FIRST_NAME, LAST_NAME, SEX, BIRTH_DATE, DEATH_DATE, REG_DATE) values("DMO80807", "Madeline", "Bailey", "F", "1984-06-13T12:54:06-04:00", null, "2014-07-27T15:14:42-04:00");
insert into PERSON_2(PID, WC, TG, HDL, BP, GLC) values("DMO80807", "98.2", "140.0", "40.3", "105/89", "117.4");
insert into PERSON_3(PID, TYPE_ID, IDENTITY_ID) values("DMO80807", "1", "000393620");
insert into ENCOUNTER(PID, ADMSN_TIME, CONTACT_DATE) values("DMO80807", "2014-07-29T18:18:58-04:00", "2014-07-29");

insert into PERSON(PID, FIRST_NAME, LAST_NAME, SEX, BIRTH_DATE, DEATH_DATE, REG_DATE) values("DMO73841", "Blake", "Turner", "M", "1936-08-24T08:34:55-04:00", null, "2014-03-18T08:58:51-04:00");
insert into PERSON_2(PID, WC, TG, HDL, BP, GLC) values("DMO73841", "83.9", "156.1", "33.4", "151/67", "119.2");
insert into PERSON_3(PID, TYPE_ID, IDENTITY_ID) values("DMO73841", "1", "002924277");
insert into ENCOUNTER(PID, ADMSN_TIME, CONTACT_DATE) values("DMO73841", "2014-03-20T12:06:20-04:00", "2014-03-20");

insert into PERSON(PID, FIRST_NAME, LAST_NAME, SEX, BIRTH_DATE, DEATH_DATE, REG_DATE) values("DMO55643", "Hailey", "Turner", "F", "1962-07-24T05:37:09-04:00", null, "2014-01-15T10:03:37-04:00");
insert into PERSON_2(PID, WC, TG, HDL, BP, GLC) values("DMO55643", null, "161.6", "49.2", "114/68", "102.9");
insert into PERSON_3(PID, TYPE_ID, IDENTITY_ID) values("DMO55643", "1", "008892523");
insert into ENCOUNTER(PID, ADMSN_TIME, CONTACT_DATE) values("DMO55643", "2014-01-15T12:28:11-04:00", "2014-01-15");

insert into PERSON(PID, FIRST_NAME, LAST_NAME, SEX, BIRTH_DATE, DEATH_DATE, REG_DATE) values("DMO50755", "Jose", "Perez", "M", null, null, "2014-10-10T21:44:09-04:00");
insert into PERSON_2(PID, WC, TG, HDL, BP, GLC) values("DMO50755", "98.2", "134.1", "40.6", "134/96", "83.3");
insert into PERSON_3(PID, TYPE_ID, IDENTITY_ID) values("DMO50755", "1", "008428799");
insert into ENCOUNTER(PID, ADMSN_TIME, CONTACT_DATE) values("DMO50755", "2014-10-11T19:24:25-04:00", "2014-10-11");

insert into PERSON(PID, FIRST_NAME, LAST_NAME, SEX, BIRTH_DATE, DEATH_DATE, REG_DATE) values("DMO07994", "Nora", "Walker", "F", "1958-05-20T15:53:04-04:00", null, "2014-05-08T21:53:27-04:00");
insert into PERSON_2(PID, WC, TG, HDL, BP, GLC) values("DMO07994", "115.0", "136.9", "43.8", "131/84", "105.6");
insert into PERSON_3(PID, TYPE_ID, IDENTITY_ID) values("DMO07994", "1", "007915970");
insert into ENCOUNTER(PID, ADMSN_TIME, CONTACT_DATE) values("DMO07994", "2014-05-10T10:41:33-04:00", "2014-05-10");

insert into PERSON(PID, FIRST_NAME, LAST_NAME, SEX, BIRTH_DATE, DEATH_DATE, REG_DATE) values("DMO26520", "Thomas", "Jenkins", "M", "1978-06-03T07:49:23-04:00", null, "2014-08-07T11:02:22-04:00");
insert into PERSON_2(PID, WC, TG, HDL, BP, GLC) values("DMO26520", "124.1", "172.0", "41.1", "119/67", "109.0");
insert into PERSON_3(PID, TYPE_ID, IDENTITY_ID) values("DMO26520", "1", "001624125");
insert into ENCOUNTER(PID, ADMSN_TIME, CONTACT_DATE) values("DMO26520", "2014-08-07T01:00:47-04:00", "2014-08-07");

insert into PERSON(PID, FIRST_NAME, LAST_NAME, SEX, BIRTH_DATE, DEATH_DATE, REG_DATE) values("DMO48602", "Anna", "Alexander", "F", "1964-03-21T18:48:35-04:00", null, "2014-11-10T12:42:10-04:00");
insert into PERSON_2(PID, WC, TG, HDL, BP, GLC) values("DMO48602", "124.2", "152.0", "45.3", "138/100", "101.6");
insert into PERSON_3(PID, TYPE_ID, IDENTITY_ID) values("DMO48602", "1", "005861378");
insert into ENCOUNTER(PID, ADMSN_TIME, CONTACT_DATE) values("DMO48602", "2014-11-12T00:27:22-04:00", "2014-11-12");

insert into PERSON(PID, FIRST_NAME, LAST_NAME, SEX, BIRTH_DATE, DEATH_DATE, REG_DATE) values("DMO87968", "Noah", "Rogers", "M", "2006-08-10T09:24:49-04:00", null, "2014-04-06T06:26:45-04:00");
insert into PERSON_2(PID, WC, TG, HDL, BP, GLC) values("DMO87968", "93.5", "167.5", "40.4", "154/81", null);
insert into PERSON_3(PID, TYPE_ID, IDENTITY_ID) values("DMO87968", "1", "003979531");
insert into ENCOUNTER(PID, ADMSN_TIME, CONTACT_DATE) values("DMO87968", "2014-04-06T10:59:41-04:00", "2014-04-06");

insert into PERSON(PID, FIRST_NAME, LAST_NAME, SEX, BIRTH_DATE, DEATH_DATE, REG_DATE) values("DMO24948", "Khloe", "Ramirez", "F", null, null, "2014-05-25T20:24:14-04:00");
insert into PERSON_2(PID, WC, TG, HDL, BP, GLC) values("DMO24948", "103.9", "177.4", "48.0", "131/78", "82.3");
insert into PERSON_3(PID, TYPE_ID, IDENTITY_ID) values("DMO24948", "1", "007686427");
insert into ENCOUNTER(PID, ADMSN_TIME, CONTACT_DATE) values("DMO24948", "2014-05-25T09:35:38-04:00", "2014-05-25");

insert into PERSON(PID, FIRST_NAME, LAST_NAME, SEX, BIRTH_DATE, DEATH_DATE, REG_DATE) values("DMO17232", "Zoe", "Sanders", "F", "1958-12-03T17:25:46-04:00", null, "2014-06-24T08:38:54-04:00");
insert into PERSON_2(PID, WC, TG, HDL, BP, GLC) values("DMO17232", "79.8", "120.9", "49.5", "147/89", "109.4");
insert into PERSON_3(PID, TYPE_ID, IDENTITY_ID) values("DMO17232", "1", "006536068");
insert into ENCOUNTER(PID, ADMSN_TIME, CONTACT_DATE) values("DMO17232", "2014-06-26T05:17:56-04:00", "2014-06-26");

insert into PERSON(PID, FIRST_NAME, LAST_NAME, SEX, BIRTH_DATE, DEATH_DATE, REG_DATE) values("DMO66060", "Connor", "Cook", "M", "1971-08-25T11:19:38-04:00", null, "2014-12-25T10:37:03-04:00");
insert into PERSON_2(PID, WC, TG, HDL, BP, GLC) values("DMO66060", "122.2", "154.1", "42.7", "109/84", "119.8");
insert into PERSON_3(PID, TYPE_ID, IDENTITY_ID) values("DMO66060", "1", "001230663");
insert into ENCOUNTER(PID, ADMSN_TIME, CONTACT_DATE) values("DMO66060", "2014-12-25T15:39:12-04:00", "2014-12-25");

insert into PERSON(PID, FIRST_NAME, LAST_NAME, SEX, BIRTH_DATE, DEATH_DATE, REG_DATE) values("DMO80513", "Ariana", "King", "F", null, null, "2014-02-06T14:02:34-04:00");
insert into PERSON_2(PID, WC, TG, HDL, BP, GLC) values("DMO80513", "93.9", "148.0", "36.4", "120/89", null);
insert into PERSON_3(PID, TYPE_ID, IDENTITY_ID) values("DMO80513", "1", "000920438");
insert into ENCOUNTER(PID, ADMSN_TIME, CONTACT_DATE) values("DMO80513", "2014-02-08T16:53:47-04:00", "2014-02-08");

insert into PERSON(PID, FIRST_NAME, LAST_NAME, SEX, BIRTH_DATE, DEATH_DATE, REG_DATE) values("DMO40796", "Melanie", "Adams", "F", "2011-06-12T11:46:01-04:00", null, "2014-05-05T16:50:58-04:00");
insert into PERSON_2(PID, WC, TG, HDL, BP, GLC) values("DMO40796", "114.9", "165.7", "36.7", "153/97", "113.5");
insert into PERSON_3(PID, TYPE_ID, IDENTITY_ID) values("DMO40796", "1", "007761275");
insert into ENCOUNTER(PID, ADMSN_TIME, CONTACT_DATE) values("DMO40796", "2014-05-07T00:44:05-04:00", "2014-05-07");

insert into PERSON(PID, FIRST_NAME, LAST_NAME, SEX, BIRTH_DATE, DEATH_DATE, REG_DATE) values("DMO04637", "Annabelle", "Bailey", "F", "1966-12-10T20:03:57-04:00", null, "2014-12-19T20:25:51-04:00");
insert into PERSON_2(PID, WC, TG, HDL, BP, GLC) values("DMO04637", "93.0", "128.2", "48.5", "127/101", "107.1");
insert into PERSON_3(PID, TYPE_ID, IDENTITY_ID) values("DMO04637", "1", "003086791");
insert into ENCOUNTER(PID, ADMSN_TIME, CONTACT_DATE) values("DMO04637", "2014-12-19T18:24:20-04:00", "2014-12-19");

insert into PERSON(PID, FIRST_NAME, LAST_NAME, SEX, BIRTH_DATE, DEATH_DATE, REG_DATE) values("DMO84242", "Jason", "Moore", "M", "1983-12-31T01:29:53-04:00", null, "2014-09-23T11:00:39-04:00");
insert into PERSON_2(PID, WC, TG, HDL, BP, GLC) values("DMO84242", "108.8", "155.2", "36.1", "107/82", "89.6");
insert into PERSON_3(PID, TYPE_ID, IDENTITY_ID) values("DMO84242", "1", "008889503");
insert into ENCOUNTER(PID, ADMSN_TIME, CONTACT_DATE) values("DMO84242", "2014-09-23T06:03:39-04:00", "2014-09-23");

insert into PERSON(PID, FIRST_NAME, LAST_NAME, SEX, BIRTH_DATE, DEATH_DATE, REG_DATE) values("DMO71892", "Emma", "Edwards", "F", "1986-08-24T12:36:29-04:00", null, "2014-05-12T08:00:17-04:00");
insert into PERSON_2(PID, WC, TG, HDL, BP, GLC) values("DMO71892", "91.5", "130.0", "39.7", "154/101", "95.6");
insert into PERSON_3(PID, TYPE_ID, IDENTITY_ID) values("DMO71892", "1", "002957346");
insert into ENCOUNTER(PID, ADMSN_TIME, CONTACT_DATE) values("DMO71892", "2014-05-12T17:47:59-04:00", "2014-05-12");

insert into PERSON(PID, FIRST_NAME, LAST_NAME, SEX, BIRTH_DATE, DEATH_DATE, REG_DATE) values("DMO37005", "Taylor", "Long", "F", "2004-08-12T04:22:07-04:00", null, "2014-11-15T05:30:10-04:00");
insert into PERSON_2(PID, WC, TG, HDL, BP, GLC) values("DMO37005", "119.4", "146.0", "31.5", null, "106.6");
insert into PERSON_3(PID, TYPE_ID, IDENTITY_ID) values("DMO37005", "1", "009155424");
insert into ENCOUNTER(PID, ADMSN_TIME, CONTACT_DATE) values("DMO37005", "2014-11-16T12:03:51-04:00", "2014-11-16");

insert into PERSON(PID, FIRST_NAME, LAST_NAME, SEX, BIRTH_DATE, DEATH_DATE, REG_DATE) values("DMO97632", "Carter", "Watson", "M", "1953-07-03T11:39:32-04:00", null, "2014-11-12T12:28:14-04:00");
insert into PERSON_2(PID, WC, TG, HDL, BP, GLC) values("DMO97632", "98.9", "169.2", "36.9", "143/66", "108.1");
insert into PERSON_3(PID, TYPE_ID, IDENTITY_ID) values("DMO97632", "1", "002615655");
insert into ENCOUNTER(PID, ADMSN_TIME, CONTACT_DATE) values("DMO97632", "2014-11-14T15:41:33-04:00", "2014-11-14");

insert into PERSON(PID, FIRST_NAME, LAST_NAME, SEX, BIRTH_DATE, DEATH_DATE, REG_DATE) values("DMO63569", "Serenity", "Simmons", "F", "1981-03-17T05:08:14-04:00", null, "2014-02-27T20:30:37-04:00");
insert into PERSON_2(PID, WC, TG, HDL, BP, GLC) values("DMO63569", "87.2", "156.2", "49.7", "116/94", "91.1");
insert into PERSON_3(PID, TYPE_ID, IDENTITY_ID) values("DMO63569", "1", "000477071");
insert into ENCOUNTER(PID, ADMSN_TIME, CONTACT_DATE) values("DMO63569", "2014-02-28T14:36:50-04:00", "2014-02-28");

insert into PERSON(PID, FIRST_NAME, LAST_NAME, SEX, BIRTH_DATE, DEATH_DATE, REG_DATE) values("DMO94130", "Piper", "Coleman", "F", "1979-04-11T20:30:25-04:00", null, "2014-05-14T08:12:25-04:00");
insert into PERSON_2(PID, WC, TG, HDL, BP, GLC) values("DMO94130", "114.6", "125.3", "32.1", "127/69", "92.2");
insert into PERSON_3(PID, TYPE_ID, IDENTITY_ID) values("DMO94130", "1", "005345809");
insert into ENCOUNTER(PID, ADMSN_TIME, CONTACT_DATE) values("DMO94130", "2014-05-15T09:57:39-04:00", "2014-05-15");

insert into PERSON(PID, FIRST_NAME, LAST_NAME, SEX, BIRTH_DATE, DEATH_DATE, REG_DATE) values("DMO30417", "Chloe", "Kelly", "F", "2007-06-18T08:34:54-04:00", null, "2014-09-27T23:59:10-04:00");
insert into PERSON_2(PID, WC, TG, HDL, BP, GLC) values("DMO30417", "90.0", "127.8", "34.4", "112/99", "116.5");
insert into PERSON_3(PID, TYPE_ID, IDENTITY_ID) values("DMO30417", "1", "005928495");
insert into ENCOUNTER(PID, ADMSN_TIME, CONTACT_DATE) values("DMO30417", "2014-09-28T12:48:22-04:00", "2014-09-28");

insert into PERSON(PID, FIRST_NAME, LAST_NAME, SEX, BIRTH_DATE, DEATH_DATE, REG_DATE) values("DMO75779", "Kennedy", "Long", "F", "2011-10-06T20:47:52-04:00", null, "2014-08-05T23:07:21-04:00");
insert into PERSON_2(PID, WC, TG, HDL, BP, GLC) values("DMO75779", "86.0", "146.9", "40.3", "132/102", "83.2");
insert into PERSON_3(PID, TYPE_ID, IDENTITY_ID) values("DMO75779", "1", "007165196");
insert into ENCOUNTER(PID, ADMSN_TIME, CONTACT_DATE) values("DMO75779", "2014-08-05T22:28:22-04:00", "2014-08-05");

insert into PERSON(PID, FIRST_NAME, LAST_NAME, SEX, BIRTH_DATE, DEATH_DATE, REG_DATE) values("DMO29740", "Parker", "Russell", "M", null, null, "2014-01-24T20:53:14-04:00");
insert into PERSON_2(PID, WC, TG, HDL, BP, GLC) values("DMO29740", "83.8", null, "46.1", "137/78", "96.4");
insert into PERSON_3(PID, TYPE_ID, IDENTITY_ID) values("DMO29740", "1", "005843874");
insert into ENCOUNTER(PID, ADMSN_TIME, CONTACT_DATE) values("DMO29740", "2014-01-25T08:30:30-04:00", "2014-01-25");

insert into PERSON(PID, FIRST_NAME, LAST_NAME, SEX, BIRTH_DATE, DEATH_DATE, REG_DATE) values("DMO34537", "Violet", "Carter", "F", "1954-01-13T06:11:07-04:00", null, "2014-08-27T21:13:23-04:00");
insert into PERSON_2(PID, WC, TG, HDL, BP, GLC) values("DMO34537", "104.3", "156.3", "42.2", "121/89", "89.6");
insert into PERSON_3(PID, TYPE_ID, IDENTITY_ID) values("DMO34537", "1", "004195724");
insert into ENCOUNTER(PID, ADMSN_TIME, CONTACT_DATE) values("DMO34537", "2014-08-27T06:00:22-04:00", "2014-08-27");

insert into PERSON(PID, FIRST_NAME, LAST_NAME, SEX, BIRTH_DATE, DEATH_DATE, REG_DATE) values("DMO74128", "Damian", "Edwards", "M", "1997-10-10T16:33:31-04:00", null, "2014-05-24T10:19:33-04:00");
insert into PERSON_2(PID, WC, TG, HDL, BP, GLC) values("DMO74128", "118.9", null, "34.8", "127/82", "90.8");
insert into PERSON_3(PID, TYPE_ID, IDENTITY_ID) values("DMO74128", "1", "009912660");
insert into ENCOUNTER(PID, ADMSN_TIME, CONTACT_DATE) values("DMO74128", "2014-05-26T16:54:31-04:00", "2014-05-26");

insert into PERSON(PID, FIRST_NAME, LAST_NAME, SEX, BIRTH_DATE, DEATH_DATE, REG_DATE) values("DMO84742", "Bella", "Robinson", "F", "1935-03-28T00:39:12-04:00", null, "2014-02-27T14:05:40-04:00");
insert into PERSON_2(PID, WC, TG, HDL, BP, GLC) values("DMO84742", "78.6", "175.6", "47.7", "131/91", "105.5");
insert into PERSON_3(PID, TYPE_ID, IDENTITY_ID) values("DMO84742", "1", "009532134");
insert into ENCOUNTER(PID, ADMSN_TIME, CONTACT_DATE) values("DMO84742", "2014-03-01T04:54:30-04:00", "2014-03-01");

insert into PERSON(PID, FIRST_NAME, LAST_NAME, SEX, BIRTH_DATE, DEATH_DATE, REG_DATE) values("DMO18559", "Genesis", "Bryant", "F", "1930-08-28T19:04:29-04:00", null, "2014-02-17T06:13:47-04:00");
insert into PERSON_2(PID, WC, TG, HDL, BP, GLC) values("DMO18559", "102.9", "147.5", "42.5", "123/98", "82.3");
insert into PERSON_3(PID, TYPE_ID, IDENTITY_ID) values("DMO18559", "1", "006931406");
insert into ENCOUNTER(PID, ADMSN_TIME, CONTACT_DATE) values("DMO18559", "2014-02-18T08:39:03-04:00", "2014-02-18");

insert into PERSON(PID, FIRST_NAME, LAST_NAME, SEX, BIRTH_DATE, DEATH_DATE, REG_DATE) values("DMO88006", "Skylar", "Richardson", "F", "1965-07-23T12:30:49-04:00", null, "2014-02-25T00:39:30-04:00");
insert into PERSON_2(PID, WC, TG, HDL, BP, GLC) values("DMO88006", "98.4", "126.1", "43.0", "146/84", null);
insert into PERSON_3(PID, TYPE_ID, IDENTITY_ID) values("DMO88006", "1", "009270774");
insert into ENCOUNTER(PID, ADMSN_TIME, CONTACT_DATE) values("DMO88006", "2014-02-25T01:03:21-04:00", "2014-02-25");

insert into PERSON(PID, FIRST_NAME, LAST_NAME, SEX, BIRTH_DATE, DEATH_DATE, REG_DATE) values("DMO35068", "Nathan", "Butler", "M", "1976-05-03T14:20:40-04:00", null, "2014-10-26T18:52:40-04:00");
insert into PERSON_2(PID, WC, TG, HDL, BP, GLC) values("DMO35068", "105.7", "124.2", "37.1", "118/69", "94.9");
insert into PERSON_3(PID, TYPE_ID, IDENTITY_ID) values("DMO35068", "1", "001762257");
insert into ENCOUNTER(PID, ADMSN_TIME, CONTACT_DATE) values("DMO35068", "2014-10-26T22:19:20-04:00", "2014-10-26");

insert into PERSON(PID, FIRST_NAME, LAST_NAME, SEX, BIRTH_DATE, DEATH_DATE, REG_DATE) values("DMO11236", "Nicole", "Bailey", "F", "1964-02-28T01:10:15-04:00", null, "2014-04-13T15:41:21-04:00");
insert into PERSON_2(PID, WC, TG, HDL, BP, GLC) values("DMO11236", "98.0", "151.6", null, "123/98", "100.5");
insert into PERSON_3(PID, TYPE_ID, IDENTITY_ID) values("DMO11236", "1", "004874467");
insert into ENCOUNTER(PID, ADMSN_TIME, CONTACT_DATE) values("DMO11236", "2014-04-13T02:21:48-04:00", "2014-04-13");

insert into PERSON(PID, FIRST_NAME, LAST_NAME, SEX, BIRTH_DATE, DEATH_DATE, REG_DATE) values("DMO66159", "Cameron", "Martin", "M", "2005-04-28T19:55:04-04:00", null, "2014-09-27T20:19:19-04:00");
insert into PERSON_2(PID, WC, TG, HDL, BP, GLC) values("DMO66159", "124.8", "126.3", "44.1", "105/99", "112.1");
insert into PERSON_3(PID, TYPE_ID, IDENTITY_ID) values("DMO66159", "1", "002104070");
insert into ENCOUNTER(PID, ADMSN_TIME, CONTACT_DATE) values("DMO66159", "2014-09-28T19:07:34-04:00", "2014-09-28");

insert into PERSON(PID, FIRST_NAME, LAST_NAME, SEX, BIRTH_DATE, DEATH_DATE, REG_DATE) values("DMO43341", "Angel", "James", "M", "2003-11-05T07:12:29-04:00", null, "2014-05-03T17:50:30-04:00");
insert into PERSON_2(PID, WC, TG, HDL, BP, GLC) values("DMO43341", "123.8", "167.2", "30.3", "151/87", "87.9");
insert into PERSON_3(PID, TYPE_ID, IDENTITY_ID) values("DMO43341", "1", "005166242");
insert into ENCOUNTER(PID, ADMSN_TIME, CONTACT_DATE) values("DMO43341", "2014-05-04T09:36:57-04:00", "2014-05-04");

insert into PERSON(PID, FIRST_NAME, LAST_NAME, SEX, BIRTH_DATE, DEATH_DATE, REG_DATE) values("DMO18396", "Victoria", "Bryant", "F", "1960-11-17T04:18:14-04:00", null, "2014-06-15T15:36:11-04:00");
insert into PERSON_2(PID, WC, TG, HDL, BP, GLC) values("DMO18396", "84.5", "134.7", "32.2", "154/102", "102.8");
insert into PERSON_3(PID, TYPE_ID, IDENTITY_ID) values("DMO18396", "1", "005691541");
insert into ENCOUNTER(PID, ADMSN_TIME, CONTACT_DATE) values("DMO18396", "2014-06-15T22:11:24-04:00", "2014-06-15");

insert into PERSON(PID, FIRST_NAME, LAST_NAME, SEX, BIRTH_DATE, DEATH_DATE, REG_DATE) values("DMO95751", "Adam", "Jones", "M", "1969-10-09T21:00:23-04:00", null, "2014-05-01T10:06:48-04:00");
insert into PERSON_2(PID, WC, TG, HDL, BP, GLC) values("DMO95751", "117.4", "141.7", "40.1", "150/68", "82.4");
insert into PERSON_3(PID, TYPE_ID, IDENTITY_ID) values("DMO95751", "1", "000665535");
insert into ENCOUNTER(PID, ADMSN_TIME, CONTACT_DATE) values("DMO95751", "2014-05-02T22:59:33-04:00", "2014-05-02");

insert into PERSON(PID, FIRST_NAME, LAST_NAME, SEX, BIRTH_DATE, DEATH_DATE, REG_DATE) values("DMO41739", "Harper", "Williams", "F", "1973-08-19T21:16:33-04:00", null, "2014-11-03T15:17:45-04:00");
insert into PERSON_2(PID, WC, TG, HDL, BP, GLC) values("DMO41739", "77.9", "132.9", "41.4", "141/101", "97.0");
insert into PERSON_3(PID, TYPE_ID, IDENTITY_ID) values("DMO41739", "1", "000603476");
insert into ENCOUNTER(PID, ADMSN_TIME, CONTACT_DATE) values("DMO41739", "2014-11-03T20:17:35-04:00", "2014-11-03");

insert into PERSON(PID, FIRST_NAME, LAST_NAME, SEX, BIRTH_DATE, DEATH_DATE, REG_DATE) values("DMO77611", "Jase", "White", "M", "1997-01-04T13:53:26-04:00", null, "2014-12-03T14:04:53-04:00");
insert into PERSON_2(PID, WC, TG, HDL, BP, GLC) values("DMO77611", "117.8", "157.3", null, null, "103.5");
insert into PERSON_3(PID, TYPE_ID, IDENTITY_ID) values("DMO77611", "1", "001947508");
insert into ENCOUNTER(PID, ADMSN_TIME, CONTACT_DATE) values("DMO77611", "2014-12-04T11:23:46-04:00", "2014-12-04");

insert into PERSON(PID, FIRST_NAME, LAST_NAME, SEX, BIRTH_DATE, DEATH_DATE, REG_DATE) values("DMO92005", "Aaron", "Moore", "M", "2000-06-21T18:42:13-04:00", null, "2014-04-03T00:33:30-04:00");
insert into PERSON_2(PID, WC, TG, HDL, BP, GLC) values("DMO92005", "112.5", "155.7", "49.9", null, "95.0");
insert into PERSON_3(PID, TYPE_ID, IDENTITY_ID) values("DMO92005", "1", "000004876");
insert into ENCOUNTER(PID, ADMSN_TIME, CONTACT_DATE) values("DMO92005", "2014-04-03T19:46:40-04:00", "2014-04-03");

insert into PERSON(PID, FIRST_NAME, LAST_NAME, SEX, BIRTH_DATE, DEATH_DATE, REG_DATE) values("DMO15047", "Ellie", "Bailey", "F", "1960-11-07T08:58:20-04:00", null, "2014-11-29T17:15:16-04:00");
insert into PERSON_2(PID, WC, TG, HDL, BP, GLC) values("DMO15047", "100.3", "174.8", "48.0", "120/85", "119.3");
insert into PERSON_3(PID, TYPE_ID, IDENTITY_ID) values("DMO15047", "1", "001796242");
insert into ENCOUNTER(PID, ADMSN_TIME, CONTACT_DATE) values("DMO15047", "2014-11-30T03:53:06-04:00", "2014-11-30");

insert into PERSON(PID, FIRST_NAME, LAST_NAME, SEX, BIRTH_DATE, DEATH_DATE, REG_DATE) values("DMO73331", "Christopher", "Taylor", "M", "1988-09-01T02:44:06-04:00", null, "2014-01-17T04:18:19-04:00");
insert into PERSON_2(PID, WC, TG, HDL, BP, GLC) values("DMO73331", "102.9", null, "30.4", "134/103", "111.3");
insert into PERSON_3(PID, TYPE_ID, IDENTITY_ID) values("DMO73331", "1", "001103293");
insert into ENCOUNTER(PID, ADMSN_TIME, CONTACT_DATE) values("DMO73331", "2014-01-18T18:34:49-04:00", "2014-01-18");

insert into PERSON(PID, FIRST_NAME, LAST_NAME, SEX, BIRTH_DATE, DEATH_DATE, REG_DATE) values("DMO06466", "Zoe", "Nelson", "F", "1955-03-29T02:22:09-04:00", "2011-09-07T16:37:30-04:00", "2014-04-09T16:06:38-04:00");
insert into PERSON_2(PID, WC, TG, HDL, BP, GLC) values("DMO06466", "77.1", "166.4", null, "137/100", "107.0");
insert into PERSON_3(PID, TYPE_ID, IDENTITY_ID) values("DMO06466", "1", "004975523");
insert into ENCOUNTER(PID, ADMSN_TIME, CONTACT_DATE) values("DMO06466", "2014-04-10T08:01:12-04:00", "2014-04-10");

insert into PERSON(PID, FIRST_NAME, LAST_NAME, SEX, BIRTH_DATE, DEATH_DATE, REG_DATE) values("DMO80524", "Alexa", "Hill", "F", "1939-02-10T14:45:50-04:00", null, "2014-10-25T04:54:00-04:00");
insert into PERSON_2(PID, WC, TG, HDL, BP, GLC) values("DMO80524", "121.9", "145.9", "49.1", "139/70", "90.2");
insert into PERSON_3(PID, TYPE_ID, IDENTITY_ID) values("DMO80524", "1", "007399736");
insert into ENCOUNTER(PID, ADMSN_TIME, CONTACT_DATE) values("DMO80524", "2014-10-27T21:30:43-04:00", "2014-10-27");

insert into PERSON(PID, FIRST_NAME, LAST_NAME, SEX, BIRTH_DATE, DEATH_DATE, REG_DATE) values("DMO79532", "Luke", "Jenkins", "M", "1959-08-11T10:32:30-04:00", null, "2014-10-16T11:13:40-04:00");
insert into PERSON_2(PID, WC, TG, HDL, BP, GLC) values("DMO79532", "108.1", "161.8", "40.3", "152/65", "105.2");
insert into PERSON_3(PID, TYPE_ID, IDENTITY_ID) values("DMO79532", "1", "000557933");
insert into ENCOUNTER(PID, ADMSN_TIME, CONTACT_DATE) values("DMO79532", "2014-10-18T22:14:41-04:00", "2014-10-18");

insert into PERSON(PID, FIRST_NAME, LAST_NAME, SEX, BIRTH_DATE, DEATH_DATE, REG_DATE) values("DMO16696", "Noah", "Bryant", "M", "2005-11-21T15:20:38-04:00", null, "2014-03-08T11:39:52-04:00");
insert into PERSON_2(PID, WC, TG, HDL, BP, GLC) values("DMO16696", "82.8", "169.0", "47.8", "123/90", null);
insert into PERSON_3(PID, TYPE_ID, IDENTITY_ID) values("DMO16696", "1", "006207641");
insert into ENCOUNTER(PID, ADMSN_TIME, CONTACT_DATE) values("DMO16696", "2014-03-09T19:00:52-04:00", "2014-03-09");

insert into PERSON(PID, FIRST_NAME, LAST_NAME, SEX, BIRTH_DATE, DEATH_DATE, REG_DATE) values("DMO85731", "Adam", "Perez", "M", "1942-03-09T03:54:45-04:00", "1993-08-06T02:27:33-04:00", "2014-01-04T22:57:29-04:00");
insert into PERSON_2(PID, WC, TG, HDL, BP, GLC) values("DMO85731", "110.6", "133.3", "30.7", "119/66", "85.5");
insert into PERSON_3(PID, TYPE_ID, IDENTITY_ID) values("DMO85731", "1", "000830734");
insert into ENCOUNTER(PID, ADMSN_TIME, CONTACT_DATE) values("DMO85731", "2014-01-04T12:59:58-04:00", "2014-01-04");

insert into PERSON(PID, FIRST_NAME, LAST_NAME, SEX, BIRTH_DATE, DEATH_DATE, REG_DATE) values("DMO90109", "Skylar", "James", "F", "1992-05-24T22:20:45-04:00", null, "2014-10-26T20:02:09-04:00");
insert into PERSON_2(PID, WC, TG, HDL, BP, GLC) values("DMO90109", "105.5", "174.7", "30.4", "134/90", "94.8");
insert into PERSON_3(PID, TYPE_ID, IDENTITY_ID) values("DMO90109", "1", "003681178");
insert into ENCOUNTER(PID, ADMSN_TIME, CONTACT_DATE) values("DMO90109", "2014-10-28T00:21:04-04:00", "2014-10-28");

insert into PERSON(PID, FIRST_NAME, LAST_NAME, SEX, BIRTH_DATE, DEATH_DATE, REG_DATE) values("DMO93583", "Jonathan", "Butler", "M", "2012-01-22T10:17:15-04:00", null, "2014-05-31T05:15:53-04:00");
insert into PERSON_2(PID, WC, TG, HDL, BP, GLC) values("DMO93583", "111.1", "175.7", "48.7", "135/66", null);
insert into PERSON_3(PID, TYPE_ID, IDENTITY_ID) values("DMO93583", "1", "004061186");
insert into ENCOUNTER(PID, ADMSN_TIME, CONTACT_DATE) values("DMO93583", "2014-05-31T15:28:36-04:00", "2014-05-31");

insert into PERSON(PID, FIRST_NAME, LAST_NAME, SEX, BIRTH_DATE, DEATH_DATE, REG_DATE) values("DMO55497", "Adam", "Peterson", "M", "1942-03-05T23:28:59-04:00", null, "2014-04-18T18:25:45-04:00");
insert into PERSON_2(PID, WC, TG, HDL, BP, GLC) values("DMO55497", "104.3", "162.1", "33.7", "146/93", "97.1");
insert into PERSON_3(PID, TYPE_ID, IDENTITY_ID) values("DMO55497", "1", "008002233");
insert into ENCOUNTER(PID, ADMSN_TIME, CONTACT_DATE) values("DMO55497", "2014-04-19T11:33:16-04:00", "2014-04-19");

insert into PERSON(PID, FIRST_NAME, LAST_NAME, SEX, BIRTH_DATE, DEATH_DATE, REG_DATE) values("DMO84124", "Gavin", "Murphy", "M", null, null, "2014-08-01T09:29:37-04:00");
insert into PERSON_2(PID, WC, TG, HDL, BP, GLC) values("DMO84124", "122.4", "163.3", null, "140/93", "116.0");
insert into PERSON_3(PID, TYPE_ID, IDENTITY_ID) values("DMO84124", "1", "001736735");
insert into ENCOUNTER(PID, ADMSN_TIME, CONTACT_DATE) values("DMO84124", "2014-08-02T11:37:32-04:00", "2014-08-02");

insert into PERSON(PID, FIRST_NAME, LAST_NAME, SEX, BIRTH_DATE, DEATH_DATE, REG_DATE) values("DMO78017", "Ryan", "Hernandez", "M", "1979-08-15T06:07:37-04:00", null, "2014-04-09T01:15:58-04:00");
insert into PERSON_2(PID, WC, TG, HDL, BP, GLC) values("DMO78017", "121.2", "164.5", "47.5", "138/102", "87.6");
insert into PERSON_3(PID, TYPE_ID, IDENTITY_ID) values("DMO78017", "1", "000175505");
insert into ENCOUNTER(PID, ADMSN_TIME, CONTACT_DATE) values("DMO78017", "2014-04-09T23:55:29-04:00", "2014-04-09");

insert into PERSON(PID, FIRST_NAME, LAST_NAME, SEX, BIRTH_DATE, DEATH_DATE, REG_DATE) values("DMO83066", "Noah", "Torres", "M", "1949-09-10T02:14:22-04:00", null, "2014-02-05T02:00:52-04:00");
insert into PERSON_2(PID, WC, TG, HDL, BP, GLC) values("DMO83066", "103.2", null, "45.3", null, "92.6");
insert into PERSON_3(PID, TYPE_ID, IDENTITY_ID) values("DMO83066", "1", "002239330");
insert into ENCOUNTER(PID, ADMSN_TIME, CONTACT_DATE) values("DMO83066", "2014-02-05T05:57:47-04:00", "2014-02-05");

insert into PERSON(PID, FIRST_NAME, LAST_NAME, SEX, BIRTH_DATE, DEATH_DATE, REG_DATE) values("DMO84364", "Sebastian", "Adams", "M", "1932-10-14T05:55:15-04:00", null, "2014-10-09T11:24:19-04:00");
insert into PERSON_2(PID, WC, TG, HDL, BP, GLC) values("DMO84364", "92.5", "152.0", "41.7", "148/86", "93.5");
insert into PERSON_3(PID, TYPE_ID, IDENTITY_ID) values("DMO84364", "1", "000427287");
insert into ENCOUNTER(PID, ADMSN_TIME, CONTACT_DATE) values("DMO84364", "2014-10-11T12:51:35-04:00", "2014-10-11");

insert into PERSON(PID, FIRST_NAME, LAST_NAME, SEX, BIRTH_DATE, DEATH_DATE, REG_DATE) values("DMO42444", "Christopher", "Diaz", "M", "1971-06-15T17:01:17-04:00", null, "2014-03-22T14:30:54-04:00");
insert into PERSON_2(PID, WC, TG, HDL, BP, GLC) values("DMO42444", null, "130.5", "34.6", "129/92", "101.8");
insert into PERSON_3(PID, TYPE_ID, IDENTITY_ID) values("DMO42444", "1", "005254771");
insert into ENCOUNTER(PID, ADMSN_TIME, CONTACT_DATE) values("DMO42444", "2014-03-22T04:54:58-04:00", "2014-03-22");

insert into PERSON(PID, FIRST_NAME, LAST_NAME, SEX, BIRTH_DATE, DEATH_DATE, REG_DATE) values("DMO93808", "Madelyn", "Sanchez", "F", "1934-08-09T20:53:53-04:00", null, "2014-12-13T22:50:11-04:00");
insert into PERSON_2(PID, WC, TG, HDL, BP, GLC) values("DMO93808", "118.5", null, "46.1", "122/86", "113.6");
insert into PERSON_3(PID, TYPE_ID, IDENTITY_ID) values("DMO93808", "1", "002470584");
insert into ENCOUNTER(PID, ADMSN_TIME, CONTACT_DATE) values("DMO93808", "2014-12-15T14:29:19-04:00", "2014-12-15");

insert into PERSON(PID, FIRST_NAME, LAST_NAME, SEX, BIRTH_DATE, DEATH_DATE, REG_DATE) values("DMO54590", "Adrian", "Richardson", "M", "1940-10-25T15:30:47-04:00", null, "2014-08-06T01:49:58-04:00");
insert into PERSON_2(PID, WC, TG, HDL, BP, GLC) values("DMO54590", "117.0", "129.9", "48.2", "123/89", "110.1");
insert into PERSON_3(PID, TYPE_ID, IDENTITY_ID) values("DMO54590", "1", "007620103");
insert into ENCOUNTER(PID, ADMSN_TIME, CONTACT_DATE) values("DMO54590", "2014-08-06T11:43:03-04:00", "2014-08-06");

insert into PERSON(PID, FIRST_NAME, LAST_NAME, SEX, BIRTH_DATE, DEATH_DATE, REG_DATE) values("DMO65980", "Emma", "Brown", "F", "1946-05-11T03:54:33-04:00", null, "2014-06-15T23:02:09-04:00");
insert into PERSON_2(PID, WC, TG, HDL, BP, GLC) values("DMO65980", "83.6", "128.5", "39.1", "111/95", "99.7");
insert into PERSON_3(PID, TYPE_ID, IDENTITY_ID) values("DMO65980", "1", "001553147");
insert into ENCOUNTER(PID, ADMSN_TIME, CONTACT_DATE) values("DMO65980", "2014-06-16T13:51:54-04:00", "2014-06-16");

insert into PERSON(PID, FIRST_NAME, LAST_NAME, SEX, BIRTH_DATE, DEATH_DATE, REG_DATE) values("DMO03240", "Austin", "Williams", "M", "2000-04-11T07:56:25-04:00", null, "2014-10-25T06:30:38-04:00");
insert into PERSON_2(PID, WC, TG, HDL, BP, GLC) values("DMO03240", "86.6", "125.4", "45.0", "113/76", "97.5");
insert into PERSON_3(PID, TYPE_ID, IDENTITY_ID) values("DMO03240", "1", "008353120");
insert into ENCOUNTER(PID, ADMSN_TIME, CONTACT_DATE) values("DMO03240", "2014-10-26T21:48:49-04:00", "2014-10-26");

insert into PERSON(PID, FIRST_NAME, LAST_NAME, SEX, BIRTH_DATE, DEATH_DATE, REG_DATE) values("DMO31269", "Serenity", "Edwards", "F", "2006-01-20T09:23:38-04:00", null, "2014-09-28T18:31:19-04:00");
insert into PERSON_2(PID, WC, TG, HDL, BP, GLC) values("DMO31269", null, "157.2", "40.4", "124/96", "104.7");
insert into PERSON_3(PID, TYPE_ID, IDENTITY_ID) values("DMO31269", "1", "006563875");
insert into ENCOUNTER(PID, ADMSN_TIME, CONTACT_DATE) values("DMO31269", "2014-09-29T03:17:25-04:00", "2014-09-29");

insert into PERSON(PID, FIRST_NAME, LAST_NAME, SEX, BIRTH_DATE, DEATH_DATE, REG_DATE) values("DMO53463", "David", "Diaz", "M", null, null, "2014-10-26T15:41:45-04:00");
insert into PERSON_2(PID, WC, TG, HDL, BP, GLC) values("DMO53463", "117.1", "156.0", null, "153/78", "90.5");
insert into PERSON_3(PID, TYPE_ID, IDENTITY_ID) values("DMO53463", "1", "002438339");
insert into ENCOUNTER(PID, ADMSN_TIME, CONTACT_DATE) values("DMO53463", "2014-10-26T22:27:12-04:00", "2014-10-26");

insert into PERSON(PID, FIRST_NAME, LAST_NAME, SEX, BIRTH_DATE, DEATH_DATE, REG_DATE) values("DMO34384", "John", "Taylor", "M", null, null, "2014-02-04T11:36:20-04:00");
insert into PERSON_2(PID, WC, TG, HDL, BP, GLC) values("DMO34384", "77.9", "176.4", "49.4", "147/90", "105.3");
insert into PERSON_3(PID, TYPE_ID, IDENTITY_ID) values("DMO34384", "1", "001807113");
insert into ENCOUNTER(PID, ADMSN_TIME, CONTACT_DATE) values("DMO34384", "2014-02-05T07:30:55-04:00", "2014-02-05");

insert into PERSON(PID, FIRST_NAME, LAST_NAME, SEX, BIRTH_DATE, DEATH_DATE, REG_DATE) values("DMO67088", "Samantha", "Anderson", "F", "1972-07-06T01:47:36-04:00", null, "2014-07-29T21:16:47-04:00");
insert into PERSON_2(PID, WC, TG, HDL, BP, GLC) values("DMO67088", "95.5", null, "42.8", "124/89", "95.5");
insert into PERSON_3(PID, TYPE_ID, IDENTITY_ID) values("DMO67088", "1", "002439568");
insert into ENCOUNTER(PID, ADMSN_TIME, CONTACT_DATE) values("DMO67088", "2014-07-29T20:12:56-04:00", "2014-07-29");

insert into PERSON(PID, FIRST_NAME, LAST_NAME, SEX, BIRTH_DATE, DEATH_DATE, REG_DATE) values("DMO96531", "Henry", "Nelson", "M", null, null, "2014-03-02T06:20:21-04:00");
insert into PERSON_2(PID, WC, TG, HDL, BP, GLC) values("DMO96531", "91.8", "177.4", "44.5", "154/100", "118.4");
insert into PERSON_3(PID, TYPE_ID, IDENTITY_ID) values("DMO96531", "1", "003448940");
insert into ENCOUNTER(PID, ADMSN_TIME, CONTACT_DATE) values("DMO96531", "2014-03-03T14:05:05-04:00", "2014-03-03");

insert into PERSON(PID, FIRST_NAME, LAST_NAME, SEX, BIRTH_DATE, DEATH_DATE, REG_DATE) values("DMO24413", "Amelia", "Simmons", "F", null, null, "2014-12-15T13:24:15-04:00");
insert into PERSON_2(PID, WC, TG, HDL, BP, GLC) values("DMO24413", "104.7", "145.3", "42.5", "130/70", "104.4");
insert into PERSON_3(PID, TYPE_ID, IDENTITY_ID) values("DMO24413", "1", "001385997");
insert into ENCOUNTER(PID, ADMSN_TIME, CONTACT_DATE) values("DMO24413", "2014-12-16T20:31:50-04:00", "2014-12-16");

insert into PERSON(PID, FIRST_NAME, LAST_NAME, SEX, BIRTH_DATE, DEATH_DATE, REG_DATE) values("DMO73958", "Katherine", "Hayes", "F", "1987-03-07T21:35:22-04:00", null, "2014-02-23T08:30:42-04:00");
insert into PERSON_2(PID, WC, TG, HDL, BP, GLC) values("DMO73958", "77.3", "127.6", "48.9", "107/66", "105.4");
insert into PERSON_3(PID, TYPE_ID, IDENTITY_ID) values("DMO73958", "1", "007912446");
insert into ENCOUNTER(PID, ADMSN_TIME, CONTACT_DATE) values("DMO73958", "2014-02-25T13:11:48-04:00", "2014-02-25");

insert into PERSON(PID, FIRST_NAME, LAST_NAME, SEX, BIRTH_DATE, DEATH_DATE, REG_DATE) values("DMO03926", "Natalie", "Cox", "F", "2000-11-18T08:04:46-04:00", null, "2014-10-02T05:33:32-04:00");
insert into PERSON_2(PID, WC, TG, HDL, BP, GLC) values("DMO03926", "97.0", "179.7", "43.8", "132/103", "116.9");
insert into PERSON_3(PID, TYPE_ID, IDENTITY_ID) values("DMO03926", "1", "007739752");
insert into ENCOUNTER(PID, ADMSN_TIME, CONTACT_DATE) values("DMO03926", "2014-10-04T14:28:51-04:00", "2014-10-04");

insert into PERSON(PID, FIRST_NAME, LAST_NAME, SEX, BIRTH_DATE, DEATH_DATE, REG_DATE) values("DMO51153", "Ava", "Ward", "F", "1973-04-24T22:09:21-04:00", null, "2014-10-12T18:25:01-04:00");
insert into PERSON_2(PID, WC, TG, HDL, BP, GLC) values("DMO51153", "115.2", "133.8", "38.4", "105/96", "92.0");
insert into PERSON_3(PID, TYPE_ID, IDENTITY_ID) values("DMO51153", "1", "000254645");
insert into ENCOUNTER(PID, ADMSN_TIME, CONTACT_DATE) values("DMO51153", "2014-10-14T05:29:54-04:00", "2014-10-14");

insert into PERSON(PID, FIRST_NAME, LAST_NAME, SEX, BIRTH_DATE, DEATH_DATE, REG_DATE) values("DMO42843", "Oliver", "Jones", "M", null, null, "2014-05-04T21:17:23-04:00");
insert into PERSON_2(PID, WC, TG, HDL, BP, GLC) values("DMO42843", "86.1", "167.0", null, null, "90.1");
insert into PERSON_3(PID, TYPE_ID, IDENTITY_ID) values("DMO42843", "1", "002942293");
insert into ENCOUNTER(PID, ADMSN_TIME, CONTACT_DATE) values("DMO42843", "2014-05-06T03:20:12-04:00", "2014-05-06");

insert into PERSON(PID, FIRST_NAME, LAST_NAME, SEX, BIRTH_DATE, DEATH_DATE, REG_DATE) values("DMO37648", "Scarlett", "Hughes", "F", "1955-12-03T10:32:28-04:00", null, "2014-07-19T07:10:51-04:00");
insert into PERSON_2(PID, WC, TG, HDL, BP, GLC) values("DMO37648", "121.8", "136.5", "45.8", "142/86", "114.9");
insert into PERSON_3(PID, TYPE_ID, IDENTITY_ID) values("DMO37648", "1", "000588406");
insert into ENCOUNTER(PID, ADMSN_TIME, CONTACT_DATE) values("DMO37648", "2014-07-20T05:00:59-04:00", "2014-07-20");

insert into PERSON(PID, FIRST_NAME, LAST_NAME, SEX, BIRTH_DATE, DEATH_DATE, REG_DATE) values("DMO22437", "Addison", "Nelson", "F", "1993-06-28T10:24:32-04:00", null, "2014-05-11T22:37:36-04:00");
insert into PERSON_2(PID, WC, TG, HDL, BP, GLC) values("DMO22437", "101.1", "171.0", "47.9", "127/75", "89.1");
insert into PERSON_3(PID, TYPE_ID, IDENTITY_ID) values("DMO22437", "1", "008767477");
insert into ENCOUNTER(PID, ADMSN_TIME, CONTACT_DATE) values("DMO22437", "2014-05-13T18:43:57-04:00", "2014-05-13");

insert into PERSON(PID, FIRST_NAME, LAST_NAME, SEX, BIRTH_DATE, DEATH_DATE, REG_DATE) values("DMO20248", "Gabriella", "Gray", "F", "1952-03-25T22:17:17-04:00", null, "2014-05-30T00:30:33-04:00");
insert into PERSON_2(PID, WC, TG, HDL, BP, GLC) values("DMO20248", "89.2", "129.6", "45.8", "137/74", "117.6");
insert into PERSON_3(PID, TYPE_ID, IDENTITY_ID) values("DMO20248", "1", "004850026");
insert into ENCOUNTER(PID, ADMSN_TIME, CONTACT_DATE) values("DMO20248", "2014-06-01T22:21:02-04:00", "2014-06-01");

insert into PERSON(PID, FIRST_NAME, LAST_NAME, SEX, BIRTH_DATE, DEATH_DATE, REG_DATE) values("DMO14770", "Luke", "Reed", "M", "2012-02-02T00:23:19-04:00", null, "2014-01-23T01:19:32-04:00");
insert into PERSON_2(PID, WC, TG, HDL, BP, GLC) values("DMO14770", "84.9", "148.1", "40.3", "125/66", null);
insert into PERSON_3(PID, TYPE_ID, IDENTITY_ID) values("DMO14770", "1", "001132721");
insert into ENCOUNTER(PID, ADMSN_TIME, CONTACT_DATE) values("DMO14770", "2014-01-25T20:54:30-04:00", "2014-01-25");

insert into PERSON(PID, FIRST_NAME, LAST_NAME, SEX, BIRTH_DATE, DEATH_DATE, REG_DATE) values("DMO98957", "Faith", "Mitchell", "F", "1976-10-06T18:52:16-04:00", null, "2014-11-20T21:43:13-04:00");
insert into PERSON_2(PID, WC, TG, HDL, BP, GLC) values("DMO98957", "80.5", "159.0", "40.9", "106/97", "99.8");
insert into PERSON_3(PID, TYPE_ID, IDENTITY_ID) values("DMO98957", "1", "004351628");
insert into ENCOUNTER(PID, ADMSN_TIME, CONTACT_DATE) values("DMO98957", "2014-11-22T08:11:25-04:00", "2014-11-22");

insert into PERSON(PID, FIRST_NAME, LAST_NAME, SEX, BIRTH_DATE, DEATH_DATE, REG_DATE) values("DMO88451", "Benjamin", "Evans", "M", "1967-03-09T03:05:06-04:00", null, "2014-01-07T03:32:05-04:00");
insert into PERSON_2(PID, WC, TG, HDL, BP, GLC) values("DMO88451", null, "170.8", "47.9", "133/83", "87.6");
insert into PERSON_3(PID, TYPE_ID, IDENTITY_ID) values("DMO88451", "1", "000343225");
insert into ENCOUNTER(PID, ADMSN_TIME, CONTACT_DATE) values("DMO88451", "2014-01-09T06:04:48-04:00", "2014-01-09");

insert into PERSON(PID, FIRST_NAME, LAST_NAME, SEX, BIRTH_DATE, DEATH_DATE, REG_DATE) values("DMO58826", "Jackson", "Howard", "M", "1992-02-02T22:36:35-04:00", null, "2014-12-04T23:47:13-04:00");
insert into PERSON_2(PID, WC, TG, HDL, BP, GLC) values("DMO58826", "96.9", "148.6", "48.2", "119/94", "117.4");
insert into PERSON_3(PID, TYPE_ID, IDENTITY_ID) values("DMO58826", "1", "004250891");
insert into ENCOUNTER(PID, ADMSN_TIME, CONTACT_DATE) values("DMO58826", "2014-12-05T07:58:58-04:00", "2014-12-05");

insert into PERSON(PID, FIRST_NAME, LAST_NAME, SEX, BIRTH_DATE, DEATH_DATE, REG_DATE) values("DMO00894", "Emma", "Foster", "F", "1952-06-28T10:23:49-04:00", null, "2014-04-08T19:23:08-04:00");
insert into PERSON_2(PID, WC, TG, HDL, BP, GLC) values("DMO00894", "108.9", "178.3", "31.5", "145/77", "94.7");
insert into PERSON_3(PID, TYPE_ID, IDENTITY_ID) values("DMO00894", "1", "009669085");
insert into ENCOUNTER(PID, ADMSN_TIME, CONTACT_DATE) values("DMO00894", "2014-04-10T22:32:39-04:00", "2014-04-10");

insert into PERSON(PID, FIRST_NAME, LAST_NAME, SEX, BIRTH_DATE, DEATH_DATE, REG_DATE) values("DMO17122", "Zoey", "Gonzalez", "F", "1958-12-19T13:42:13-04:00", null, "2014-04-08T16:29:28-04:00");
insert into PERSON_2(PID, WC, TG, HDL, BP, GLC) values("DMO17122", "103.5", "134.6", "35.0", "150/89", "92.4");
insert into PERSON_3(PID, TYPE_ID, IDENTITY_ID) values("DMO17122", "1", "004541935");
insert into ENCOUNTER(PID, ADMSN_TIME, CONTACT_DATE) values("DMO17122", "2014-04-10T22:58:33-04:00", "2014-04-10");

insert into PERSON(PID, FIRST_NAME, LAST_NAME, SEX, BIRTH_DATE, DEATH_DATE, REG_DATE) values("DMO17076", "Alexa", "White", "F", "1947-10-01T07:37:40-04:00", null, "2014-01-30T16:28:41-04:00");
insert into PERSON_2(PID, WC, TG, HDL, BP, GLC) values("DMO17076", "114.1", "163.8", "39.8", "120/71", "99.5");
insert into PERSON_3(PID, TYPE_ID, IDENTITY_ID) values("DMO17076", "1", "004639249");
insert into ENCOUNTER(PID, ADMSN_TIME, CONTACT_DATE) values("DMO17076", "2014-01-31T18:40:11-04:00", "2014-01-31");

insert into PERSON(PID, FIRST_NAME, LAST_NAME, SEX, BIRTH_DATE, DEATH_DATE, REG_DATE) values("DMO54919", "Mackenzie", "Wood", "F", "1951-10-20T14:14:01-04:00", "1986-11-22T21:12:19-04:00", "2014-03-21T03:06:40-04:00");
insert into PERSON_2(PID, WC, TG, HDL, BP, GLC) values("DMO54919", "121.9", "143.5", "33.0", "110/93", "84.7");
insert into PERSON_3(PID, TYPE_ID, IDENTITY_ID) values("DMO54919", "1", "002223834");
insert into ENCOUNTER(PID, ADMSN_TIME, CONTACT_DATE) values("DMO54919", "2014-03-23T08:55:40-04:00", "2014-03-23");

insert into PERSON(PID, FIRST_NAME, LAST_NAME, SEX, BIRTH_DATE, DEATH_DATE, REG_DATE) values("DMO04058", "Hailey", "Adams", "F", "1971-03-08T00:15:42-04:00", null, "2014-02-14T17:02:16-04:00");
insert into PERSON_2(PID, WC, TG, HDL, BP, GLC) values("DMO04058", "79.1", "123.1", "49.7", "123/88", "102.2");
insert into PERSON_3(PID, TYPE_ID, IDENTITY_ID) values("DMO04058", "1", "004173008");
insert into ENCOUNTER(PID, ADMSN_TIME, CONTACT_DATE) values("DMO04058", "2014-02-14T14:47:10-04:00", "2014-02-14");

insert into PERSON(PID, FIRST_NAME, LAST_NAME, SEX, BIRTH_DATE, DEATH_DATE, REG_DATE) values("DMO45735", "Savannah", "Diaz", "F", "1996-12-10T13:23:28-04:00", null, "2014-10-21T16:15:03-04:00");
insert into PERSON_2(PID, WC, TG, HDL, BP, GLC) values("DMO45735", "107.7", "141.9", "37.5", "130/73", "104.2");
insert into PERSON_3(PID, TYPE_ID, IDENTITY_ID) values("DMO45735", "1", "002353701");
insert into ENCOUNTER(PID, ADMSN_TIME, CONTACT_DATE) values("DMO45735", "2014-10-21T23:18:19-04:00", "2014-10-21");

insert into PERSON(PID, FIRST_NAME, LAST_NAME, SEX, BIRTH_DATE, DEATH_DATE, REG_DATE) values("DMO79768", "Serenity", "Campbell", "F", null, null, "2014-05-30T01:19:40-04:00");
insert into PERSON_2(PID, WC, TG, HDL, BP, GLC) values("DMO79768", "83.1", "162.6", "36.7", "122/79", null);
insert into PERSON_3(PID, TYPE_ID, IDENTITY_ID) values("DMO79768", "1", "004204022");
insert into ENCOUNTER(PID, ADMSN_TIME, CONTACT_DATE) values("DMO79768", "2014-06-01T05:46:23-04:00", "2014-06-01");

insert into PERSON(PID, FIRST_NAME, LAST_NAME, SEX, BIRTH_DATE, DEATH_DATE, REG_DATE) values("DMO35836", "Nora", "Alexander", "F", "1999-05-07T17:14:49-04:00", null, "2014-02-05T18:58:53-04:00");
insert into PERSON_2(PID, WC, TG, HDL, BP, GLC) values("DMO35836", "81.5", "145.5", "41.9", "105/68", "103.6");
insert into PERSON_3(PID, TYPE_ID, IDENTITY_ID) values("DMO35836", "1", "006709261");
insert into ENCOUNTER(PID, ADMSN_TIME, CONTACT_DATE) values("DMO35836", "2014-02-06T04:14:50-04:00", "2014-02-06");

insert into PERSON(PID, FIRST_NAME, LAST_NAME, SEX, BIRTH_DATE, DEATH_DATE, REG_DATE) values("DMO97100", "Riley", "Howard", "F", "2010-08-18T14:29:26-04:00", null, "2013-12-30T09:21:16-04:00");
insert into PERSON_2(PID, WC, TG, HDL, BP, GLC) values("DMO97100", "121.0", "125.0", "44.0", "127/98", "85.8");
insert into PERSON_3(PID, TYPE_ID, IDENTITY_ID) values("DMO97100", "1", "005606926");
insert into ENCOUNTER(PID, ADMSN_TIME, CONTACT_DATE) values("DMO97100", "2014-01-01T07:23:16-04:00", "2014-01-01");

insert into PERSON(PID, FIRST_NAME, LAST_NAME, SEX, BIRTH_DATE, DEATH_DATE, REG_DATE) values("DMO97545", "Lydia", "Coleman", "F", "2009-06-13T01:27:56-04:00", null, "2014-08-16T16:20:19-04:00");
insert into PERSON_2(PID, WC, TG, HDL, BP, GLC) values("DMO97545", "79.2", null, "32.5", "108/94", "92.8");
insert into PERSON_3(PID, TYPE_ID, IDENTITY_ID) values("DMO97545", "1", "005190871");
insert into ENCOUNTER(PID, ADMSN_TIME, CONTACT_DATE) values("DMO97545", "2014-08-16T08:38:52-04:00", "2014-08-16");

insert into PERSON(PID, FIRST_NAME, LAST_NAME, SEX, BIRTH_DATE, DEATH_DATE, REG_DATE) values("DMO29981", "Genesis", "James", "F", "2012-06-30T16:11:38-04:00", null, "2014-10-26T03:34:16-04:00");
insert into PERSON_2(PID, WC, TG, HDL, BP, GLC) values("DMO29981", "100.0", null, "47.6", "138/90", null);
insert into PERSON_3(PID, TYPE_ID, IDENTITY_ID) values("DMO29981", "1", "009625657");
insert into ENCOUNTER(PID, ADMSN_TIME, CONTACT_DATE) values("DMO29981", "2014-10-27T20:03:00-04:00", "2014-10-27");

insert into PERSON(PID, FIRST_NAME, LAST_NAME, SEX, BIRTH_DATE, DEATH_DATE, REG_DATE) values("DMO16297", "Allison", "King", "F", "1941-10-09T12:29:13-04:00", null, "2014-06-05T09:18:24-04:00");
insert into PERSON_2(PID, WC, TG, HDL, BP, GLC) values("DMO16297", "118.7", "174.4", null, "108/88", "96.6");
insert into PERSON_3(PID, TYPE_ID, IDENTITY_ID) values("DMO16297", "1", "001047756");
insert into ENCOUNTER(PID, ADMSN_TIME, CONTACT_DATE) values("DMO16297", "2014-06-06T01:43:09-04:00", "2014-06-06");

insert into PERSON(PID, FIRST_NAME, LAST_NAME, SEX, BIRTH_DATE, DEATH_DATE, REG_DATE) values("DMO92215", "Cameron", "Edwards", "M", "2010-12-16T13:50:11-04:00", null, "2014-08-26T07:35:03-04:00");
insert into PERSON_2(PID, WC, TG, HDL, BP, GLC) values("DMO92215", "82.6", null, "32.5", "149/69", null);
insert into PERSON_3(PID, TYPE_ID, IDENTITY_ID) values("DMO92215", "1", "008898385");
insert into ENCOUNTER(PID, ADMSN_TIME, CONTACT_DATE) values("DMO92215", "2014-08-28T04:39:43-04:00", "2014-08-28");

insert into PERSON(PID, FIRST_NAME, LAST_NAME, SEX, BIRTH_DATE, DEATH_DATE, REG_DATE) values("DMO64966", "Anthony", "Rogers", "M", "2000-06-03T14:49:51-04:00", null, "2014-05-29T15:16:20-04:00");
insert into PERSON_2(PID, WC, TG, HDL, BP, GLC) values("DMO64966", "79.6", "140.3", "30.3", "148/90", null);
insert into PERSON_3(PID, TYPE_ID, IDENTITY_ID) values("DMO64966", "1", "005721734");
insert into ENCOUNTER(PID, ADMSN_TIME, CONTACT_DATE) values("DMO64966", "2014-05-31T14:47:18-04:00", "2014-05-31");

insert into PERSON(PID, FIRST_NAME, LAST_NAME, SEX, BIRTH_DATE, DEATH_DATE, REG_DATE) values("DMO81543", "Carson", "Harris", "M", "1950-03-22T10:23:14-04:00", null, "2014-08-28T19:39:28-04:00");
insert into PERSON_2(PID, WC, TG, HDL, BP, GLC) values("DMO81543", "88.3", "158.4", "42.0", "151/86", "113.3");
insert into PERSON_3(PID, TYPE_ID, IDENTITY_ID) values("DMO81543", "1", "003278288");
insert into ENCOUNTER(PID, ADMSN_TIME, CONTACT_DATE) values("DMO81543", "2014-08-30T10:06:44-04:00", "2014-08-30");

insert into PERSON(PID, FIRST_NAME, LAST_NAME, SEX, BIRTH_DATE, DEATH_DATE, REG_DATE) values("DMO25168", "Andrew", "Johnson", "M", "1993-07-12T20:36:20-04:00", null, "2014-05-19T10:11:25-04:00");
insert into PERSON_2(PID, WC, TG, HDL, BP, GLC) values("DMO25168", "93.1", "178.6", "41.4", "135/76", "118.2");
insert into PERSON_3(PID, TYPE_ID, IDENTITY_ID) values("DMO25168", "1", "000556415");
insert into ENCOUNTER(PID, ADMSN_TIME, CONTACT_DATE) values("DMO25168", "2014-05-21T04:06:27-04:00", "2014-05-21");

insert into PERSON(PID, FIRST_NAME, LAST_NAME, SEX, BIRTH_DATE, DEATH_DATE, REG_DATE) values("DMO37511", "Ariana", "Torres", "F", "2009-09-01T02:34:43-04:00", null, "2014-11-01T15:41:14-04:00");
insert into PERSON_2(PID, WC, TG, HDL, BP, GLC) values("DMO37511", "87.8", "177.7", "41.6", "148/77", "99.0");
insert into PERSON_3(PID, TYPE_ID, IDENTITY_ID) values("DMO37511", "1", "008522193");
insert into ENCOUNTER(PID, ADMSN_TIME, CONTACT_DATE) values("DMO37511", "2014-11-02T20:55:46-04:00", "2014-11-02");

insert into PERSON(PID, FIRST_NAME, LAST_NAME, SEX, BIRTH_DATE, DEATH_DATE, REG_DATE) values("DMO47180", "Brianna", "Johnson", "F", "1961-01-23T22:41:30-04:00", null, "2014-05-27T07:56:00-04:00");
insert into PERSON_2(PID, WC, TG, HDL, BP, GLC) values("DMO47180", "91.5", "159.3", "33.5", "110/104", "110.5");
insert into PERSON_3(PID, TYPE_ID, IDENTITY_ID) values("DMO47180", "1", "007120686");
insert into ENCOUNTER(PID, ADMSN_TIME, CONTACT_DATE) values("DMO47180", "2014-05-28T05:26:26-04:00", "2014-05-28");

insert into PERSON(PID, FIRST_NAME, LAST_NAME, SEX, BIRTH_DATE, DEATH_DATE, REG_DATE) values("DMO28725", "Xavier", "Wilson", "M", "1976-03-03T23:17:03-04:00", null, "2014-07-22T11:30:47-04:00");
insert into PERSON_2(PID, WC, TG, HDL, BP, GLC) values("DMO28725", "113.4", "123.5", "42.7", "129/74", "115.8");
insert into PERSON_3(PID, TYPE_ID, IDENTITY_ID) values("DMO28725", "1", "002326210");
insert into ENCOUNTER(PID, ADMSN_TIME, CONTACT_DATE) values("DMO28725", "2014-07-23T01:26:06-04:00", "2014-07-23");

insert into PERSON(PID, FIRST_NAME, LAST_NAME, SEX, BIRTH_DATE, DEATH_DATE, REG_DATE) values("DMO44372", "Angel", "Thomas", "M", "1970-08-22T15:25:56-04:00", "2006-06-15T10:32:15-04:00", "2014-12-03T01:16:29-04:00");
insert into PERSON_2(PID, WC, TG, HDL, BP, GLC) values("DMO44372", "108.8", "152.9", "31.3", "143/103", "116.5");
insert into PERSON_3(PID, TYPE_ID, IDENTITY_ID) values("DMO44372", "1", "006758742");
insert into ENCOUNTER(PID, ADMSN_TIME, CONTACT_DATE) values("DMO44372", "2014-12-04T11:09:39-04:00", "2014-12-04");

insert into PERSON(PID, FIRST_NAME, LAST_NAME, SEX, BIRTH_DATE, DEATH_DATE, REG_DATE) values("DMO70238", "Caleb", "Stewart", "M", null, null, "2014-02-24T18:27:32-04:00");
insert into PERSON_2(PID, WC, TG, HDL, BP, GLC) values("DMO70238", "82.4", "151.2", "38.9", "154/70", "86.8");
insert into PERSON_3(PID, TYPE_ID, IDENTITY_ID) values("DMO70238", "1", "003645662");
insert into ENCOUNTER(PID, ADMSN_TIME, CONTACT_DATE) values("DMO70238", "2014-02-24T03:36:37-04:00", "2014-02-24");

insert into PERSON(PID, FIRST_NAME, LAST_NAME, SEX, BIRTH_DATE, DEATH_DATE, REG_DATE) values("DMO08937", "Adam", "Williams", "M", "1965-12-13T18:32:53-04:00", null, "2014-06-11T11:53:01-04:00");
insert into PERSON_2(PID, WC, TG, HDL, BP, GLC) values("DMO08937", "105.0", "131.5", "36.6", "116/93", "92.1");
insert into PERSON_3(PID, TYPE_ID, IDENTITY_ID) values("DMO08937", "1", "000054996");
insert into ENCOUNTER(PID, ADMSN_TIME, CONTACT_DATE) values("DMO08937", "2014-06-13T19:07:39-04:00", "2014-06-13");

insert into PERSON(PID, FIRST_NAME, LAST_NAME, SEX, BIRTH_DATE, DEATH_DATE, REG_DATE) values("DMO75311", "Brandon", "James", "M", "1997-06-28T06:13:07-04:00", null, "2014-02-19T18:52:49-04:00");
insert into PERSON_2(PID, WC, TG, HDL, BP, GLC) values("DMO75311", "120.7", "129.4", "32.8", "149/80", "96.2");
insert into PERSON_3(PID, TYPE_ID, IDENTITY_ID) values("DMO75311", "1", "008068941");
insert into ENCOUNTER(PID, ADMSN_TIME, CONTACT_DATE) values("DMO75311", "2014-02-21T14:40:36-04:00", "2014-02-21");

insert into PERSON(PID, FIRST_NAME, LAST_NAME, SEX, BIRTH_DATE, DEATH_DATE, REG_DATE) values("DMO91199", "Ethan", "Robinson", "M", "1964-11-27T01:06:47-04:00", null, "2014-10-23T19:26:48-04:00");
insert into PERSON_2(PID, WC, TG, HDL, BP, GLC) values("DMO91199", "95.9", "169.2", "37.2", "135/97", "117.5");
insert into PERSON_3(PID, TYPE_ID, IDENTITY_ID) values("DMO91199", "1", "000107422");
insert into ENCOUNTER(PID, ADMSN_TIME, CONTACT_DATE) values("DMO91199", "2014-10-25T12:19:41-04:00", "2014-10-25");

insert into PERSON(PID, FIRST_NAME, LAST_NAME, SEX, BIRTH_DATE, DEATH_DATE, REG_DATE) values("DMO26217", "Ellie", "Lopez", "F", "1967-02-21T10:24:17-04:00", null, "2014-05-28T05:26:22-04:00");
insert into PERSON_2(PID, WC, TG, HDL, BP, GLC) values("DMO26217", "75.1", "137.8", "49.7", "125/86", "81.0");
insert into PERSON_3(PID, TYPE_ID, IDENTITY_ID) values("DMO26217", "1", "003242486");
insert into ENCOUNTER(PID, ADMSN_TIME, CONTACT_DATE) values("DMO26217", "2014-05-28T00:40:21-04:00", "2014-05-28");

insert into PERSON(PID, FIRST_NAME, LAST_NAME, SEX, BIRTH_DATE, DEATH_DATE, REG_DATE) values("DMO35075", "Penelope", "Hall", "F", "1935-08-17T13:25:46-04:00", null, "2014-11-27T09:03:35-04:00");
insert into PERSON_2(PID, WC, TG, HDL, BP, GLC) values("DMO35075", null, "136.3", "42.8", "115/96", "87.0");
insert into PERSON_3(PID, TYPE_ID, IDENTITY_ID) values("DMO35075", "1", "001539651");
insert into ENCOUNTER(PID, ADMSN_TIME, CONTACT_DATE) values("DMO35075", "2014-11-29T17:47:38-04:00", "2014-11-29");

insert into PERSON(PID, FIRST_NAME, LAST_NAME, SEX, BIRTH_DATE, DEATH_DATE, REG_DATE) values("DMO82325", "Arianna", "Cook", "F", "2006-11-19T18:41:44-04:00", null, "2014-12-11T04:42:11-04:00");
insert into PERSON_2(PID, WC, TG, HDL, BP, GLC) values("DMO82325", "100.2", "149.0", "33.3", "120/84", "113.8");
insert into PERSON_3(PID, TYPE_ID, IDENTITY_ID) values("DMO82325", "1", "005411696");
insert into ENCOUNTER(PID, ADMSN_TIME, CONTACT_DATE) values("DMO82325", "2014-12-13T23:30:52-04:00", "2014-12-13");

insert into PERSON(PID, FIRST_NAME, LAST_NAME, SEX, BIRTH_DATE, DEATH_DATE, REG_DATE) values("DMO82631", "Brandon", "King", "M", "1996-10-08T18:23:20-04:00", null, "2014-01-16T21:52:38-04:00");
insert into PERSON_2(PID, WC, TG, HDL, BP, GLC) values("DMO82631", "87.9", "168.9", "30.6", "146/92", "99.4");
insert into PERSON_3(PID, TYPE_ID, IDENTITY_ID) values("DMO82631", "1", "008112753");
insert into ENCOUNTER(PID, ADMSN_TIME, CONTACT_DATE) values("DMO82631", "2014-01-16T04:03:19-04:00", "2014-01-16");

insert into PERSON(PID, FIRST_NAME, LAST_NAME, SEX, BIRTH_DATE, DEATH_DATE, REG_DATE) values("DMO54037", "Luke", "Jenkins", "M", "1997-04-03T16:02:08-04:00", null, "2014-07-12T17:57:04-04:00");
insert into PERSON_2(PID, WC, TG, HDL, BP, GLC) values("DMO54037", "104.1", "131.6", "38.7", "151/67", "119.6");
insert into PERSON_3(PID, TYPE_ID, IDENTITY_ID) values("DMO54037", "1", "006914219");
insert into ENCOUNTER(PID, ADMSN_TIME, CONTACT_DATE) values("DMO54037", "2014-07-13T23:20:33-04:00", "2014-07-13");

insert into PERSON(PID, FIRST_NAME, LAST_NAME, SEX, BIRTH_DATE, DEATH_DATE, REG_DATE) values("DMO55863", "Chase", "Wood", "M", "1942-06-01T19:57:12-04:00", null, "2014-10-04T11:39:37-04:00");
insert into PERSON_2(PID, WC, TG, HDL, BP, GLC) values("DMO55863", "117.5", null, "47.0", "120/97", null);
insert into PERSON_3(PID, TYPE_ID, IDENTITY_ID) values("DMO55863", "1", "006642550");
insert into ENCOUNTER(PID, ADMSN_TIME, CONTACT_DATE) values("DMO55863", "2014-10-04T04:40:13-04:00", "2014-10-04");

insert into PERSON(PID, FIRST_NAME, LAST_NAME, SEX, BIRTH_DATE, DEATH_DATE, REG_DATE) values("DMO59909", "Grace", "Flores", "F", "1986-10-12T21:24:12-04:00", null, "2014-10-30T05:48:19-04:00");
insert into PERSON_2(PID, WC, TG, HDL, BP, GLC) values("DMO59909", "121.3", "167.9", "49.0", "122/82", "102.6");
insert into PERSON_3(PID, TYPE_ID, IDENTITY_ID) values("DMO59909", "1", "002529046");
insert into ENCOUNTER(PID, ADMSN_TIME, CONTACT_DATE) values("DMO59909", "2014-10-30T16:37:38-04:00", "2014-10-30");

insert into PERSON(PID, FIRST_NAME, LAST_NAME, SEX, BIRTH_DATE, DEATH_DATE, REG_DATE) values("DMO25702", "Morgan", "Nelson", "F", "1933-06-14T14:34:42-04:00", null, "2014-12-30T16:36:59-04:00");
insert into PERSON_2(PID, WC, TG, HDL, BP, GLC) values("DMO25702", "107.1", "172.3", "49.9", "154/88", "98.9");
insert into PERSON_3(PID, TYPE_ID, IDENTITY_ID) values("DMO25702", "1", "008604024");
insert into ENCOUNTER(PID, ADMSN_TIME, CONTACT_DATE) values("DMO25702", "2014-12-30T19:28:40-04:00", "2014-12-30");

insert into PERSON(PID, FIRST_NAME, LAST_NAME, SEX, BIRTH_DATE, DEATH_DATE, REG_DATE) values("DMO35400", "Layla", "Foster", "F", "1951-08-07T08:12:29-04:00", null, "2014-05-19T14:20:43-04:00");
insert into PERSON_2(PID, WC, TG, HDL, BP, GLC) values("DMO35400", "78.0", "135.8", "38.4", "135/66", "103.1");
insert into PERSON_3(PID, TYPE_ID, IDENTITY_ID) values("DMO35400", "1", "003737205");
insert into ENCOUNTER(PID, ADMSN_TIME, CONTACT_DATE) values("DMO35400", "2014-05-19T10:26:22-04:00", "2014-05-19");

insert into PERSON(PID, FIRST_NAME, LAST_NAME, SEX, BIRTH_DATE, DEATH_DATE, REG_DATE) values("DMO25663", "Sofia", "Rogers", "F", "1963-01-28T01:08:35-04:00", null, "2014-08-29T03:28:48-04:00");
insert into PERSON_2(PID, WC, TG, HDL, BP, GLC) values("DMO25663", "79.6", "166.2", "46.3", "126/87", null);
insert into PERSON_3(PID, TYPE_ID, IDENTITY_ID) values("DMO25663", "1", "004670452");
insert into ENCOUNTER(PID, ADMSN_TIME, CONTACT_DATE) values("DMO25663", "2014-08-30T07:41:30-04:00", "2014-08-30");

insert into PERSON(PID, FIRST_NAME, LAST_NAME, SEX, BIRTH_DATE, DEATH_DATE, REG_DATE) values("DMO87975", "Lauren", "King", "F", "1949-05-26T06:58:15-04:00", null, "2014-09-14T01:56:10-04:00");
insert into PERSON_2(PID, WC, TG, HDL, BP, GLC) values("DMO87975", "113.3", "174.0", "47.0", "130/92", "112.8");
insert into PERSON_3(PID, TYPE_ID, IDENTITY_ID) values("DMO87975", "1", "006502941");
insert into ENCOUNTER(PID, ADMSN_TIME, CONTACT_DATE) values("DMO87975", "2014-09-15T00:51:24-04:00", "2014-09-15");

insert into PERSON(PID, FIRST_NAME, LAST_NAME, SEX, BIRTH_DATE, DEATH_DATE, REG_DATE) values("DMO72589", "Scarlett", "Richardson", "F", "1977-07-13T08:03:47-04:00", null, "2014-02-03T04:54:55-04:00");
insert into PERSON_2(PID, WC, TG, HDL, BP, GLC) values("DMO72589", "86.1", "157.3", "36.8", "127/103", "103.7");
insert into PERSON_3(PID, TYPE_ID, IDENTITY_ID) values("DMO72589", "1", "008690338");
insert into ENCOUNTER(PID, ADMSN_TIME, CONTACT_DATE) values("DMO72589", "2014-02-05T03:34:26-04:00", "2014-02-05");

insert into PERSON(PID, FIRST_NAME, LAST_NAME, SEX, BIRTH_DATE, DEATH_DATE, REG_DATE) values("DMO94904", "Kayden", "Ward", "M", "2000-02-11T10:27:42-04:00", null, "2014-02-03T07:22:04-04:00");
insert into PERSON_2(PID, WC, TG, HDL, BP, GLC) values("DMO94904", "84.0", null, "47.2", "112/81", "107.7");
insert into PERSON_3(PID, TYPE_ID, IDENTITY_ID) values("DMO94904", "1", "007347984");
insert into ENCOUNTER(PID, ADMSN_TIME, CONTACT_DATE) values("DMO94904", "2014-02-03T12:25:40-04:00", "2014-02-03");

insert into PERSON(PID, FIRST_NAME, LAST_NAME, SEX, BIRTH_DATE, DEATH_DATE, REG_DATE) values("DMO52735", "Hailey", "Gonzales", "F", "1961-12-26T15:11:41-04:00", null, "2014-12-12T06:29:11-04:00");
insert into PERSON_2(PID, WC, TG, HDL, BP, GLC) values("DMO52735", "100.1", "132.5", "34.1", null, "104.5");
insert into PERSON_3(PID, TYPE_ID, IDENTITY_ID) values("DMO52735", "1", "009218986");
insert into ENCOUNTER(PID, ADMSN_TIME, CONTACT_DATE) values("DMO52735", "2014-12-14T14:12:03-04:00", "2014-12-14");

insert into PERSON(PID, FIRST_NAME, LAST_NAME, SEX, BIRTH_DATE, DEATH_DATE, REG_DATE) values("DMO83960", "Anna", "Green", "F", "1978-11-26T18:11:05-04:00", null, "2014-09-12T19:22:12-04:00");
insert into PERSON_2(PID, WC, TG, HDL, BP, GLC) values("DMO83960", "123.4", "138.6", "37.2", "150/66", "102.9");
insert into PERSON_3(PID, TYPE_ID, IDENTITY_ID) values("DMO83960", "1", "004122211");
insert into ENCOUNTER(PID, ADMSN_TIME, CONTACT_DATE) values("DMO83960", "2014-09-13T01:33:53-04:00", "2014-09-13");

insert into PERSON(PID, FIRST_NAME, LAST_NAME, SEX, BIRTH_DATE, DEATH_DATE, REG_DATE) values("DMO66327", "Landon", "Rodriguez", "M", "1947-03-27T01:53:45-04:00", null, "2014-08-28T23:09:35-04:00");
insert into PERSON_2(PID, WC, TG, HDL, BP, GLC) values("DMO66327", "109.9", "159.9", "37.4", null, "80.4");
insert into PERSON_3(PID, TYPE_ID, IDENTITY_ID) values("DMO66327", "1", "005152654");
insert into ENCOUNTER(PID, ADMSN_TIME, CONTACT_DATE) values("DMO66327", "2014-08-28T12:24:31-04:00", "2014-08-28");

insert into PERSON(PID, FIRST_NAME, LAST_NAME, SEX, BIRTH_DATE, DEATH_DATE, REG_DATE) values("DMO92795", "James", "Martin", "M", "1981-05-06T05:51:49-04:00", null, "2014-05-23T08:26:03-04:00");
insert into PERSON_2(PID, WC, TG, HDL, BP, GLC) values("DMO92795", "112.2", "142.7", "38.4", "111/90", "115.2");
insert into PERSON_3(PID, TYPE_ID, IDENTITY_ID) values("DMO92795", "1", "001819427");
insert into ENCOUNTER(PID, ADMSN_TIME, CONTACT_DATE) values("DMO92795", "2014-05-24T10:33:26-04:00", "2014-05-24");

insert into PERSON(PID, FIRST_NAME, LAST_NAME, SEX, BIRTH_DATE, DEATH_DATE, REG_DATE) values("DMO44472", "Riley", "Martinez", "F", "1959-08-22T11:55:33-04:00", null, "2014-09-01T08:47:23-04:00");
insert into PERSON_2(PID, WC, TG, HDL, BP, GLC) values("DMO44472", "122.7", "141.8", "41.4", "110/77", "101.8");
insert into PERSON_3(PID, TYPE_ID, IDENTITY_ID) values("DMO44472", "1", "007180797");
insert into ENCOUNTER(PID, ADMSN_TIME, CONTACT_DATE) values("DMO44472", "2014-09-01T23:26:32-04:00", "2014-09-01");

insert into PERSON(PID, FIRST_NAME, LAST_NAME, SEX, BIRTH_DATE, DEATH_DATE, REG_DATE) values("DMO85191", "Jase", "Parker", "M", null, null, "2014-11-02T14:25:00-04:00");
insert into PERSON_2(PID, WC, TG, HDL, BP, GLC) values("DMO85191", "113.0", "178.8", "41.2", "127/83", "86.6");
insert into PERSON_3(PID, TYPE_ID, IDENTITY_ID) values("DMO85191", "1", "003959753");
insert into ENCOUNTER(PID, ADMSN_TIME, CONTACT_DATE) values("DMO85191", "2014-11-02T15:25:36-04:00", "2014-11-02");

insert into PERSON(PID, FIRST_NAME, LAST_NAME, SEX, BIRTH_DATE, DEATH_DATE, REG_DATE) values("DMO35087", "Stella", "Jenkins", "F", "1961-08-02T10:03:16-04:00", null, "2014-02-06T08:51:55-04:00");
insert into PERSON_2(PID, WC, TG, HDL, BP, GLC) values("DMO35087", null, "173.7", "36.8", "136/101", "109.9");
insert into PERSON_3(PID, TYPE_ID, IDENTITY_ID) values("DMO35087", "1", "007928685");
insert into ENCOUNTER(PID, ADMSN_TIME, CONTACT_DATE) values("DMO35087", "2014-02-07T12:48:20-04:00", "2014-02-07");

insert into PERSON(PID, FIRST_NAME, LAST_NAME, SEX, BIRTH_DATE, DEATH_DATE, REG_DATE) values("DMO16544", "Brody", "Washington", "M", "1997-08-12T08:23:41-04:00", null, "2014-04-14T16:01:03-04:00");
insert into PERSON_2(PID, WC, TG, HDL, BP, GLC) values("DMO16544", "107.5", "138.2", "42.3", "106/89", "119.2");
insert into PERSON_3(PID, TYPE_ID, IDENTITY_ID) values("DMO16544", "1", "003171311");
insert into ENCOUNTER(PID, ADMSN_TIME, CONTACT_DATE) values("DMO16544", "2014-04-16T09:57:34-04:00", "2014-04-16");

insert into PERSON(PID, FIRST_NAME, LAST_NAME, SEX, BIRTH_DATE, DEATH_DATE, REG_DATE) values("DMO09678", "London", "Lee", "F", "1947-11-29T23:58:56-04:00", null, "2014-01-05T23:22:01-04:00");
insert into PERSON_2(PID, WC, TG, HDL, BP, GLC) values("DMO09678", "112.6", "175.4", "42.6", null, "101.2");
insert into PERSON_3(PID, TYPE_ID, IDENTITY_ID) values("DMO09678", "1", "003346041");
insert into ENCOUNTER(PID, ADMSN_TIME, CONTACT_DATE) values("DMO09678", "2014-01-07T10:30:39-04:00", "2014-01-07");

insert into PERSON(PID, FIRST_NAME, LAST_NAME, SEX, BIRTH_DATE, DEATH_DATE, REG_DATE) values("DMO30868", "Charlotte", "Bailey", "F", "1977-02-13T13:40:06-04:00", null, "2014-12-07T12:04:07-04:00");
insert into PERSON_2(PID, WC, TG, HDL, BP, GLC) values("DMO30868", "80.4", "136.0", "33.8", "129/66", "108.0");
insert into PERSON_3(PID, TYPE_ID, IDENTITY_ID) values("DMO30868", "1", "005704009");
insert into ENCOUNTER(PID, ADMSN_TIME, CONTACT_DATE) values("DMO30868", "2014-12-09T09:48:06-04:00", "2014-12-09");

insert into PERSON(PID, FIRST_NAME, LAST_NAME, SEX, BIRTH_DATE, DEATH_DATE, REG_DATE) values("DMO25263", "Gavin", "Long", "M", "1933-04-06T05:35:51-04:00", null, "2014-08-08T01:07:29-04:00");
insert into PERSON_2(PID, WC, TG, HDL, BP, GLC) values("DMO25263", "107.0", "152.2", "35.1", "119/69", "92.5");
insert into PERSON_3(PID, TYPE_ID, IDENTITY_ID) values("DMO25263", "1", "008353495");
insert into ENCOUNTER(PID, ADMSN_TIME, CONTACT_DATE) values("DMO25263", "2014-08-08T08:49:23-04:00", "2014-08-08");

insert into PERSON(PID, FIRST_NAME, LAST_NAME, SEX, BIRTH_DATE, DEATH_DATE, REG_DATE) values("DMO32557", "Allison", "Peterson", "F", "2004-04-25T02:31:53-04:00", null, "2014-07-25T23:42:37-04:00");
insert into PERSON_2(PID, WC, TG, HDL, BP, GLC) values("DMO32557", "91.6", "156.5", "32.6", "120/75", "118.2");
insert into PERSON_3(PID, TYPE_ID, IDENTITY_ID) values("DMO32557", "1", "002470675");
insert into ENCOUNTER(PID, ADMSN_TIME, CONTACT_DATE) values("DMO32557", "2014-07-27T12:00:47-04:00", "2014-07-27");

insert into PERSON(PID, FIRST_NAME, LAST_NAME, SEX, BIRTH_DATE, DEATH_DATE, REG_DATE) values("DMO59534", "Noah", "Brooks", "M", "1975-06-19T22:59:15-04:00", null, "2014-06-11T04:33:01-04:00");
insert into PERSON_2(PID, WC, TG, HDL, BP, GLC) values("DMO59534", "80.8", null, "46.3", "129/90", "109.3");
insert into PERSON_3(PID, TYPE_ID, IDENTITY_ID) values("DMO59534", "1", "001442667");
insert into ENCOUNTER(PID, ADMSN_TIME, CONTACT_DATE) values("DMO59534", "2014-06-12T19:23:25-04:00", "2014-06-12");

insert into PERSON(PID, FIRST_NAME, LAST_NAME, SEX, BIRTH_DATE, DEATH_DATE, REG_DATE) values("DMO56796", "Allison", "Peterson", "F", null, null, "2014-04-25T20:30:01-04:00");
insert into PERSON_2(PID, WC, TG, HDL, BP, GLC) values("DMO56796", "91.1", "169.3", "41.7", null, "106.5");
insert into PERSON_3(PID, TYPE_ID, IDENTITY_ID) values("DMO56796", "1", "007675305");
insert into ENCOUNTER(PID, ADMSN_TIME, CONTACT_DATE) values("DMO56796", "2014-04-26T23:02:04-04:00", "2014-04-26");

insert into PERSON(PID, FIRST_NAME, LAST_NAME, SEX, BIRTH_DATE, DEATH_DATE, REG_DATE) values("DMO00090", "Paisley", "Murphy", "F", "1935-08-23T06:15:11-04:00", null, "2014-02-24T19:07:14-04:00");
insert into PERSON_2(PID, WC, TG, HDL, BP, GLC) values("DMO00090", "124.7", "120.2", "33.4", "129/89", null);
insert into PERSON_3(PID, TYPE_ID, IDENTITY_ID) values("DMO00090", "1", "007532509");
insert into ENCOUNTER(PID, ADMSN_TIME, CONTACT_DATE) values("DMO00090", "2014-02-25T21:34:18-04:00", "2014-02-25");

insert into PERSON(PID, FIRST_NAME, LAST_NAME, SEX, BIRTH_DATE, DEATH_DATE, REG_DATE) values("DMO80048", "Tyler", "Coleman", "M", "1975-01-17T08:46:13-04:00", null, "2014-03-18T23:20:36-04:00");
insert into PERSON_2(PID, WC, TG, HDL, BP, GLC) values("DMO80048", "76.5", "124.1", "42.1", "129/84", "94.0");
insert into PERSON_3(PID, TYPE_ID, IDENTITY_ID) values("DMO80048", "1", "003393457");
insert into ENCOUNTER(PID, ADMSN_TIME, CONTACT_DATE) values("DMO80048", "2014-03-19T21:20:41-04:00", "2014-03-19");

insert into PERSON(PID, FIRST_NAME, LAST_NAME, SEX, BIRTH_DATE, DEATH_DATE, REG_DATE) values("DMO45821", "Joseph", "Phillips", "M", "2005-10-02T03:12:00-04:00", null, "2014-03-09T12:04:11-04:00");
insert into PERSON_2(PID, WC, TG, HDL, BP, GLC) values("DMO45821", "87.0", "162.5", "48.4", "131/65", "116.0");
insert into PERSON_3(PID, TYPE_ID, IDENTITY_ID) values("DMO45821", "1", "002199193");
insert into ENCOUNTER(PID, ADMSN_TIME, CONTACT_DATE) values("DMO45821", "2014-03-11T02:25:19-04:00", "2014-03-11");

insert into PERSON(PID, FIRST_NAME, LAST_NAME, SEX, BIRTH_DATE, DEATH_DATE, REG_DATE) values("DMO29332", "Melanie", "Moore", "F", "2006-02-23T10:25:49-04:00", null, "2014-05-19T18:01:25-04:00");
insert into PERSON_2(PID, WC, TG, HDL, BP, GLC) values("DMO29332", "122.0", "137.7", "48.4", "114/102", "81.5");
insert into PERSON_3(PID, TYPE_ID, IDENTITY_ID) values("DMO29332", "1", "002769114");
insert into ENCOUNTER(PID, ADMSN_TIME, CONTACT_DATE) values("DMO29332", "2014-05-19T18:40:33-04:00", "2014-05-19");

insert into PERSON(PID, FIRST_NAME, LAST_NAME, SEX, BIRTH_DATE, DEATH_DATE, REG_DATE) values("DMO56738", "Ashley", "Harris", "F", "1988-11-18T22:27:43-04:00", null, "2014-06-12T20:57:30-04:00");
insert into PERSON_2(PID, WC, TG, HDL, BP, GLC) values("DMO56738", "97.2", "158.8", "45.4", "119/100", "82.6");
insert into PERSON_3(PID, TYPE_ID, IDENTITY_ID) values("DMO56738", "1", "007825796");
insert into ENCOUNTER(PID, ADMSN_TIME, CONTACT_DATE) values("DMO56738", "2014-06-13T17:38:30-04:00", "2014-06-13");

insert into PERSON(PID, FIRST_NAME, LAST_NAME, SEX, BIRTH_DATE, DEATH_DATE, REG_DATE) values("DMO03858", "Anna", "Foster", "F", "1992-06-17T00:00:04-04:00", null, "2014-07-22T01:33:32-04:00");
insert into PERSON_2(PID, WC, TG, HDL, BP, GLC) values("DMO03858", "121.3", "137.0", "45.2", "135/97", "117.2");
insert into PERSON_3(PID, TYPE_ID, IDENTITY_ID) values("DMO03858", "1", "005842266");
insert into ENCOUNTER(PID, ADMSN_TIME, CONTACT_DATE) values("DMO03858", "2014-07-24T18:19:43-04:00", "2014-07-24");

insert into PERSON(PID, FIRST_NAME, LAST_NAME, SEX, BIRTH_DATE, DEATH_DATE, REG_DATE) values("DMO12965", "Eva", "Jones", "F", "1972-04-25T05:52:39-04:00", null, "2014-02-02T19:34:29-04:00");
insert into PERSON_2(PID, WC, TG, HDL, BP, GLC) values("DMO12965", "79.9", "156.4", "38.6", "113/76", "81.8");
insert into PERSON_3(PID, TYPE_ID, IDENTITY_ID) values("DMO12965", "1", "003428213");
insert into ENCOUNTER(PID, ADMSN_TIME, CONTACT_DATE) values("DMO12965", "2014-02-04T21:20:32-04:00", "2014-02-04");

insert into PERSON(PID, FIRST_NAME, LAST_NAME, SEX, BIRTH_DATE, DEATH_DATE, REG_DATE) values("DMO88775", "Alyssa", "Howard", "F", "1968-10-11T06:15:47-04:00", null, "2014-11-14T23:47:32-04:00");
insert into PERSON_2(PID, WC, TG, HDL, BP, GLC) values("DMO88775", "100.1", "126.6", "44.9", "118/99", "95.1");
insert into PERSON_3(PID, TYPE_ID, IDENTITY_ID) values("DMO88775", "1", "006910012");
insert into ENCOUNTER(PID, ADMSN_TIME, CONTACT_DATE) values("DMO88775", "2014-11-16T19:36:36-04:00", "2014-11-16");

insert into PERSON(PID, FIRST_NAME, LAST_NAME, SEX, BIRTH_DATE, DEATH_DATE, REG_DATE) values("DMO50056", "Gianna", "Hill", "F", "1971-12-03T20:41:46-04:00", null, "2014-02-20T22:41:44-04:00");
insert into PERSON_2(PID, WC, TG, HDL, BP, GLC) values("DMO50056", "77.7", "139.0", "30.5", "112/66", "100.1");
insert into PERSON_3(PID, TYPE_ID, IDENTITY_ID) values("DMO50056", "1", "007544773");
insert into ENCOUNTER(PID, ADMSN_TIME, CONTACT_DATE) values("DMO50056", "2014-02-21T07:15:48-04:00", "2014-02-21");

insert into PERSON(PID, FIRST_NAME, LAST_NAME, SEX, BIRTH_DATE, DEATH_DATE, REG_DATE) values("DMO34056", "Amelia", "Mitchell", "F", "1992-08-20T05:39:20-04:00", null, "2014-02-25T15:30:38-04:00");
insert into PERSON_2(PID, WC, TG, HDL, BP, GLC) values("DMO34056", "106.5", "123.5", "32.0", "130/92", "84.3");
insert into PERSON_3(PID, TYPE_ID, IDENTITY_ID) values("DMO34056", "1", "005091000");
insert into ENCOUNTER(PID, ADMSN_TIME, CONTACT_DATE) values("DMO34056", "2014-02-25T15:21:02-04:00", "2014-02-25");

insert into PERSON(PID, FIRST_NAME, LAST_NAME, SEX, BIRTH_DATE, DEATH_DATE, REG_DATE) values("DMO01887", "Jeremiah", "Sanders", "M", "2010-12-11T20:41:55-04:00", null, "2014-06-13T12:58:50-04:00");
insert into PERSON_2(PID, WC, TG, HDL, BP, GLC) values("DMO01887", "110.6", "124.9", "33.6", "126/67", "85.2");
insert into PERSON_3(PID, TYPE_ID, IDENTITY_ID) values("DMO01887", "1", "004389835");
insert into ENCOUNTER(PID, ADMSN_TIME, CONTACT_DATE) values("DMO01887", "2014-06-15T15:57:56-04:00", "2014-06-15");

insert into PERSON(PID, FIRST_NAME, LAST_NAME, SEX, BIRTH_DATE, DEATH_DATE, REG_DATE) values("DMO17693", "Anna", "Phillips", "F", "2011-03-01T10:30:32-04:00", null, "2014-01-17T06:27:31-04:00");
insert into PERSON_2(PID, WC, TG, HDL, BP, GLC) values("DMO17693", "108.5", "148.1", "33.1", "108/92", "95.8");
insert into PERSON_3(PID, TYPE_ID, IDENTITY_ID) values("DMO17693", "1", "001496215");
insert into ENCOUNTER(PID, ADMSN_TIME, CONTACT_DATE) values("DMO17693", "2014-01-19T01:19:25-04:00", "2014-01-19");

insert into PERSON(PID, FIRST_NAME, LAST_NAME, SEX, BIRTH_DATE, DEATH_DATE, REG_DATE) values("DMO10076", "Eva", "Hernandez", "F", "1942-11-30T17:59:46-04:00", "1996-03-24T11:00:11-04:00", "2014-11-04T21:55:46-04:00");
insert into PERSON_2(PID, WC, TG, HDL, BP, GLC) values("DMO10076", "108.9", "136.5", "37.6", "154/73", "112.8");
insert into PERSON_3(PID, TYPE_ID, IDENTITY_ID) values("DMO10076", "1", "000967053");
insert into ENCOUNTER(PID, ADMSN_TIME, CONTACT_DATE) values("DMO10076", "2014-11-05T01:27:34-04:00", "2014-11-05");

insert into PERSON(PID, FIRST_NAME, LAST_NAME, SEX, BIRTH_DATE, DEATH_DATE, REG_DATE) values("DMO43980", "Madison", "Allen", "F", "1989-10-08T16:58:34-04:00", null, "2014-07-25T02:24:18-04:00");
insert into PERSON_2(PID, WC, TG, HDL, BP, GLC) values("DMO43980", "116.1", "125.7", "37.8", "124/81", null);
insert into PERSON_3(PID, TYPE_ID, IDENTITY_ID) values("DMO43980", "1", "002918829");
insert into ENCOUNTER(PID, ADMSN_TIME, CONTACT_DATE) values("DMO43980", "2014-07-26T17:33:07-04:00", "2014-07-26");

insert into PERSON(PID, FIRST_NAME, LAST_NAME, SEX, BIRTH_DATE, DEATH_DATE, REG_DATE) values("DMO60843", "Violet", "Morgan", "F", "2001-08-06T03:15:18-04:00", null, "2013-12-31T10:23:39-04:00");
insert into PERSON_2(PID, WC, TG, HDL, BP, GLC) values("DMO60843", null, "125.1", "45.4", "128/77", "102.0");
insert into PERSON_3(PID, TYPE_ID, IDENTITY_ID) values("DMO60843", "1", "009012560");
insert into ENCOUNTER(PID, ADMSN_TIME, CONTACT_DATE) values("DMO60843", "2014-01-01T14:51:15-04:00", "2014-01-01");

insert into PERSON(PID, FIRST_NAME, LAST_NAME, SEX, BIRTH_DATE, DEATH_DATE, REG_DATE) values("DMO87423", "Liam", "Lee", "M", "1956-05-05T12:23:53-04:00", null, "2014-12-17T09:21:28-04:00");
insert into PERSON_2(PID, WC, TG, HDL, BP, GLC) values("DMO87423", "114.8", "140.1", "47.6", "118/92", "87.8");
insert into PERSON_3(PID, TYPE_ID, IDENTITY_ID) values("DMO87423", "1", "007876087");
insert into ENCOUNTER(PID, ADMSN_TIME, CONTACT_DATE) values("DMO87423", "2014-12-18T13:16:34-04:00", "2014-12-18");

insert into PERSON(PID, FIRST_NAME, LAST_NAME, SEX, BIRTH_DATE, DEATH_DATE, REG_DATE) values("DMO35000", "William", "Scott", "M", "1950-07-22T23:45:02-04:00", null, "2014-04-25T04:13:27-04:00");
insert into PERSON_2(PID, WC, TG, HDL, BP, GLC) values("DMO35000", "122.6", "133.8", "46.5", "106/92", "91.4");
insert into PERSON_3(PID, TYPE_ID, IDENTITY_ID) values("DMO35000", "1", "004816311");
insert into ENCOUNTER(PID, ADMSN_TIME, CONTACT_DATE) values("DMO35000", "2014-04-27T13:07:54-04:00", "2014-04-27");

insert into PERSON(PID, FIRST_NAME, LAST_NAME, SEX, BIRTH_DATE, DEATH_DATE, REG_DATE) values("DMO10777", "Josiah", "Turner", "M", "1947-09-17T00:53:28-04:00", null, "2014-12-15T11:54:47-04:00");
insert into PERSON_2(PID, WC, TG, HDL, BP, GLC) values("DMO10777", "116.5", "147.7", "37.9", "128/95", "80.6");
insert into PERSON_3(PID, TYPE_ID, IDENTITY_ID) values("DMO10777", "1", "003372479");
insert into ENCOUNTER(PID, ADMSN_TIME, CONTACT_DATE) values("DMO10777", "2014-12-16T20:18:59-04:00", "2014-12-16");

insert into PERSON(PID, FIRST_NAME, LAST_NAME, SEX, BIRTH_DATE, DEATH_DATE, REG_DATE) values("DMO51413", "Riley", "Jenkins", "F", "1942-03-27T09:41:37-04:00", "2012-06-21T03:32:02-04:00", "2014-08-18T03:57:04-04:00");
insert into PERSON_2(PID, WC, TG, HDL, BP, GLC) values("DMO51413", "121.0", "144.6", "44.3", "116/96", "113.0");
insert into PERSON_3(PID, TYPE_ID, IDENTITY_ID) values("DMO51413", "1", "009002839");
insert into ENCOUNTER(PID, ADMSN_TIME, CONTACT_DATE) values("DMO51413", "2014-08-18T11:16:15-04:00", "2014-08-18");

insert into PERSON(PID, FIRST_NAME, LAST_NAME, SEX, BIRTH_DATE, DEATH_DATE, REG_DATE) values("DMO41884", "Brandon", "Lopez", "M", "1940-05-20T16:51:03-04:00", null, "2014-11-16T02:25:14-04:00");
insert into PERSON_2(PID, WC, TG, HDL, BP, GLC) values("DMO41884", "118.3", "143.7", "39.4", "122/79", "115.1");
insert into PERSON_3(PID, TYPE_ID, IDENTITY_ID) values("DMO41884", "1", "005799468");
insert into ENCOUNTER(PID, ADMSN_TIME, CONTACT_DATE) values("DMO41884", "2014-11-16T06:35:52-04:00", "2014-11-16");

insert into PERSON(PID, FIRST_NAME, LAST_NAME, SEX, BIRTH_DATE, DEATH_DATE, REG_DATE) values("DMO86015", "Jackson", "Flores", "M", "1997-10-18T20:28:30-04:00", null, "2014-08-17T21:41:38-04:00");
insert into PERSON_2(PID, WC, TG, HDL, BP, GLC) values("DMO86015", "81.0", "135.9", "35.6", "142/76", "85.9");
insert into PERSON_3(PID, TYPE_ID, IDENTITY_ID) values("DMO86015", "1", "005470698");
insert into ENCOUNTER(PID, ADMSN_TIME, CONTACT_DATE) values("DMO86015", "2014-08-18T01:56:56-04:00", "2014-08-18");

insert into PERSON(PID, FIRST_NAME, LAST_NAME, SEX, BIRTH_DATE, DEATH_DATE, REG_DATE) values("DMO82951", "Madison", "Cook", "F", "1953-10-09T21:38:20-04:00", null, "2014-12-01T12:41:13-04:00");
insert into PERSON_2(PID, WC, TG, HDL, BP, GLC) values("DMO82951", "104.9", "160.0", "36.9", "106/77", "115.9");
insert into PERSON_3(PID, TYPE_ID, IDENTITY_ID) values("DMO82951", "1", "009047368");
insert into ENCOUNTER(PID, ADMSN_TIME, CONTACT_DATE) values("DMO82951", "2014-12-03T03:52:10-04:00", "2014-12-03");

insert into PERSON(PID, FIRST_NAME, LAST_NAME, SEX, BIRTH_DATE, DEATH_DATE, REG_DATE) values("DMO60523", "Natalie", "Rodriguez", "F", "1939-09-24T09:26:24-04:00", null, "2014-09-22T22:11:03-04:00");
insert into PERSON_2(PID, WC, TG, HDL, BP, GLC) values("DMO60523", "102.2", "129.0", "48.9", null, "94.0");
insert into PERSON_3(PID, TYPE_ID, IDENTITY_ID) values("DMO60523", "1", "009959640");
insert into ENCOUNTER(PID, ADMSN_TIME, CONTACT_DATE) values("DMO60523", "2014-09-24T06:18:36-04:00", "2014-09-24");

insert into PERSON(PID, FIRST_NAME, LAST_NAME, SEX, BIRTH_DATE, DEATH_DATE, REG_DATE) values("DMO79639", "Anna", "Rodriguez", "F", "1951-12-08T17:10:32-04:00", null, "2014-01-27T09:15:46-04:00");
insert into PERSON_2(PID, WC, TG, HDL, BP, GLC) values("DMO79639", "97.5", "125.2", "45.5", "117/99", "118.9");
insert into PERSON_3(PID, TYPE_ID, IDENTITY_ID) values("DMO79639", "1", "000663490");
insert into ENCOUNTER(PID, ADMSN_TIME, CONTACT_DATE) values("DMO79639", "2014-01-27T06:46:40-04:00", "2014-01-27");

insert into PERSON(PID, FIRST_NAME, LAST_NAME, SEX, BIRTH_DATE, DEATH_DATE, REG_DATE) values("DMO12366", "Aubree", "Carter", "F", "2001-03-19T10:03:48-04:00", null, "2014-02-17T18:28:24-04:00");
insert into PERSON_2(PID, WC, TG, HDL, BP, GLC) values("DMO12366", "94.4", "149.6", "46.5", "141/98", "110.6");
insert into PERSON_3(PID, TYPE_ID, IDENTITY_ID) values("DMO12366", "1", "005106131");
insert into ENCOUNTER(PID, ADMSN_TIME, CONTACT_DATE) values("DMO12366", "2014-02-17T21:34:41-04:00", "2014-02-17");

insert into PERSON(PID, FIRST_NAME, LAST_NAME, SEX, BIRTH_DATE, DEATH_DATE, REG_DATE) values("DMO46786", "Ryan", "Bailey", "M", "2010-07-16T19:30:23-04:00", null, "2014-04-02T12:09:56-04:00");
insert into PERSON_2(PID, WC, TG, HDL, BP, GLC) values("DMO46786", null, "165.9", "45.9", "153/103", null);
insert into PERSON_3(PID, TYPE_ID, IDENTITY_ID) values("DMO46786", "1", "000677168");
insert into ENCOUNTER(PID, ADMSN_TIME, CONTACT_DATE) values("DMO46786", "2014-04-03T15:30:08-04:00", "2014-04-03");

insert into PERSON(PID, FIRST_NAME, LAST_NAME, SEX, BIRTH_DATE, DEATH_DATE, REG_DATE) values("DMO10333", "Ian", "Hall", "M", "1962-09-16T15:50:32-04:00", null, "2014-02-14T02:54:17-04:00");
insert into PERSON_2(PID, WC, TG, HDL, BP, GLC) values("DMO10333", "124.5", "156.5", "40.5", "147/89", "104.0");
insert into PERSON_3(PID, TYPE_ID, IDENTITY_ID) values("DMO10333", "1", "001891185");
insert into ENCOUNTER(PID, ADMSN_TIME, CONTACT_DATE) values("DMO10333", "2014-02-14T06:04:44-04:00", "2014-02-14");

insert into PERSON(PID, FIRST_NAME, LAST_NAME, SEX, BIRTH_DATE, DEATH_DATE, REG_DATE) values("DMO65529", "Sebastian", "Bell", "M", null, null, "2014-11-21T16:12:01-04:00");
insert into PERSON_2(PID, WC, TG, HDL, BP, GLC) values("DMO65529", "118.0", "132.2", "48.0", "108/80", "87.5");
insert into PERSON_3(PID, TYPE_ID, IDENTITY_ID) values("DMO65529", "1", "005385370");
insert into ENCOUNTER(PID, ADMSN_TIME, CONTACT_DATE) values("DMO65529", "2014-11-21T22:23:12-04:00", "2014-11-21");

insert into PERSON(PID, FIRST_NAME, LAST_NAME, SEX, BIRTH_DATE, DEATH_DATE, REG_DATE) values("DMO00224", "Nora", "Campbell", "F", "1968-10-25T07:39:02-04:00", null, "2014-09-07T00:25:32-04:00");
insert into PERSON_2(PID, WC, TG, HDL, BP, GLC) values("DMO00224", "78.1", "153.5", "37.9", "112/94", "83.0");
insert into PERSON_3(PID, TYPE_ID, IDENTITY_ID) values("DMO00224", "1", "004422972");
insert into ENCOUNTER(PID, ADMSN_TIME, CONTACT_DATE) values("DMO00224", "2014-09-09T20:11:27-04:00", "2014-09-09");

insert into PERSON(PID, FIRST_NAME, LAST_NAME, SEX, BIRTH_DATE, DEATH_DATE, REG_DATE) values("DMO44486", "Annabelle", "Reed", "F", "1944-03-30T07:29:36-04:00", "2002-07-25T17:23:21-04:00", "2014-01-09T07:11:47-04:00");
insert into PERSON_2(PID, WC, TG, HDL, BP, GLC) values("DMO44486", null, "149.7", "46.4", "120/78", "99.9");
insert into PERSON_3(PID, TYPE_ID, IDENTITY_ID) values("DMO44486", "1", "005277650");
insert into ENCOUNTER(PID, ADMSN_TIME, CONTACT_DATE) values("DMO44486", "2014-01-09T11:57:27-04:00", "2014-01-09");

insert into PERSON(PID, FIRST_NAME, LAST_NAME, SEX, BIRTH_DATE, DEATH_DATE, REG_DATE) values("DMO28506", "Christopher", "Davis", "M", "2000-07-01T14:46:03-04:00", null, "2014-12-20T00:44:55-04:00");
insert into PERSON_2(PID, WC, TG, HDL, BP, GLC) values("DMO28506", "82.3", "170.2", "36.9", "132/97", "103.4");
insert into PERSON_3(PID, TYPE_ID, IDENTITY_ID) values("DMO28506", "1", "000832632");
insert into ENCOUNTER(PID, ADMSN_TIME, CONTACT_DATE) values("DMO28506", "2014-12-22T21:14:12-04:00", "2014-12-22");

insert into PERSON(PID, FIRST_NAME, LAST_NAME, SEX, BIRTH_DATE, DEATH_DATE, REG_DATE) values("DMO19606", "Jaxson", "Miller", "M", "1987-08-15T04:25:29-04:00", null, "2014-07-22T16:15:05-04:00");
insert into PERSON_2(PID, WC, TG, HDL, BP, GLC) values("DMO19606", "100.9", "130.7", "37.3", "128/85", "105.0");
insert into PERSON_3(PID, TYPE_ID, IDENTITY_ID) values("DMO19606", "1", "001558825");
insert into ENCOUNTER(PID, ADMSN_TIME, CONTACT_DATE) values("DMO19606", "2014-07-24T20:27:53-04:00", "2014-07-24");

insert into PERSON(PID, FIRST_NAME, LAST_NAME, SEX, BIRTH_DATE, DEATH_DATE, REG_DATE) values("DMO03087", "Brandon", "Murphy", "M", "1961-10-29T11:44:50-04:00", null, "2014-05-17T02:22:26-04:00");
insert into PERSON_2(PID, WC, TG, HDL, BP, GLC) values("DMO03087", "108.2", null, "42.4", "141/65", "96.9");
insert into PERSON_3(PID, TYPE_ID, IDENTITY_ID) values("DMO03087", "1", "001279748");
insert into ENCOUNTER(PID, ADMSN_TIME, CONTACT_DATE) values("DMO03087", "2014-05-17T00:28:02-04:00", "2014-05-17");

insert into PERSON(PID, FIRST_NAME, LAST_NAME, SEX, BIRTH_DATE, DEATH_DATE, REG_DATE) values("DMO83026", "Isaac", "Murphy", "M", "2001-09-23T19:51:12-04:00", null, "2014-07-25T00:03:24-04:00");
insert into PERSON_2(PID, WC, TG, HDL, BP, GLC) values("DMO83026", "106.0", "130.3", "41.0", "135/94", "114.2");
insert into PERSON_3(PID, TYPE_ID, IDENTITY_ID) values("DMO83026", "1", "008886958");
insert into ENCOUNTER(PID, ADMSN_TIME, CONTACT_DATE) values("DMO83026", "2014-07-26T19:12:37-04:00", "2014-07-26");

insert into PERSON(PID, FIRST_NAME, LAST_NAME, SEX, BIRTH_DATE, DEATH_DATE, REG_DATE) values("DMO50956", "Bentley", "Parker", "M", "1970-03-06T17:52:07-04:00", null, "2014-10-31T19:35:19-04:00");
insert into PERSON_2(PID, WC, TG, HDL, BP, GLC) values("DMO50956", "88.4", "179.9", "44.7", "144/76", "81.1");
insert into PERSON_3(PID, TYPE_ID, IDENTITY_ID) values("DMO50956", "1", "003698880");
insert into ENCOUNTER(PID, ADMSN_TIME, CONTACT_DATE) values("DMO50956", "2014-11-02T11:16:15-04:00", "2014-11-02");

insert into PERSON(PID, FIRST_NAME, LAST_NAME, SEX, BIRTH_DATE, DEATH_DATE, REG_DATE) values("DMO49376", "Nathaniel", "Campbell", "M", "2009-11-05T19:02:28-04:00", null, "2014-08-09T10:21:26-04:00");
insert into PERSON_2(PID, WC, TG, HDL, BP, GLC) values("DMO49376", "88.1", "162.7", "30.7", "133/66", "97.0");
insert into PERSON_3(PID, TYPE_ID, IDENTITY_ID) values("DMO49376", "1", "004976416");
insert into ENCOUNTER(PID, ADMSN_TIME, CONTACT_DATE) values("DMO49376", "2014-08-10T21:01:17-04:00", "2014-08-10");

insert into PERSON(PID, FIRST_NAME, LAST_NAME, SEX, BIRTH_DATE, DEATH_DATE, REG_DATE) values("DMO75886", "Ryan", "Reed", "M", "1966-10-02T17:15:58-04:00", null, "2014-06-25T11:19:10-04:00");
insert into PERSON_2(PID, WC, TG, HDL, BP, GLC) values("DMO75886", "107.4", "170.4", "41.4", "116/71", "97.2");
insert into PERSON_3(PID, TYPE_ID, IDENTITY_ID) values("DMO75886", "1", "005906527");
insert into ENCOUNTER(PID, ADMSN_TIME, CONTACT_DATE) values("DMO75886", "2014-06-26T05:47:31-04:00", "2014-06-26");

insert into PERSON(PID, FIRST_NAME, LAST_NAME, SEX, BIRTH_DATE, DEATH_DATE, REG_DATE) values("DMO40777", "Colton", "Rivera", "M", "1994-11-03T04:40:35-04:00", null, "2014-02-19T14:58:50-04:00");
insert into PERSON_2(PID, WC, TG, HDL, BP, GLC) values("DMO40777", "77.8", "138.2", "42.5", null, "94.1");
insert into PERSON_3(PID, TYPE_ID, IDENTITY_ID) values("DMO40777", "1", "003743879");
insert into ENCOUNTER(PID, ADMSN_TIME, CONTACT_DATE) values("DMO40777", "2014-02-21T11:51:11-04:00", "2014-02-21");

insert into PERSON(PID, FIRST_NAME, LAST_NAME, SEX, BIRTH_DATE, DEATH_DATE, REG_DATE) values("DMO75791", "Mila", "Diaz", "F", null, null, "2014-10-21T09:07:14-04:00");
insert into PERSON_2(PID, WC, TG, HDL, BP, GLC) values("DMO75791", "96.4", "165.1", "45.6", "144/74", null);
insert into PERSON_3(PID, TYPE_ID, IDENTITY_ID) values("DMO75791", "1", "000206658");
insert into ENCOUNTER(PID, ADMSN_TIME, CONTACT_DATE) values("DMO75791", "2014-10-22T06:22:19-04:00", "2014-10-22");

insert into PERSON(PID, FIRST_NAME, LAST_NAME, SEX, BIRTH_DATE, DEATH_DATE, REG_DATE) values("DMO34809", "Mackenzie", "Gonzalez", "F", "1986-04-20T14:58:07-04:00", null, "2014-01-09T12:19:05-04:00");
insert into PERSON_2(PID, WC, TG, HDL, BP, GLC) values("DMO34809", "85.3", "162.7", "30.3", "120/101", null);
insert into PERSON_3(PID, TYPE_ID, IDENTITY_ID) values("DMO34809", "1", "005932860");
insert into ENCOUNTER(PID, ADMSN_TIME, CONTACT_DATE) values("DMO34809", "2014-01-09T01:28:09-04:00", "2014-01-09");

insert into PERSON(PID, FIRST_NAME, LAST_NAME, SEX, BIRTH_DATE, DEATH_DATE, REG_DATE) values("DMO92481", "Aiden", "Johnson", "M", "1939-09-25T16:05:01-04:00", null, "2014-07-15T12:19:20-04:00");
insert into PERSON_2(PID, WC, TG, HDL, BP, GLC) values("DMO92481", "80.5", "121.9", "45.1", "145/89", "86.1");
insert into PERSON_3(PID, TYPE_ID, IDENTITY_ID) values("DMO92481", "1", "008236897");
insert into ENCOUNTER(PID, ADMSN_TIME, CONTACT_DATE) values("DMO92481", "2014-07-17T05:10:14-04:00", "2014-07-17");

insert into PERSON(PID, FIRST_NAME, LAST_NAME, SEX, BIRTH_DATE, DEATH_DATE, REG_DATE) values("DMO16245", "Oliver", "Young", "M", "1954-03-01T09:11:47-04:00", null, "2014-05-24T19:30:04-04:00");
insert into PERSON_2(PID, WC, TG, HDL, BP, GLC) values("DMO16245", "98.1", "133.0", "33.9", "127/72", "88.3");
insert into PERSON_3(PID, TYPE_ID, IDENTITY_ID) values("DMO16245", "1", "008152568");
insert into ENCOUNTER(PID, ADMSN_TIME, CONTACT_DATE) values("DMO16245", "2014-05-25T10:52:36-04:00", "2014-05-25");

insert into PERSON(PID, FIRST_NAME, LAST_NAME, SEX, BIRTH_DATE, DEATH_DATE, REG_DATE) values("DMO69010", "James", "Carter", "M", null, null, "2014-01-05T03:52:23-04:00");
insert into PERSON_2(PID, WC, TG, HDL, BP, GLC) values("DMO69010", "87.1", "154.2", "38.6", "152/80", "89.2");
insert into PERSON_3(PID, TYPE_ID, IDENTITY_ID) values("DMO69010", "1", "003077497");
insert into ENCOUNTER(PID, ADMSN_TIME, CONTACT_DATE) values("DMO69010", "2014-01-05T09:10:55-04:00", "2014-01-05");

insert into PERSON(PID, FIRST_NAME, LAST_NAME, SEX, BIRTH_DATE, DEATH_DATE, REG_DATE) values("DMO92964", "Savannah", "Collins", "F", "1957-06-13T20:45:24-04:00", null, "2014-05-06T06:00:09-04:00");
insert into PERSON_2(PID, WC, TG, HDL, BP, GLC) values("DMO92964", "107.1", "123.1", "36.0", "141/68", null);
insert into PERSON_3(PID, TYPE_ID, IDENTITY_ID) values("DMO92964", "1", "002447019");
insert into ENCOUNTER(PID, ADMSN_TIME, CONTACT_DATE) values("DMO92964", "2014-05-06T22:09:35-04:00", "2014-05-06");

insert into PERSON(PID, FIRST_NAME, LAST_NAME, SEX, BIRTH_DATE, DEATH_DATE, REG_DATE) values("DMO62035", "Jaxon", "Jenkins", "M", "1969-10-13T18:47:37-04:00", null, "2014-10-05T18:12:25-04:00");
insert into PERSON_2(PID, WC, TG, HDL, BP, GLC) values("DMO62035", "90.4", "142.5", "30.9", "124/91", null);
insert into PERSON_3(PID, TYPE_ID, IDENTITY_ID) values("DMO62035", "1", "005110715");
insert into ENCOUNTER(PID, ADMSN_TIME, CONTACT_DATE) values("DMO62035", "2014-10-07T01:30:10-04:00", "2014-10-07");

insert into PERSON(PID, FIRST_NAME, LAST_NAME, SEX, BIRTH_DATE, DEATH_DATE, REG_DATE) values("DMO88566", "Stella", "Flores", "F", "1959-07-17T04:10:34-04:00", null, "2014-10-13T06:29:04-04:00");
insert into PERSON_2(PID, WC, TG, HDL, BP, GLC) values("DMO88566", "107.9", "169.9", "32.1", "109/70", "84.4");
insert into PERSON_3(PID, TYPE_ID, IDENTITY_ID) values("DMO88566", "1", "008766970");
insert into ENCOUNTER(PID, ADMSN_TIME, CONTACT_DATE) values("DMO88566", "2014-10-14T06:51:00-04:00", "2014-10-14");

insert into PERSON(PID, FIRST_NAME, LAST_NAME, SEX, BIRTH_DATE, DEATH_DATE, REG_DATE) values("DMO14413", "Kayden", "Long", "M", "1975-06-29T05:21:57-04:00", null, "2014-01-03T03:19:10-04:00");
insert into PERSON_2(PID, WC, TG, HDL, BP, GLC) values("DMO14413", "75.6", "144.8", "40.5", "140/102", "86.1");
insert into PERSON_3(PID, TYPE_ID, IDENTITY_ID) values("DMO14413", "1", "000693398");
insert into ENCOUNTER(PID, ADMSN_TIME, CONTACT_DATE) values("DMO14413", "2014-01-05T13:00:25-04:00", "2014-01-05");

insert into PERSON(PID, FIRST_NAME, LAST_NAME, SEX, BIRTH_DATE, DEATH_DATE, REG_DATE) values("DMO50161", "Carson", "Martin", "M", "1963-07-22T18:05:10-04:00", null, "2014-07-04T13:25:03-04:00");
insert into PERSON_2(PID, WC, TG, HDL, BP, GLC) values("DMO50161", null, "169.2", "42.7", "113/99", "89.2");
insert into PERSON_3(PID, TYPE_ID, IDENTITY_ID) values("DMO50161", "1", "003228409");
insert into ENCOUNTER(PID, ADMSN_TIME, CONTACT_DATE) values("DMO50161", "2014-07-05T02:45:32-04:00", "2014-07-05");

insert into PERSON(PID, FIRST_NAME, LAST_NAME, SEX, BIRTH_DATE, DEATH_DATE, REG_DATE) values("DMO80294", "Addison", "King", "F", "1956-03-07T10:21:55-04:00", null, "2014-11-13T19:11:53-04:00");
insert into PERSON_2(PID, WC, TG, HDL, BP, GLC) values("DMO80294", "77.5", "125.7", "32.9", "139/80", "90.5");
insert into PERSON_3(PID, TYPE_ID, IDENTITY_ID) values("DMO80294", "1", "009656586");
insert into ENCOUNTER(PID, ADMSN_TIME, CONTACT_DATE) values("DMO80294", "2014-11-14T16:45:07-04:00", "2014-11-14");

insert into PERSON(PID, FIRST_NAME, LAST_NAME, SEX, BIRTH_DATE, DEATH_DATE, REG_DATE) values("DMO00524", "Ella", "Lee", "F", "1962-02-07T10:54:51-04:00", null, "2014-09-26T04:32:16-04:00");
insert into PERSON_2(PID, WC, TG, HDL, BP, GLC) values("DMO00524", "106.6", "134.3", "47.4", "107/96", "105.3");
insert into PERSON_3(PID, TYPE_ID, IDENTITY_ID) values("DMO00524", "1", "002620741");
insert into ENCOUNTER(PID, ADMSN_TIME, CONTACT_DATE) values("DMO00524", "2014-09-26T22:03:50-04:00", "2014-09-26");

insert into PERSON(PID, FIRST_NAME, LAST_NAME, SEX, BIRTH_DATE, DEATH_DATE, REG_DATE) values("DMO82083", "Hudson", "Cook", "M", "1954-01-30T22:34:21-04:00", null, "2014-07-27T00:23:29-04:00");
insert into PERSON_2(PID, WC, TG, HDL, BP, GLC) values("DMO82083", "113.5", "142.8", "34.6", "110/67", "100.4");
insert into PERSON_3(PID, TYPE_ID, IDENTITY_ID) values("DMO82083", "1", "001660858");
insert into ENCOUNTER(PID, ADMSN_TIME, CONTACT_DATE) values("DMO82083", "2014-07-28T21:23:46-04:00", "2014-07-28");

insert into PERSON(PID, FIRST_NAME, LAST_NAME, SEX, BIRTH_DATE, DEATH_DATE, REG_DATE) values("DMO12378", "Charles", "Wilson", "M", "1960-08-29T10:31:44-04:00", null, "2014-10-27T22:27:15-04:00");
insert into PERSON_2(PID, WC, TG, HDL, BP, GLC) values("DMO12378", "118.1", "126.9", "36.4", "113/75", "109.3");
insert into PERSON_3(PID, TYPE_ID, IDENTITY_ID) values("DMO12378", "1", "004176487");
insert into ENCOUNTER(PID, ADMSN_TIME, CONTACT_DATE) values("DMO12378", "2014-10-29T23:57:01-04:00", "2014-10-29");

insert into PERSON(PID, FIRST_NAME, LAST_NAME, SEX, BIRTH_DATE, DEATH_DATE, REG_DATE) values("DMO14049", "Carson", "Walker", "M", "1931-08-25T10:43:33-04:00", null, "2014-10-26T05:36:15-04:00");
insert into PERSON_2(PID, WC, TG, HDL, BP, GLC) values("DMO14049", "115.5", "145.9", "44.4", "143/72", "108.5");
insert into PERSON_3(PID, TYPE_ID, IDENTITY_ID) values("DMO14049", "1", "003717300");
insert into ENCOUNTER(PID, ADMSN_TIME, CONTACT_DATE) values("DMO14049", "2014-10-26T15:19:39-04:00", "2014-10-26");

insert into PERSON(PID, FIRST_NAME, LAST_NAME, SEX, BIRTH_DATE, DEATH_DATE, REG_DATE) values("DMO24470", "Hailey", "Collins", "F", null, null, "2014-03-20T21:58:13-04:00");
insert into PERSON_2(PID, WC, TG, HDL, BP, GLC) values("DMO24470", "93.5", "168.2", "49.3", "154/76", "80.5");
insert into PERSON_3(PID, TYPE_ID, IDENTITY_ID) values("DMO24470", "1", "005105358");
insert into ENCOUNTER(PID, ADMSN_TIME, CONTACT_DATE) values("DMO24470", "2014-03-21T22:28:07-04:00", "2014-03-21");

insert into PERSON(PID, FIRST_NAME, LAST_NAME, SEX, BIRTH_DATE, DEATH_DATE, REG_DATE) values("DMO05837", "Isaiah", "Ramirez", "M", "1933-12-28T17:04:51-04:00", null, "2014-03-08T14:39:30-04:00");
insert into PERSON_2(PID, WC, TG, HDL, BP, GLC) values("DMO05837", "124.1", "140.3", "45.1", "131/95", "88.7");
insert into PERSON_3(PID, TYPE_ID, IDENTITY_ID) values("DMO05837", "1", "008626185");
insert into ENCOUNTER(PID, ADMSN_TIME, CONTACT_DATE) values("DMO05837", "2014-03-09T07:56:45-04:00", "2014-03-09");

insert into PERSON(PID, FIRST_NAME, LAST_NAME, SEX, BIRTH_DATE, DEATH_DATE, REG_DATE) values("DMO40074", "Aiden", "Evans", "M", "1991-12-16T18:40:08-04:00", null, "2014-04-04T17:10:19-04:00");
insert into PERSON_2(PID, WC, TG, HDL, BP, GLC) values("DMO40074", "105.6", "168.6", "37.6", "118/99", "96.5");
insert into PERSON_3(PID, TYPE_ID, IDENTITY_ID) values("DMO40074", "1", "007989206");
insert into ENCOUNTER(PID, ADMSN_TIME, CONTACT_DATE) values("DMO40074", "2014-04-06T07:09:27-04:00", "2014-04-06");

insert into PERSON(PID, FIRST_NAME, LAST_NAME, SEX, BIRTH_DATE, DEATH_DATE, REG_DATE) values("DMO88732", "Avery", "Hall", "F", "1941-07-05T13:26:42-04:00", null, "2014-05-01T23:07:34-04:00");
insert into PERSON_2(PID, WC, TG, HDL, BP, GLC) values("DMO88732", null, "134.3", "37.5", "113/103", "119.1");
insert into PERSON_3(PID, TYPE_ID, IDENTITY_ID) values("DMO88732", "1", "007308939");
insert into ENCOUNTER(PID, ADMSN_TIME, CONTACT_DATE) values("DMO88732", "2014-05-03T10:37:45-04:00", "2014-05-03");

insert into PERSON(PID, FIRST_NAME, LAST_NAME, SEX, BIRTH_DATE, DEATH_DATE, REG_DATE) values("DMO97703", "Jose", "Taylor", "M", "1996-08-08T11:04:15-04:00", null, "2014-03-13T16:39:00-04:00");
insert into PERSON_2(PID, WC, TG, HDL, BP, GLC) values("DMO97703", "82.4", "140.6", "41.2", "132/75", "117.5");
insert into PERSON_3(PID, TYPE_ID, IDENTITY_ID) values("DMO97703", "1", "004002763");
insert into ENCOUNTER(PID, ADMSN_TIME, CONTACT_DATE) values("DMO97703", "2014-03-13T01:20:53-04:00", "2014-03-13");

insert into PERSON(PID, FIRST_NAME, LAST_NAME, SEX, BIRTH_DATE, DEATH_DATE, REG_DATE) values("DMO21657", "Charles", "Anderson", "M", "1965-03-31T07:26:27-04:00", null, "2014-04-12T21:20:39-04:00");
insert into PERSON_2(PID, WC, TG, HDL, BP, GLC) values("DMO21657", "110.8", "178.9", "40.2", "120/84", "89.8");
insert into PERSON_3(PID, TYPE_ID, IDENTITY_ID) values("DMO21657", "1", "000472424");
insert into ENCOUNTER(PID, ADMSN_TIME, CONTACT_DATE) values("DMO21657", "2014-04-13T00:56:43-04:00", "2014-04-13");

insert into PERSON(PID, FIRST_NAME, LAST_NAME, SEX, BIRTH_DATE, DEATH_DATE, REG_DATE) values("DMO08789", "Juan", "Price", "M", "1982-05-22T02:58:11-04:00", null, "2014-01-13T23:35:07-04:00");
insert into PERSON_2(PID, WC, TG, HDL, BP, GLC) values("DMO08789", "114.0", "161.8", "30.1", "129/82", "87.0");
insert into PERSON_3(PID, TYPE_ID, IDENTITY_ID) values("DMO08789", "1", "004473469");
insert into ENCOUNTER(PID, ADMSN_TIME, CONTACT_DATE) values("DMO08789", "2014-01-13T18:11:11-04:00", "2014-01-13");

insert into PERSON(PID, FIRST_NAME, LAST_NAME, SEX, BIRTH_DATE, DEATH_DATE, REG_DATE) values("DMO42774", "Olivia", "Campbell", "F", "1973-07-03T11:06:55-04:00", null, "2014-04-02T03:19:25-04:00");
insert into PERSON_2(PID, WC, TG, HDL, BP, GLC) values("DMO42774", "89.2", "134.8", "36.0", "148/73", "89.9");
insert into PERSON_3(PID, TYPE_ID, IDENTITY_ID) values("DMO42774", "1", "009421634");
insert into ENCOUNTER(PID, ADMSN_TIME, CONTACT_DATE) values("DMO42774", "2014-04-04T01:31:15-04:00", "2014-04-04");

insert into PERSON(PID, FIRST_NAME, LAST_NAME, SEX, BIRTH_DATE, DEATH_DATE, REG_DATE) values("DMO21228", "Alexis", "Turner", "F", "1955-04-10T14:15:50-04:00", null, "2014-05-24T06:39:30-04:00");
insert into PERSON_2(PID, WC, TG, HDL, BP, GLC) values("DMO21228", "76.0", "145.2", "31.9", "108/82", "87.1");
insert into PERSON_3(PID, TYPE_ID, IDENTITY_ID) values("DMO21228", "1", "008802368");
insert into ENCOUNTER(PID, ADMSN_TIME, CONTACT_DATE) values("DMO21228", "2014-05-26T05:40:22-04:00", "2014-05-26");

insert into PERSON(PID, FIRST_NAME, LAST_NAME, SEX, BIRTH_DATE, DEATH_DATE, REG_DATE) values("DMO87919", "Makayla", "Alexander", "F", "1970-01-18T17:29:36-04:00", null, "2014-01-22T14:34:38-04:00");
insert into PERSON_2(PID, WC, TG, HDL, BP, GLC) values("DMO87919", "112.6", "163.9", null, "106/65", "116.4");
insert into PERSON_3(PID, TYPE_ID, IDENTITY_ID) values("DMO87919", "1", "005083745");
insert into ENCOUNTER(PID, ADMSN_TIME, CONTACT_DATE) values("DMO87919", "2014-01-24T10:00:00-04:00", "2014-01-24");

insert into PERSON(PID, FIRST_NAME, LAST_NAME, SEX, BIRTH_DATE, DEATH_DATE, REG_DATE) values("DMO64732", "Ella", "Johnson", "F", "1995-06-27T11:18:47-04:00", null, "2014-06-08T00:57:33-04:00");
insert into PERSON_2(PID, WC, TG, HDL, BP, GLC) values("DMO64732", "82.4", "169.1", "49.2", "135/71", "110.3");
insert into PERSON_3(PID, TYPE_ID, IDENTITY_ID) values("DMO64732", "1", "000590836");
insert into ENCOUNTER(PID, ADMSN_TIME, CONTACT_DATE) values("DMO64732", "2014-06-09T14:15:04-04:00", "2014-06-09");

insert into PERSON(PID, FIRST_NAME, LAST_NAME, SEX, BIRTH_DATE, DEATH_DATE, REG_DATE) values("DMO76075", "Wyatt", "Murphy", "M", "1999-12-24T04:25:15-04:00", null, "2014-02-15T11:57:42-04:00");
insert into PERSON_2(PID, WC, TG, HDL, BP, GLC) values("DMO76075", "122.7", "161.7", "49.5", "113/83", "113.8");
insert into PERSON_3(PID, TYPE_ID, IDENTITY_ID) values("DMO76075", "1", "003294385");
insert into ENCOUNTER(PID, ADMSN_TIME, CONTACT_DATE) values("DMO76075", "2014-02-16T03:47:09-04:00", "2014-02-16");

insert into PERSON(PID, FIRST_NAME, LAST_NAME, SEX, BIRTH_DATE, DEATH_DATE, REG_DATE) values("DMO63584", "Cameron", "Taylor", "M", "1995-01-19T06:50:58-04:00", "2010-10-09T23:24:28-04:00", "2014-11-01T19:46:58-04:00");
insert into PERSON_2(PID, WC, TG, HDL, BP, GLC) values("DMO63584", "82.2", "178.4", null, "137/103", "109.3");
insert into PERSON_3(PID, TYPE_ID, IDENTITY_ID) values("DMO63584", "1", "009990058");
insert into ENCOUNTER(PID, ADMSN_TIME, CONTACT_DATE) values("DMO63584", "2014-11-03T09:28:58-04:00", "2014-11-03");

insert into PERSON(PID, FIRST_NAME, LAST_NAME, SEX, BIRTH_DATE, DEATH_DATE, REG_DATE) values("DMO85849", "Julian", "Foster", "M", "1980-04-07T00:09:57-04:00", null, "2014-10-09T14:48:40-04:00");
insert into PERSON_2(PID, WC, TG, HDL, BP, GLC) values("DMO85849", "123.5", "143.6", "49.5", "116/65", "80.4");
insert into PERSON_3(PID, TYPE_ID, IDENTITY_ID) values("DMO85849", "1", "009142610");
insert into ENCOUNTER(PID, ADMSN_TIME, CONTACT_DATE) values("DMO85849", "2014-10-11T06:13:54-04:00", "2014-10-11");

insert into PERSON(PID, FIRST_NAME, LAST_NAME, SEX, BIRTH_DATE, DEATH_DATE, REG_DATE) values("DMO62216", "Levi", "Torres", "M", "1969-06-13T21:24:44-04:00", null, "2014-11-24T09:12:04-04:00");
insert into PERSON_2(PID, WC, TG, HDL, BP, GLC) values("DMO62216", "105.9", "164.5", null, "124/88", "115.4");
insert into PERSON_3(PID, TYPE_ID, IDENTITY_ID) values("DMO62216", "1", "002404010");
insert into ENCOUNTER(PID, ADMSN_TIME, CONTACT_DATE) values("DMO62216", "2014-11-25T12:50:45-04:00", "2014-11-25");

insert into PERSON(PID, FIRST_NAME, LAST_NAME, SEX, BIRTH_DATE, DEATH_DATE, REG_DATE) values("DMO70353", "Connor", "Anderson", "M", null, null, "2014-06-27T08:35:01-04:00");
insert into PERSON_2(PID, WC, TG, HDL, BP, GLC) values("DMO70353", null, "150.6", "32.4", "124/103", "94.5");
insert into PERSON_3(PID, TYPE_ID, IDENTITY_ID) values("DMO70353", "1", "007501521");
insert into ENCOUNTER(PID, ADMSN_TIME, CONTACT_DATE) values("DMO70353", "2014-06-29T21:53:55-04:00", "2014-06-29");

insert into PERSON(PID, FIRST_NAME, LAST_NAME, SEX, BIRTH_DATE, DEATH_DATE, REG_DATE) values("DMO02899", "Naomi", "Morris", "F", "1955-10-23T12:04:08-04:00", null, "2014-01-13T14:28:08-04:00");
insert into PERSON_2(PID, WC, TG, HDL, BP, GLC) values("DMO02899", "77.1", null, "43.0", "115/69", null);
insert into PERSON_3(PID, TYPE_ID, IDENTITY_ID) values("DMO02899", "1", "001816701");
insert into ENCOUNTER(PID, ADMSN_TIME, CONTACT_DATE) values("DMO02899", "2014-01-14T06:57:50-04:00", "2014-01-14");

insert into PERSON(PID, FIRST_NAME, LAST_NAME, SEX, BIRTH_DATE, DEATH_DATE, REG_DATE) values("DMO48594", "Ashley", "Williams", "F", null, null, "2014-07-18T18:37:01-04:00");
insert into PERSON_2(PID, WC, TG, HDL, BP, GLC) values("DMO48594", "82.8", "168.7", "38.4", "148/103", "91.0");
insert into PERSON_3(PID, TYPE_ID, IDENTITY_ID) values("DMO48594", "1", "000856659");
insert into ENCOUNTER(PID, ADMSN_TIME, CONTACT_DATE) values("DMO48594", "2014-07-20T06:36:10-04:00", "2014-07-20");

insert into PERSON(PID, FIRST_NAME, LAST_NAME, SEX, BIRTH_DATE, DEATH_DATE, REG_DATE) values("DMO26616", "Sarah", "Wright", "F", "1931-11-17T20:01:40-04:00", null, "2014-07-20T10:09:03-04:00");
insert into PERSON_2(PID, WC, TG, HDL, BP, GLC) values("DMO26616", "99.5", "158.3", "31.2", "139/71", "102.0");
insert into PERSON_3(PID, TYPE_ID, IDENTITY_ID) values("DMO26616", "1", "000041416");
insert into ENCOUNTER(PID, ADMSN_TIME, CONTACT_DATE) values("DMO26616", "2014-07-20T10:38:14-04:00", "2014-07-20");

insert into PERSON(PID, FIRST_NAME, LAST_NAME, SEX, BIRTH_DATE, DEATH_DATE, REG_DATE) values("DMO70659", "Benjamin", "Morgan", "M", "1999-09-13T02:15:44-04:00", null, "2014-05-04T21:22:04-04:00");
insert into PERSON_2(PID, WC, TG, HDL, BP, GLC) values("DMO70659", "119.4", null, "34.6", "137/91", "87.8");
insert into PERSON_3(PID, TYPE_ID, IDENTITY_ID) values("DMO70659", "1", "005647634");
insert into ENCOUNTER(PID, ADMSN_TIME, CONTACT_DATE) values("DMO70659", "2014-05-04T06:21:09-04:00", "2014-05-04");

insert into PERSON(PID, FIRST_NAME, LAST_NAME, SEX, BIRTH_DATE, DEATH_DATE, REG_DATE) values("DMO35522", "Mackenzie", "Clark", "F", "2004-03-01T21:07:01-04:00", null, "2014-01-29T16:02:36-04:00");
insert into PERSON_2(PID, WC, TG, HDL, BP, GLC) values("DMO35522", "97.7", "168.3", "38.4", "119/89", "108.5");
insert into PERSON_3(PID, TYPE_ID, IDENTITY_ID) values("DMO35522", "1", "002398001");
insert into ENCOUNTER(PID, ADMSN_TIME, CONTACT_DATE) values("DMO35522", "2014-01-30T07:48:13-04:00", "2014-01-30");

insert into PERSON(PID, FIRST_NAME, LAST_NAME, SEX, BIRTH_DATE, DEATH_DATE, REG_DATE) values("DMO91883", "Grace", "Miller", "F", "1981-10-06T03:27:18-04:00", null, "2014-08-09T08:00:38-04:00");
insert into PERSON_2(PID, WC, TG, HDL, BP, GLC) values("DMO91883", "100.2", "124.6", "35.8", "144/65", "97.9");
insert into PERSON_3(PID, TYPE_ID, IDENTITY_ID) values("DMO91883", "1", "000023625");
insert into ENCOUNTER(PID, ADMSN_TIME, CONTACT_DATE) values("DMO91883", "2014-08-10T04:53:22-04:00", "2014-08-10");

insert into PERSON(PID, FIRST_NAME, LAST_NAME, SEX, BIRTH_DATE, DEATH_DATE, REG_DATE) values("DMO00227", "Brody", "Bryant", "M", "2005-10-12T02:39:42-04:00", null, "2014-03-03T09:35:50-04:00");
insert into PERSON_2(PID, WC, TG, HDL, BP, GLC) values("DMO00227", "88.3", "167.9", null, "108/102", "84.9");
insert into PERSON_3(PID, TYPE_ID, IDENTITY_ID) values("DMO00227", "1", "005772084");
insert into ENCOUNTER(PID, ADMSN_TIME, CONTACT_DATE) values("DMO00227", "2014-03-03T08:07:51-04:00", "2014-03-03");

insert into PERSON(PID, FIRST_NAME, LAST_NAME, SEX, BIRTH_DATE, DEATH_DATE, REG_DATE) values("DMO28760", "Kevin", "Russell", "M", "1953-11-26T07:06:17-04:00", null, "2014-03-30T11:10:44-04:00");
insert into PERSON_2(PID, WC, TG, HDL, BP, GLC) values("DMO28760", "96.9", "142.9", "44.9", "128/93", "91.4");
insert into PERSON_3(PID, TYPE_ID, IDENTITY_ID) values("DMO28760", "1", "009257811");
insert into ENCOUNTER(PID, ADMSN_TIME, CONTACT_DATE) values("DMO28760", "2014-04-01T18:43:55-04:00", "2014-04-01");

insert into PERSON(PID, FIRST_NAME, LAST_NAME, SEX, BIRTH_DATE, DEATH_DATE, REG_DATE) values("DMO59516", "Mackenzie", "Torres", "F", "2004-03-06T18:25:04-04:00", null, "2014-07-28T22:06:06-04:00");
insert into PERSON_2(PID, WC, TG, HDL, BP, GLC) values("DMO59516", "108.0", "127.3", "45.5", "140/80", "93.4");
insert into PERSON_3(PID, TYPE_ID, IDENTITY_ID) values("DMO59516", "1", "004092772");
insert into ENCOUNTER(PID, ADMSN_TIME, CONTACT_DATE) values("DMO59516", "2014-07-28T13:50:14-04:00", "2014-07-28");

insert into PERSON(PID, FIRST_NAME, LAST_NAME, SEX, BIRTH_DATE, DEATH_DATE, REG_DATE) values("DMO21102", "Luke", "Williams", "M", "1936-05-23T07:42:06-04:00", null, "2014-03-07T12:33:47-04:00");
insert into PERSON_2(PID, WC, TG, HDL, BP, GLC) values("DMO21102", "116.3", "167.9", "39.1", "113/102", "96.4");
insert into PERSON_3(PID, TYPE_ID, IDENTITY_ID) values("DMO21102", "1", "002259166");
insert into ENCOUNTER(PID, ADMSN_TIME, CONTACT_DATE) values("DMO21102", "2014-03-07T01:53:42-04:00", "2014-03-07");

insert into PERSON(PID, FIRST_NAME, LAST_NAME, SEX, BIRTH_DATE, DEATH_DATE, REG_DATE) values("DMO51529", "Angel", "Murphy", "M", "1984-10-09T14:22:52-04:00", null, "2014-04-10T19:48:28-04:00");
insert into PERSON_2(PID, WC, TG, HDL, BP, GLC) values("DMO51529", "82.5", "137.8", "45.6", "122/85", "86.7");
insert into PERSON_3(PID, TYPE_ID, IDENTITY_ID) values("DMO51529", "1", "005762871");
insert into ENCOUNTER(PID, ADMSN_TIME, CONTACT_DATE) values("DMO51529", "2014-04-12T01:44:44-04:00", "2014-04-12");

insert into PERSON(PID, FIRST_NAME, LAST_NAME, SEX, BIRTH_DATE, DEATH_DATE, REG_DATE) values("DMO36450", "Mackenzie", "Patterson", "F", "1991-10-10T17:37:50-04:00", null, "2014-09-09T20:17:43-04:00");
insert into PERSON_2(PID, WC, TG, HDL, BP, GLC) values("DMO36450", "124.2", null, null, "135/96", "103.9");
insert into PERSON_3(PID, TYPE_ID, IDENTITY_ID) values("DMO36450", "1", "008874985");
insert into ENCOUNTER(PID, ADMSN_TIME, CONTACT_DATE) values("DMO36450", "2014-09-10T09:01:48-04:00", "2014-09-10");

insert into PERSON(PID, FIRST_NAME, LAST_NAME, SEX, BIRTH_DATE, DEATH_DATE, REG_DATE) values("DMO05745", "Evan", "Brooks", "M", "1945-10-12T11:49:45-04:00", "1984-04-28T01:36:07-04:00", "2014-10-02T10:26:26-04:00");
insert into PERSON_2(PID, WC, TG, HDL, BP, GLC) values("DMO05745", "121.2", "146.0", "49.9", null, "96.3");
insert into PERSON_3(PID, TYPE_ID, IDENTITY_ID) values("DMO05745", "1", "008332565");
insert into ENCOUNTER(PID, ADMSN_TIME, CONTACT_DATE) values("DMO05745", "2014-10-02T07:58:41-04:00", "2014-10-02");

insert into PERSON(PID, FIRST_NAME, LAST_NAME, SEX, BIRTH_DATE, DEATH_DATE, REG_DATE) values("DMO97281", "Harper", "Hughes", "F", "1933-05-06T08:46:56-04:00", "1986-05-01T02:02:39-04:00", "2014-04-08T00:15:13-04:00");
insert into PERSON_2(PID, WC, TG, HDL, BP, GLC) values("DMO97281", "113.7", "165.3", "33.0", "119/82", "115.4");
insert into PERSON_3(PID, TYPE_ID, IDENTITY_ID) values("DMO97281", "1", "002821146");
insert into ENCOUNTER(PID, ADMSN_TIME, CONTACT_DATE) values("DMO97281", "2014-04-09T02:52:56-04:00", "2014-04-09");

insert into PERSON(PID, FIRST_NAME, LAST_NAME, SEX, BIRTH_DATE, DEATH_DATE, REG_DATE) values("DMO20958", "Riley", "Walker", "F", "1939-09-24T17:12:14-04:00", null, "2014-06-05T18:00:23-04:00");
insert into PERSON_2(PID, WC, TG, HDL, BP, GLC) values("DMO20958", "76.9", "143.1", "31.8", "154/78", "104.6");
insert into PERSON_3(PID, TYPE_ID, IDENTITY_ID) values("DMO20958", "1", "001569303");
insert into ENCOUNTER(PID, ADMSN_TIME, CONTACT_DATE) values("DMO20958", "2014-06-07T14:00:10-04:00", "2014-06-07");

insert into PERSON(PID, FIRST_NAME, LAST_NAME, SEX, BIRTH_DATE, DEATH_DATE, REG_DATE) values("DMO64262", "Savannah", "Reed", "F", "1952-03-11T00:40:14-04:00", null, "2014-02-27T12:11:01-04:00");
insert into PERSON_2(PID, WC, TG, HDL, BP, GLC) values("DMO64262", "92.2", "124.6", "48.0", "131/92", "88.9");
insert into PERSON_3(PID, TYPE_ID, IDENTITY_ID) values("DMO64262", "1", "003498873");
insert into ENCOUNTER(PID, ADMSN_TIME, CONTACT_DATE) values("DMO64262", "2014-02-27T04:41:23-04:00", "2014-02-27");

insert into PERSON(PID, FIRST_NAME, LAST_NAME, SEX, BIRTH_DATE, DEATH_DATE, REG_DATE) values("DMO26433", "Colton", "Jenkins", "M", "1950-05-25T04:58:17-04:00", null, "2014-10-27T22:31:39-04:00");
insert into PERSON_2(PID, WC, TG, HDL, BP, GLC) values("DMO26433", "80.7", "167.6", "32.0", "121/93", "95.9");
insert into PERSON_3(PID, TYPE_ID, IDENTITY_ID) values("DMO26433", "1", "000419396");
insert into ENCOUNTER(PID, ADMSN_TIME, CONTACT_DATE) values("DMO26433", "2014-10-28T23:29:53-04:00", "2014-10-28");

insert into PERSON(PID, FIRST_NAME, LAST_NAME, SEX, BIRTH_DATE, DEATH_DATE, REG_DATE) values("DMO35521", "Aria", "Evans", "F", "1941-03-15T09:20:12-04:00", "1988-11-05T18:52:54-04:00", "2014-11-23T13:59:06-04:00");
insert into PERSON_2(PID, WC, TG, HDL, BP, GLC) values("DMO35521", "89.1", "140.4", "36.5", "143/94", "83.7");
insert into PERSON_3(PID, TYPE_ID, IDENTITY_ID) values("DMO35521", "1", "008137971");
insert into ENCOUNTER(PID, ADMSN_TIME, CONTACT_DATE) values("DMO35521", "2014-11-23T06:02:51-04:00", "2014-11-23");

insert into PERSON(PID, FIRST_NAME, LAST_NAME, SEX, BIRTH_DATE, DEATH_DATE, REG_DATE) values("DMO98234", "Jeremiah", "Perry", "M", "1998-01-21T15:22:31-04:00", null, "2014-04-21T02:34:44-04:00");
insert into PERSON_2(PID, WC, TG, HDL, BP, GLC) values("DMO98234", "97.4", "123.9", null, "110/65", "106.0");
insert into PERSON_3(PID, TYPE_ID, IDENTITY_ID) values("DMO98234", "1", "000889045");
insert into ENCOUNTER(PID, ADMSN_TIME, CONTACT_DATE) values("DMO98234", "2014-04-23T21:08:58-04:00", "2014-04-23");

insert into PERSON(PID, FIRST_NAME, LAST_NAME, SEX, BIRTH_DATE, DEATH_DATE, REG_DATE) values("DMO03460", "Lydia", "Alexander", "F", "1976-03-08T03:59:05-04:00", null, "2014-11-07T17:22:27-04:00");
insert into PERSON_2(PID, WC, TG, HDL, BP, GLC) values("DMO03460", "89.3", null, "45.8", "115/84", "110.5");
insert into PERSON_3(PID, TYPE_ID, IDENTITY_ID) values("DMO03460", "1", "007963363");
insert into ENCOUNTER(PID, ADMSN_TIME, CONTACT_DATE) values("DMO03460", "2014-11-09T02:00:01-04:00", "2014-11-09");

insert into PERSON(PID, FIRST_NAME, LAST_NAME, SEX, BIRTH_DATE, DEATH_DATE, REG_DATE) values("DMO19495", "Joshua", "Peterson", "M", "1971-06-30T12:12:39-04:00", null, "2014-12-13T12:23:38-04:00");
insert into PERSON_2(PID, WC, TG, HDL, BP, GLC) values("DMO19495", "118.6", "129.4", "30.5", "111/75", "87.5");
insert into PERSON_3(PID, TYPE_ID, IDENTITY_ID) values("DMO19495", "1", "004284441");
insert into ENCOUNTER(PID, ADMSN_TIME, CONTACT_DATE) values("DMO19495", "2014-12-14T01:49:18-04:00", "2014-12-14");

insert into PERSON(PID, FIRST_NAME, LAST_NAME, SEX, BIRTH_DATE, DEATH_DATE, REG_DATE) values("DMO03522", "William", "Davis", "M", null, null, "2014-12-15T09:44:49-04:00");
insert into PERSON_2(PID, WC, TG, HDL, BP, GLC) values("DMO03522", "103.0", "153.7", "33.5", "113/68", "111.5");
insert into PERSON_3(PID, TYPE_ID, IDENTITY_ID) values("DMO03522", "1", "004115530");
insert into ENCOUNTER(PID, ADMSN_TIME, CONTACT_DATE) values("DMO03522", "2014-12-16T01:52:37-04:00", "2014-12-16");

insert into PERSON(PID, FIRST_NAME, LAST_NAME, SEX, BIRTH_DATE, DEATH_DATE, REG_DATE) values("DMO33375", "Eva", "Davis", "F", "1998-08-07T02:43:13-04:00", null, "2014-07-17T18:04:00-04:00");
insert into PERSON_2(PID, WC, TG, HDL, BP, GLC) values("DMO33375", "117.8", "149.1", "38.4", null, "88.9");
insert into PERSON_3(PID, TYPE_ID, IDENTITY_ID) values("DMO33375", "1", "003861874");
insert into ENCOUNTER(PID, ADMSN_TIME, CONTACT_DATE) values("DMO33375", "2014-07-17T22:57:09-04:00", "2014-07-17");

insert into PERSON(PID, FIRST_NAME, LAST_NAME, SEX, BIRTH_DATE, DEATH_DATE, REG_DATE) values("DMO66601", "Zoe", "Russell", "F", "2013-07-23T23:06:29-04:00", null, "2014-12-18T18:46:41-04:00");
insert into PERSON_2(PID, WC, TG, HDL, BP, GLC) values("DMO66601", null, null, "32.0", "112/70", "98.3");
insert into PERSON_3(PID, TYPE_ID, IDENTITY_ID) values("DMO66601", "1", "008600165");
insert into ENCOUNTER(PID, ADMSN_TIME, CONTACT_DATE) values("DMO66601", "2014-12-19T19:41:44-04:00", "2014-12-19");

insert into PERSON(PID, FIRST_NAME, LAST_NAME, SEX, BIRTH_DATE, DEATH_DATE, REG_DATE) values("DMO60028", "Zoey", "Hall", "F", "2011-08-16T17:28:33-04:00", null, "2014-05-27T23:46:38-04:00");
insert into PERSON_2(PID, WC, TG, HDL, BP, GLC) values("DMO60028", "91.2", "153.5", "45.8", "121/65", "102.9");
insert into PERSON_3(PID, TYPE_ID, IDENTITY_ID) values("DMO60028", "1", "004498811");
insert into ENCOUNTER(PID, ADMSN_TIME, CONTACT_DATE) values("DMO60028", "2014-05-28T00:09:51-04:00", "2014-05-28");

insert into PERSON(PID, FIRST_NAME, LAST_NAME, SEX, BIRTH_DATE, DEATH_DATE, REG_DATE) values("DMO09608", "Andrew", "Long", "M", "1948-11-10T00:33:03-04:00", null, "2014-07-07T08:01:34-04:00");
insert into PERSON_2(PID, WC, TG, HDL, BP, GLC) values("DMO09608", "86.5", "141.1", "32.9", "134/81", "111.8");
insert into PERSON_3(PID, TYPE_ID, IDENTITY_ID) values("DMO09608", "1", "002625828");
insert into ENCOUNTER(PID, ADMSN_TIME, CONTACT_DATE) values("DMO09608", "2014-07-09T19:39:47-04:00", "2014-07-09");

insert into PERSON(PID, FIRST_NAME, LAST_NAME, SEX, BIRTH_DATE, DEATH_DATE, REG_DATE) values("DMO09640", "Audrey", "Torres", "F", "1965-04-09T15:01:46-04:00", null, "2014-09-24T20:48:07-04:00");
insert into PERSON_2(PID, WC, TG, HDL, BP, GLC) values("DMO09640", "91.5", "172.1", "37.8", "146/79", "107.1");
insert into PERSON_3(PID, TYPE_ID, IDENTITY_ID) values("DMO09640", "1", "002227058");
insert into ENCOUNTER(PID, ADMSN_TIME, CONTACT_DATE) values("DMO09640", "2014-09-24T18:55:20-04:00", "2014-09-24");

insert into PERSON(PID, FIRST_NAME, LAST_NAME, SEX, BIRTH_DATE, DEATH_DATE, REG_DATE) values("DMO33872", "London", "Powell", "F", "2000-11-19T07:52:23-04:00", null, "2014-05-10T05:03:39-04:00");
insert into PERSON_2(PID, WC, TG, HDL, BP, GLC) values("DMO33872", "115.9", "142.8", "35.9", "126/98", "102.8");
insert into PERSON_3(PID, TYPE_ID, IDENTITY_ID) values("DMO33872", "1", "001421887");
insert into ENCOUNTER(PID, ADMSN_TIME, CONTACT_DATE) values("DMO33872", "2014-05-11T19:07:24-04:00", "2014-05-11");

insert into PERSON(PID, FIRST_NAME, LAST_NAME, SEX, BIRTH_DATE, DEATH_DATE, REG_DATE) values("DMO33340", "Alexandra", "Wilson", "F", "1973-03-01T04:14:45-04:00", null, "2014-05-27T04:29:51-04:00");
insert into PERSON_2(PID, WC, TG, HDL, BP, GLC) values("DMO33340", "106.3", "149.9", "36.1", "133/102", "112.1");
insert into PERSON_3(PID, TYPE_ID, IDENTITY_ID) values("DMO33340", "1", "005146549");
insert into ENCOUNTER(PID, ADMSN_TIME, CONTACT_DATE) values("DMO33340", "2014-05-28T01:50:02-04:00", "2014-05-28");

insert into PERSON(PID, FIRST_NAME, LAST_NAME, SEX, BIRTH_DATE, DEATH_DATE, REG_DATE) values("DMO88690", "Grace", "King", "F", "1986-01-04T02:24:12-04:00", null, "2014-01-11T11:02:24-04:00");
insert into PERSON_2(PID, WC, TG, HDL, BP, GLC) values("DMO88690", "81.5", "147.5", "46.1", "135/95", null);
insert into PERSON_3(PID, TYPE_ID, IDENTITY_ID) values("DMO88690", "1", "003835044");
insert into ENCOUNTER(PID, ADMSN_TIME, CONTACT_DATE) values("DMO88690", "2014-01-11T22:00:56-04:00", "2014-01-11");

insert into PERSON(PID, FIRST_NAME, LAST_NAME, SEX, BIRTH_DATE, DEATH_DATE, REG_DATE) values("DMO66875", "Adam", "Powell", "M", null, null, "2014-11-16T05:38:45-04:00");
insert into PERSON_2(PID, WC, TG, HDL, BP, GLC) values("DMO66875", "75.4", "146.4", "43.5", "113/85", "115.7");
insert into PERSON_3(PID, TYPE_ID, IDENTITY_ID) values("DMO66875", "1", "006345098");
insert into ENCOUNTER(PID, ADMSN_TIME, CONTACT_DATE) values("DMO66875", "2014-11-18T18:56:35-04:00", "2014-11-18");

insert into PERSON(PID, FIRST_NAME, LAST_NAME, SEX, BIRTH_DATE, DEATH_DATE, REG_DATE) values("DMO94249", "Bentley", "Collins", "M", "1965-10-10T13:18:19-04:00", null, "2014-12-06T14:44:32-04:00");
insert into PERSON_2(PID, WC, TG, HDL, BP, GLC) values("DMO94249", "119.7", "161.3", "45.5", "152/103", "90.0");
insert into PERSON_3(PID, TYPE_ID, IDENTITY_ID) values("DMO94249", "1", "009824177");
insert into ENCOUNTER(PID, ADMSN_TIME, CONTACT_DATE) values("DMO94249", "2014-12-06T16:44:52-04:00", "2014-12-06");

insert into PERSON(PID, FIRST_NAME, LAST_NAME, SEX, BIRTH_DATE, DEATH_DATE, REG_DATE) values("DMO90971", "Arianna", "King", "F", "1980-12-23T13:28:32-04:00", null, "2014-03-09T20:05:21-04:00");
insert into PERSON_2(PID, WC, TG, HDL, BP, GLC) values("DMO90971", "104.2", "173.1", "44.6", "127/103", "114.0");
insert into PERSON_3(PID, TYPE_ID, IDENTITY_ID) values("DMO90971", "1", "001573857");
insert into ENCOUNTER(PID, ADMSN_TIME, CONTACT_DATE) values("DMO90971", "2014-03-11T01:10:17-04:00", "2014-03-11");

insert into PERSON(PID, FIRST_NAME, LAST_NAME, SEX, BIRTH_DATE, DEATH_DATE, REG_DATE) values("DMO88499", "London", "White", "F", "1979-10-15T10:10:23-04:00", null, "2014-06-06T04:45:56-04:00");
insert into PERSON_2(PID, WC, TG, HDL, BP, GLC) values("DMO88499", "106.7", null, "39.9", "132/88", "118.5");
insert into PERSON_3(PID, TYPE_ID, IDENTITY_ID) values("DMO88499", "1", "002187037");
insert into ENCOUNTER(PID, ADMSN_TIME, CONTACT_DATE) values("DMO88499", "2014-06-06T23:09:11-04:00", "2014-06-06");

insert into PERSON(PID, FIRST_NAME, LAST_NAME, SEX, BIRTH_DATE, DEATH_DATE, REG_DATE) values("DMO79676", "Mackenzie", "Scott", "F", "1985-01-01T21:19:46-04:00", null, "2014-07-20T21:05:43-04:00");
insert into PERSON_2(PID, WC, TG, HDL, BP, GLC) values("DMO79676", "110.7", "137.8", "46.3", "141/97", "115.8");
insert into PERSON_3(PID, TYPE_ID, IDENTITY_ID) values("DMO79676", "1", "009982666");
insert into ENCOUNTER(PID, ADMSN_TIME, CONTACT_DATE) values("DMO79676", "2014-07-22T13:03:33-04:00", "2014-07-22");

insert into PERSON(PID, FIRST_NAME, LAST_NAME, SEX, BIRTH_DATE, DEATH_DATE, REG_DATE) values("DMO78421", "Luke", "Sanchez", "M", null, null, "2014-08-28T12:03:32-04:00");
insert into PERSON_2(PID, WC, TG, HDL, BP, GLC) values("DMO78421", "87.4", null, "32.6", "131/90", "107.0");
insert into PERSON_3(PID, TYPE_ID, IDENTITY_ID) values("DMO78421", "1", "002193369");
insert into ENCOUNTER(PID, ADMSN_TIME, CONTACT_DATE) values("DMO78421", "2014-08-30T15:53:46-04:00", "2014-08-30");

insert into PERSON(PID, FIRST_NAME, LAST_NAME, SEX, BIRTH_DATE, DEATH_DATE, REG_DATE) values("DMO14340", "Mia", "Johnson", "F", "2011-10-10T17:10:43-04:00", null, "2014-12-04T06:40:06-04:00");
insert into PERSON_2(PID, WC, TG, HDL, BP, GLC) values("DMO14340", "115.1", null, "49.0", null, "113.4");
insert into PERSON_3(PID, TYPE_ID, IDENTITY_ID) values("DMO14340", "1", "009784414");
insert into ENCOUNTER(PID, ADMSN_TIME, CONTACT_DATE) values("DMO14340", "2014-12-06T01:06:28-04:00", "2014-12-06");

insert into PERSON(PID, FIRST_NAME, LAST_NAME, SEX, BIRTH_DATE, DEATH_DATE, REG_DATE) values("DMO26095", "Faith", "Ward", "F", "1931-04-06T12:08:58-04:00", null, "2014-04-11T10:51:53-04:00");
insert into PERSON_2(PID, WC, TG, HDL, BP, GLC) values("DMO26095", "106.0", "159.0", "34.2", "128/72", null);
insert into PERSON_3(PID, TYPE_ID, IDENTITY_ID) values("DMO26095", "1", "009366361");
insert into ENCOUNTER(PID, ADMSN_TIME, CONTACT_DATE) values("DMO26095", "2014-04-13T21:28:56-04:00", "2014-04-13");

insert into PERSON(PID, FIRST_NAME, LAST_NAME, SEX, BIRTH_DATE, DEATH_DATE, REG_DATE) values("DMO36837", "Skylar", "Flores", "F", "1959-09-16T18:39:28-04:00", null, "2014-01-06T07:00:09-04:00");
insert into PERSON_2(PID, WC, TG, HDL, BP, GLC) values("DMO36837", "84.3", "177.7", "38.0", "137/75", "88.1");
insert into PERSON_3(PID, TYPE_ID, IDENTITY_ID) values("DMO36837", "1", "005691613");
insert into ENCOUNTER(PID, ADMSN_TIME, CONTACT_DATE) values("DMO36837", "2014-01-06T04:05:47-04:00", "2014-01-06");

insert into PERSON(PID, FIRST_NAME, LAST_NAME, SEX, BIRTH_DATE, DEATH_DATE, REG_DATE) values("DMO18609", "Paisley", "Carter", "F", "2005-04-17T03:05:47-04:00", "2011-08-05T20:29:58-04:00", "2014-03-10T03:33:19-04:00");
insert into PERSON_2(PID, WC, TG, HDL, BP, GLC) values("DMO18609", "118.1", "122.3", "32.2", "128/87", "85.0");
insert into PERSON_3(PID, TYPE_ID, IDENTITY_ID) values("DMO18609", "1", "006760801");
insert into ENCOUNTER(PID, ADMSN_TIME, CONTACT_DATE) values("DMO18609", "2014-03-11T12:21:01-04:00", "2014-03-11");

insert into PERSON(PID, FIRST_NAME, LAST_NAME, SEX, BIRTH_DATE, DEATH_DATE, REG_DATE) values("DMO67306", "Andrew", "Hill", "M", "1932-01-10T12:13:43-04:00", null, "2014-11-12T09:07:27-04:00");
insert into PERSON_2(PID, WC, TG, HDL, BP, GLC) values("DMO67306", "91.0", "153.8", "35.1", "150/82", "112.3");
insert into PERSON_3(PID, TYPE_ID, IDENTITY_ID) values("DMO67306", "1", "000426582");
insert into ENCOUNTER(PID, ADMSN_TIME, CONTACT_DATE) values("DMO67306", "2014-11-12T13:21:10-04:00", "2014-11-12");

insert into PERSON(PID, FIRST_NAME, LAST_NAME, SEX, BIRTH_DATE, DEATH_DATE, REG_DATE) values("DMO32675", "Layla", "Johnson", "F", null, null, "2014-10-28T14:10:16-04:00");
insert into PERSON_2(PID, WC, TG, HDL, BP, GLC) values("DMO32675", "76.3", null, "37.6", "143/74", "88.5");
insert into PERSON_3(PID, TYPE_ID, IDENTITY_ID) values("DMO32675", "1", "000801048");
insert into ENCOUNTER(PID, ADMSN_TIME, CONTACT_DATE) values("DMO32675", "2014-10-28T05:33:46-04:00", "2014-10-28");

insert into PERSON(PID, FIRST_NAME, LAST_NAME, SEX, BIRTH_DATE, DEATH_DATE, REG_DATE) values("DMO10747", "Olivia", "Clark", "F", "1979-01-11T08:05:06-04:00", null, "2014-12-04T10:28:13-04:00");
insert into PERSON_2(PID, WC, TG, HDL, BP, GLC) values("DMO10747", "115.2", "151.5", "45.6", null, "96.8");
insert into PERSON_3(PID, TYPE_ID, IDENTITY_ID) values("DMO10747", "1", "000210980");
insert into ENCOUNTER(PID, ADMSN_TIME, CONTACT_DATE) values("DMO10747", "2014-12-06T10:43:32-04:00", "2014-12-06");

insert into PERSON(PID, FIRST_NAME, LAST_NAME, SEX, BIRTH_DATE, DEATH_DATE, REG_DATE) values("DMO12309", "Jordan", "Brooks", "M", null, null, "2014-01-18T13:27:40-04:00");
insert into PERSON_2(PID, WC, TG, HDL, BP, GLC) values("DMO12309", "90.6", "138.8", "38.0", "136/80", null);
insert into PERSON_3(PID, TYPE_ID, IDENTITY_ID) values("DMO12309", "1", "008402844");
insert into ENCOUNTER(PID, ADMSN_TIME, CONTACT_DATE) values("DMO12309", "2014-01-19T02:11:04-04:00", "2014-01-19");

insert into PERSON(PID, FIRST_NAME, LAST_NAME, SEX, BIRTH_DATE, DEATH_DATE, REG_DATE) values("DMO82328", "London", "Perez", "F", "1948-08-05T18:03:05-04:00", null, "2014-04-20T00:16:15-04:00");
insert into PERSON_2(PID, WC, TG, HDL, BP, GLC) values("DMO82328", "102.8", "165.0", "36.3", "151/97", "114.3");
insert into PERSON_3(PID, TYPE_ID, IDENTITY_ID) values("DMO82328", "1", "007974145");
insert into ENCOUNTER(PID, ADMSN_TIME, CONTACT_DATE) values("DMO82328", "2014-04-22T16:24:54-04:00", "2014-04-22");

insert into PERSON(PID, FIRST_NAME, LAST_NAME, SEX, BIRTH_DATE, DEATH_DATE, REG_DATE) values("DMO29628", "William", "Coleman", "M", "1953-06-23T05:38:30-04:00", null, "2014-11-20T15:38:57-04:00");
insert into PERSON_2(PID, WC, TG, HDL, BP, GLC) values("DMO29628", null, "166.6", "44.9", "144/78", "99.3");
insert into PERSON_3(PID, TYPE_ID, IDENTITY_ID) values("DMO29628", "1", "004468961");
insert into ENCOUNTER(PID, ADMSN_TIME, CONTACT_DATE) values("DMO29628", "2014-11-21T02:10:20-04:00", "2014-11-21");

insert into PERSON(PID, FIRST_NAME, LAST_NAME, SEX, BIRTH_DATE, DEATH_DATE, REG_DATE) values("DMO29705", "Olivia", "Rogers", "F", "1999-03-26T04:40:03-04:00", "2011-05-30T21:59:00-04:00", "2014-12-02T10:54:33-04:00");
insert into PERSON_2(PID, WC, TG, HDL, BP, GLC) values("DMO29705", "88.7", "126.2", "33.1", "137/96", "80.9");
insert into PERSON_3(PID, TYPE_ID, IDENTITY_ID) values("DMO29705", "1", "007321738");
insert into ENCOUNTER(PID, ADMSN_TIME, CONTACT_DATE) values("DMO29705", "2014-12-03T21:46:28-04:00", "2014-12-03");

insert into PERSON(PID, FIRST_NAME, LAST_NAME, SEX, BIRTH_DATE, DEATH_DATE, REG_DATE) values("DMO47028", "Skylar", "Evans", "F", "1988-10-13T23:15:36-04:00", null, "2014-01-16T19:39:21-04:00");
insert into PERSON_2(PID, WC, TG, HDL, BP, GLC) values("DMO47028", "105.8", "157.7", "32.9", "118/98", "92.5");
insert into PERSON_3(PID, TYPE_ID, IDENTITY_ID) values("DMO47028", "1", "001140473");
insert into ENCOUNTER(PID, ADMSN_TIME, CONTACT_DATE) values("DMO47028", "2014-01-16T22:21:18-04:00", "2014-01-16");

insert into PERSON(PID, FIRST_NAME, LAST_NAME, SEX, BIRTH_DATE, DEATH_DATE, REG_DATE) values("DMO41788", "Samantha", "Sanchez", "F", "1989-03-31T21:49:55-04:00", null, "2014-03-01T10:30:33-04:00");
insert into PERSON_2(PID, WC, TG, HDL, BP, GLC) values("DMO41788", "100.2", "145.6", "35.9", "105/87", "83.0");
insert into PERSON_3(PID, TYPE_ID, IDENTITY_ID) values("DMO41788", "1", "008246197");
insert into ENCOUNTER(PID, ADMSN_TIME, CONTACT_DATE) values("DMO41788", "2014-03-01T17:29:52-04:00", "2014-03-01");

insert into PERSON(PID, FIRST_NAME, LAST_NAME, SEX, BIRTH_DATE, DEATH_DATE, REG_DATE) values("DMO58185", "Gavin", "James", "M", "1955-04-12T09:34:28-04:00", null, "2014-07-27T06:08:40-04:00");
insert into PERSON_2(PID, WC, TG, HDL, BP, GLC) values("DMO58185", "80.4", "167.9", "30.4", "109/95", "89.0");
insert into PERSON_3(PID, TYPE_ID, IDENTITY_ID) values("DMO58185", "1", "003295716");
insert into ENCOUNTER(PID, ADMSN_TIME, CONTACT_DATE) values("DMO58185", "2014-07-29T10:25:08-04:00", "2014-07-29");

insert into PERSON(PID, FIRST_NAME, LAST_NAME, SEX, BIRTH_DATE, DEATH_DATE, REG_DATE) values("DMO44412", "Christopher", "Bryant", "M", "1986-09-10T16:44:11-04:00", null, "2014-06-14T10:29:10-04:00");
insert into PERSON_2(PID, WC, TG, HDL, BP, GLC) values("DMO44412", "84.5", "147.7", "38.2", "140/75", "91.6");
insert into PERSON_3(PID, TYPE_ID, IDENTITY_ID) values("DMO44412", "1", "007121945");
insert into ENCOUNTER(PID, ADMSN_TIME, CONTACT_DATE) values("DMO44412", "2014-06-14T23:58:44-04:00", "2014-06-14");

insert into PERSON(PID, FIRST_NAME, LAST_NAME, SEX, BIRTH_DATE, DEATH_DATE, REG_DATE) values("DMO79351", "Zachary", "King", "M", "1971-03-15T22:37:11-04:00", null, "2014-01-14T22:35:44-04:00");
insert into PERSON_2(PID, WC, TG, HDL, BP, GLC) values("DMO79351", "104.7", null, "36.2", "148/76", null);
insert into PERSON_3(PID, TYPE_ID, IDENTITY_ID) values("DMO79351", "1", "006714661");
insert into ENCOUNTER(PID, ADMSN_TIME, CONTACT_DATE) values("DMO79351", "2014-01-16T01:58:11-04:00", "2014-01-16");

insert into PERSON(PID, FIRST_NAME, LAST_NAME, SEX, BIRTH_DATE, DEATH_DATE, REG_DATE) values("DMO95487", "Harper", "Anderson", "F", "1997-12-04T20:24:41-04:00", null, "2014-09-22T11:16:01-04:00");
insert into PERSON_2(PID, WC, TG, HDL, BP, GLC) values("DMO95487", "86.3", "164.9", "39.4", "122/80", "89.8");
insert into PERSON_3(PID, TYPE_ID, IDENTITY_ID) values("DMO95487", "1", "006209843");
insert into ENCOUNTER(PID, ADMSN_TIME, CONTACT_DATE) values("DMO95487", "2014-09-22T04:30:23-04:00", "2014-09-22");

insert into PERSON(PID, FIRST_NAME, LAST_NAME, SEX, BIRTH_DATE, DEATH_DATE, REG_DATE) values("DMO55665", "Christopher", "Hayes", "M", "1934-09-05T03:01:04-04:00", null, "2014-02-03T17:20:01-04:00");
insert into PERSON_2(PID, WC, TG, HDL, BP, GLC) values("DMO55665", "116.9", "171.5", "38.5", "152/95", "105.6");
insert into PERSON_3(PID, TYPE_ID, IDENTITY_ID) values("DMO55665", "1", "005888882");
insert into ENCOUNTER(PID, ADMSN_TIME, CONTACT_DATE) values("DMO55665", "2014-02-05T10:10:10-04:00", "2014-02-05");

insert into PERSON(PID, FIRST_NAME, LAST_NAME, SEX, BIRTH_DATE, DEATH_DATE, REG_DATE) values("DMO40090", "Layla", "Hill", "F", "1971-12-01T16:38:35-04:00", null, "2014-10-22T13:27:09-04:00");
insert into PERSON_2(PID, WC, TG, HDL, BP, GLC) values("DMO40090", "121.4", "176.2", "46.2", "128/100", "109.3");
insert into PERSON_3(PID, TYPE_ID, IDENTITY_ID) values("DMO40090", "1", "002444331");
insert into ENCOUNTER(PID, ADMSN_TIME, CONTACT_DATE) values("DMO40090", "2014-10-24T15:15:24-04:00", "2014-10-24");

insert into PERSON(PID, FIRST_NAME, LAST_NAME, SEX, BIRTH_DATE, DEATH_DATE, REG_DATE) values("DMO82942", "Annabelle", "Gray", "F", "1987-02-15T02:35:07-04:00", null, "2014-07-02T09:48:44-04:00");
insert into PERSON_2(PID, WC, TG, HDL, BP, GLC) values("DMO82942", "109.7", "142.2", "44.7", "147/71", "86.3");
insert into PERSON_3(PID, TYPE_ID, IDENTITY_ID) values("DMO82942", "1", "000941807");
insert into ENCOUNTER(PID, ADMSN_TIME, CONTACT_DATE) values("DMO82942", "2014-07-04T19:53:02-04:00", "2014-07-04");

insert into PERSON(PID, FIRST_NAME, LAST_NAME, SEX, BIRTH_DATE, DEATH_DATE, REG_DATE) values("DMO78417", "Layla", "Price", "F", "1951-03-18T22:27:22-04:00", null, "2014-11-30T13:33:06-04:00");
insert into PERSON_2(PID, WC, TG, HDL, BP, GLC) values("DMO78417", "114.5", "129.4", "30.0", "144/66", "109.8");
insert into PERSON_3(PID, TYPE_ID, IDENTITY_ID) values("DMO78417", "1", "008608123");
insert into ENCOUNTER(PID, ADMSN_TIME, CONTACT_DATE) values("DMO78417", "2014-11-30T05:24:14-04:00", "2014-11-30");

insert into PERSON(PID, FIRST_NAME, LAST_NAME, SEX, BIRTH_DATE, DEATH_DATE, REG_DATE) values("DMO38350", "Alexandra", "Phillips", "F", "1943-03-11T01:06:25-04:00", null, "2014-03-01T04:07:21-04:00");
insert into PERSON_2(PID, WC, TG, HDL, BP, GLC) values("DMO38350", null, "179.3", "38.5", "105/77", "110.5");
insert into PERSON_3(PID, TYPE_ID, IDENTITY_ID) values("DMO38350", "1", "006812773");
insert into ENCOUNTER(PID, ADMSN_TIME, CONTACT_DATE) values("DMO38350", "2014-03-02T00:08:01-04:00", "2014-03-02");

insert into PERSON(PID, FIRST_NAME, LAST_NAME, SEX, BIRTH_DATE, DEATH_DATE, REG_DATE) values("DMO66607", "Sophie", "Harris", "F", "1949-09-07T13:41:15-04:00", null, "2014-10-07T15:21:39-04:00");
insert into PERSON_2(PID, WC, TG, HDL, BP, GLC) values("DMO66607", "111.8", "163.4", "43.1", "139/97", "110.0");
insert into PERSON_3(PID, TYPE_ID, IDENTITY_ID) values("DMO66607", "1", "004867821");
insert into ENCOUNTER(PID, ADMSN_TIME, CONTACT_DATE) values("DMO66607", "2014-10-08T07:20:30-04:00", "2014-10-08");

insert into PERSON(PID, FIRST_NAME, LAST_NAME, SEX, BIRTH_DATE, DEATH_DATE, REG_DATE) values("DMO20764", "Parker", "Martin", "M", "1954-08-20T00:31:18-04:00", null, "2014-10-09T22:13:23-04:00");
insert into PERSON_2(PID, WC, TG, HDL, BP, GLC) values("DMO20764", "105.1", "147.2", "45.9", "121/85", "102.9");
insert into PERSON_3(PID, TYPE_ID, IDENTITY_ID) values("DMO20764", "1", "002903465");
insert into ENCOUNTER(PID, ADMSN_TIME, CONTACT_DATE) values("DMO20764", "2014-10-11T19:14:51-04:00", "2014-10-11");

insert into PERSON(PID, FIRST_NAME, LAST_NAME, SEX, BIRTH_DATE, DEATH_DATE, REG_DATE) values("DMO58518", "Lillian", "Martin", "F", "1954-12-30T19:58:14-04:00", null, "2014-09-02T08:46:19-04:00");
insert into PERSON_2(PID, WC, TG, HDL, BP, GLC) values("DMO58518", "102.6", "173.1", "46.7", "119/87", "109.9");
insert into PERSON_3(PID, TYPE_ID, IDENTITY_ID) values("DMO58518", "1", "005730065");
insert into ENCOUNTER(PID, ADMSN_TIME, CONTACT_DATE) values("DMO58518", "2014-09-02T05:25:11-04:00", "2014-09-02");

insert into PERSON(PID, FIRST_NAME, LAST_NAME, SEX, BIRTH_DATE, DEATH_DATE, REG_DATE) values("DMO80290", "Natalie", "Bennett", "F", "1995-06-27T10:40:10-04:00", null, "2014-11-05T07:12:56-04:00");
insert into PERSON_2(PID, WC, TG, HDL, BP, GLC) values("DMO80290", null, "127.1", "46.5", "105/93", "96.7");
insert into PERSON_3(PID, TYPE_ID, IDENTITY_ID) values("DMO80290", "1", "003293309");
insert into ENCOUNTER(PID, ADMSN_TIME, CONTACT_DATE) values("DMO80290", "2014-11-07T03:44:54-04:00", "2014-11-07");

insert into PERSON(PID, FIRST_NAME, LAST_NAME, SEX, BIRTH_DATE, DEATH_DATE, REG_DATE) values("DMO80593", "Annabelle", "Morgan", "F", "1979-03-03T20:34:23-04:00", null, "2014-02-28T07:09:46-04:00");
insert into PERSON_2(PID, WC, TG, HDL, BP, GLC) values("DMO80593", "120.3", "126.2", "47.6", "154/81", "105.9");
insert into PERSON_3(PID, TYPE_ID, IDENTITY_ID) values("DMO80593", "1", "003400445");
insert into ENCOUNTER(PID, ADMSN_TIME, CONTACT_DATE) values("DMO80593", "2014-02-28T06:16:18-04:00", "2014-02-28");

insert into PERSON(PID, FIRST_NAME, LAST_NAME, SEX, BIRTH_DATE, DEATH_DATE, REG_DATE) values("DMO03827", "Stella", "Young", "F", null, null, "2014-07-15T07:10:31-04:00");
insert into PERSON_2(PID, WC, TG, HDL, BP, GLC) values("DMO03827", "86.7", "124.6", "38.0", "129/67", "91.7");
insert into PERSON_3(PID, TYPE_ID, IDENTITY_ID) values("DMO03827", "1", "006114097");
insert into ENCOUNTER(PID, ADMSN_TIME, CONTACT_DATE) values("DMO03827", "2014-07-16T12:06:10-04:00", "2014-07-16");

insert into PERSON(PID, FIRST_NAME, LAST_NAME, SEX, BIRTH_DATE, DEATH_DATE, REG_DATE) values("DMO01802", "Caroline", "Smith", "F", "1962-08-13T22:24:06-04:00", null, "2014-01-12T19:51:55-04:00");
insert into PERSON_2(PID, WC, TG, HDL, BP, GLC) values("DMO01802", "99.8", "154.0", "34.7", "152/92", "92.6");
insert into PERSON_3(PID, TYPE_ID, IDENTITY_ID) values("DMO01802", "1", "008984159");
insert into ENCOUNTER(PID, ADMSN_TIME, CONTACT_DATE) values("DMO01802", "2014-01-12T12:51:36-04:00", "2014-01-12");

insert into PERSON(PID, FIRST_NAME, LAST_NAME, SEX, BIRTH_DATE, DEATH_DATE, REG_DATE) values("DMO94250", "Samuel", "Anderson", "M", null, null, "2014-12-10T18:31:24-04:00");
insert into PERSON_2(PID, WC, TG, HDL, BP, GLC) values("DMO94250", "119.8", null, "47.9", "112/75", "102.8");
insert into PERSON_3(PID, TYPE_ID, IDENTITY_ID) values("DMO94250", "1", "000941393");
insert into ENCOUNTER(PID, ADMSN_TIME, CONTACT_DATE) values("DMO94250", "2014-12-12T05:23:22-04:00", "2014-12-12");

insert into PERSON(PID, FIRST_NAME, LAST_NAME, SEX, BIRTH_DATE, DEATH_DATE, REG_DATE) values("DMO68742", "Melanie", "Scott", "F", "1968-01-31T01:20:45-04:00", null, "2014-06-20T07:14:13-04:00");
insert into PERSON_2(PID, WC, TG, HDL, BP, GLC) values("DMO68742", "99.0", "169.1", "47.9", "114/101", "82.1");
insert into PERSON_3(PID, TYPE_ID, IDENTITY_ID) values("DMO68742", "1", "008771458");
insert into ENCOUNTER(PID, ADMSN_TIME, CONTACT_DATE) values("DMO68742", "2014-06-20T16:29:55-04:00", "2014-06-20");

insert into PERSON(PID, FIRST_NAME, LAST_NAME, SEX, BIRTH_DATE, DEATH_DATE, REG_DATE) values("DMO08736", "Robert", "Evans", "M", "1965-12-29T20:34:13-04:00", null, "2014-01-21T00:29:11-04:00");
insert into PERSON_2(PID, WC, TG, HDL, BP, GLC) values("DMO08736", "89.1", null, "43.6", "121/74", "87.0");
insert into PERSON_3(PID, TYPE_ID, IDENTITY_ID) values("DMO08736", "1", "002368067");
insert into ENCOUNTER(PID, ADMSN_TIME, CONTACT_DATE) values("DMO08736", "2014-01-23T14:06:22-04:00", "2014-01-23");

insert into PERSON(PID, FIRST_NAME, LAST_NAME, SEX, BIRTH_DATE, DEATH_DATE, REG_DATE) values("DMO79070", "Madeline", "Rivera", "F", "2002-02-05T04:02:34-04:00", null, "2014-07-26T01:25:50-04:00");
insert into PERSON_2(PID, WC, TG, HDL, BP, GLC) values("DMO79070", "92.2", "176.6", "39.7", "144/101", null);
insert into PERSON_3(PID, TYPE_ID, IDENTITY_ID) values("DMO79070", "1", "004587804");
insert into ENCOUNTER(PID, ADMSN_TIME, CONTACT_DATE) values("DMO79070", "2014-07-27T20:38:44-04:00", "2014-07-27");

insert into PERSON(PID, FIRST_NAME, LAST_NAME, SEX, BIRTH_DATE, DEATH_DATE, REG_DATE) values("DMO69527", "Dylan", "Perez", "M", "1989-01-31T16:24:52-04:00", null, "2014-03-08T18:51:51-04:00");
insert into PERSON_2(PID, WC, TG, HDL, BP, GLC) values("DMO69527", "115.7", "158.2", null, "124/75", "111.2");
insert into PERSON_3(PID, TYPE_ID, IDENTITY_ID) values("DMO69527", "1", "000234599");
insert into ENCOUNTER(PID, ADMSN_TIME, CONTACT_DATE) values("DMO69527", "2014-03-10T13:48:30-04:00", "2014-03-10");

insert into PERSON(PID, FIRST_NAME, LAST_NAME, SEX, BIRTH_DATE, DEATH_DATE, REG_DATE) values("DMO26116", "Amelia", "Anderson", "F", "1941-09-23T16:00:01-04:00", null, "2014-02-18T13:36:50-04:00");
insert into PERSON_2(PID, WC, TG, HDL, BP, GLC) values("DMO26116", "101.4", "155.2", "44.0", "125/95", "92.7");
insert into PERSON_3(PID, TYPE_ID, IDENTITY_ID) values("DMO26116", "1", "001561281");
insert into ENCOUNTER(PID, ADMSN_TIME, CONTACT_DATE) values("DMO26116", "2014-02-20T21:41:20-04:00", "2014-02-20");

insert into PERSON(PID, FIRST_NAME, LAST_NAME, SEX, BIRTH_DATE, DEATH_DATE, REG_DATE) values("DMO04371", "Bella", "Diaz", "F", "1940-06-09T17:01:24-04:00", null, "2014-04-23T09:35:05-04:00");
insert into PERSON_2(PID, WC, TG, HDL, BP, GLC) values("DMO04371", "79.4", "151.7", "47.3", "126/68", "84.4");
insert into PERSON_3(PID, TYPE_ID, IDENTITY_ID) values("DMO04371", "1", "006950856");
insert into ENCOUNTER(PID, ADMSN_TIME, CONTACT_DATE) values("DMO04371", "2014-04-24T08:45:45-04:00", "2014-04-24");

insert into PERSON(PID, FIRST_NAME, LAST_NAME, SEX, BIRTH_DATE, DEATH_DATE, REG_DATE) values("DMO21217", "Faith", "Lewis", "F", "1988-10-15T11:14:18-04:00", null, "2014-08-03T13:19:13-04:00");
insert into PERSON_2(PID, WC, TG, HDL, BP, GLC) values("DMO21217", "117.7", null, "38.6", "128/100", "86.9");
insert into PERSON_3(PID, TYPE_ID, IDENTITY_ID) values("DMO21217", "1", "006450921");
insert into ENCOUNTER(PID, ADMSN_TIME, CONTACT_DATE) values("DMO21217", "2014-08-04T02:27:49-04:00", "2014-08-04");

insert into PERSON(PID, FIRST_NAME, LAST_NAME, SEX, BIRTH_DATE, DEATH_DATE, REG_DATE) values("DMO93979", "Jacob", "Reed", "M", "1953-03-08T17:41:19-04:00", null, "2014-04-08T13:53:35-04:00");
insert into PERSON_2(PID, WC, TG, HDL, BP, GLC) values("DMO93979", "104.8", "156.4", "30.5", "110/67", "116.7");
insert into PERSON_3(PID, TYPE_ID, IDENTITY_ID) values("DMO93979", "1", "002224708");
insert into ENCOUNTER(PID, ADMSN_TIME, CONTACT_DATE) values("DMO93979", "2014-04-10T01:35:08-04:00", "2014-04-10");

insert into PERSON(PID, FIRST_NAME, LAST_NAME, SEX, BIRTH_DATE, DEATH_DATE, REG_DATE) values("DMO57324", "Elijah", "Hughes", "M", null, null, "2014-12-10T22:33:29-04:00");
insert into PERSON_2(PID, WC, TG, HDL, BP, GLC) values("DMO57324", "90.6", "139.6", "47.8", "126/95", "86.3");
insert into PERSON_3(PID, TYPE_ID, IDENTITY_ID) values("DMO57324", "1", "005999629");
insert into ENCOUNTER(PID, ADMSN_TIME, CONTACT_DATE) values("DMO57324", "2014-12-10T08:53:22-04:00", "2014-12-10");

insert into PERSON(PID, FIRST_NAME, LAST_NAME, SEX, BIRTH_DATE, DEATH_DATE, REG_DATE) values("DMO10219", "Alexa", "Brooks", "F", "2009-10-04T02:56:49-04:00", null, "2014-01-08T18:44:36-04:00");
insert into PERSON_2(PID, WC, TG, HDL, BP, GLC) values("DMO10219", "100.3", "156.5", "46.5", "137/70", "117.4");
insert into PERSON_3(PID, TYPE_ID, IDENTITY_ID) values("DMO10219", "1", "005353475");
insert into ENCOUNTER(PID, ADMSN_TIME, CONTACT_DATE) values("DMO10219", "2014-01-08T16:02:53-04:00", "2014-01-08");

insert into PERSON(PID, FIRST_NAME, LAST_NAME, SEX, BIRTH_DATE, DEATH_DATE, REG_DATE) values("DMO90052", "Natalie", "Bell", "F", "1979-06-08T05:38:02-04:00", null, "2014-02-12T07:41:15-04:00");
insert into PERSON_2(PID, WC, TG, HDL, BP, GLC) values("DMO90052", "90.4", "178.0", "35.0", "136/102", "114.0");
insert into PERSON_3(PID, TYPE_ID, IDENTITY_ID) values("DMO90052", "1", "004039311");
insert into ENCOUNTER(PID, ADMSN_TIME, CONTACT_DATE) values("DMO90052", "2014-02-12T11:48:33-04:00", "2014-02-12");

insert into PERSON(PID, FIRST_NAME, LAST_NAME, SEX, BIRTH_DATE, DEATH_DATE, REG_DATE) values("DMO46193", "Jordan", "James", "M", "1995-01-11T23:15:00-04:00", null, "2014-03-12T00:47:57-04:00");
insert into PERSON_2(PID, WC, TG, HDL, BP, GLC) values("DMO46193", "75.0", "150.1", "30.8", "146/89", null);
insert into PERSON_3(PID, TYPE_ID, IDENTITY_ID) values("DMO46193", "1", "007078202");
insert into ENCOUNTER(PID, ADMSN_TIME, CONTACT_DATE) values("DMO46193", "2014-03-14T21:43:48-04:00", "2014-03-14");

insert into PERSON(PID, FIRST_NAME, LAST_NAME, SEX, BIRTH_DATE, DEATH_DATE, REG_DATE) values("DMO87634", "Camila", "Reed", "F", "1948-09-20T16:57:43-04:00", null, "2014-02-17T09:58:25-04:00");
insert into PERSON_2(PID, WC, TG, HDL, BP, GLC) values("DMO87634", "89.6", "136.2", "34.4", "125/89", "88.0");
insert into PERSON_3(PID, TYPE_ID, IDENTITY_ID) values("DMO87634", "1", "009856840");
insert into ENCOUNTER(PID, ADMSN_TIME, CONTACT_DATE) values("DMO87634", "2014-02-17T23:51:59-04:00", "2014-02-17");

insert into PERSON(PID, FIRST_NAME, LAST_NAME, SEX, BIRTH_DATE, DEATH_DATE, REG_DATE) values("DMO64606", "Khloe", "Martin", "F", "2005-04-29T07:44:52-04:00", null, "2014-05-07T15:47:07-04:00");
insert into PERSON_2(PID, WC, TG, HDL, BP, GLC) values("DMO64606", "78.8", "153.7", "48.8", "121/72", "105.9");
insert into PERSON_3(PID, TYPE_ID, IDENTITY_ID) values("DMO64606", "1", "004043010");
insert into ENCOUNTER(PID, ADMSN_TIME, CONTACT_DATE) values("DMO64606", "2014-05-07T19:19:01-04:00", "2014-05-07");

insert into PERSON(PID, FIRST_NAME, LAST_NAME, SEX, BIRTH_DATE, DEATH_DATE, REG_DATE) values("DMO10974", "Abigail", "Wood", "F", "1952-11-21T04:47:22-04:00", null, "2014-04-01T11:04:01-04:00");
insert into PERSON_2(PID, WC, TG, HDL, BP, GLC) values("DMO10974", "115.2", "138.3", "47.0", "115/78", "114.2");
insert into PERSON_3(PID, TYPE_ID, IDENTITY_ID) values("DMO10974", "1", "000529361");
insert into ENCOUNTER(PID, ADMSN_TIME, CONTACT_DATE) values("DMO10974", "2014-04-03T18:31:00-04:00", "2014-04-03");

insert into PERSON(PID, FIRST_NAME, LAST_NAME, SEX, BIRTH_DATE, DEATH_DATE, REG_DATE) values("DMO61701", "Lydia", "Cooper", "F", "1981-11-27T23:35:56-04:00", null, "2014-09-05T11:19:09-04:00");
insert into PERSON_2(PID, WC, TG, HDL, BP, GLC) values("DMO61701", "102.0", "173.9", "34.8", "120/82", "104.7");
insert into PERSON_3(PID, TYPE_ID, IDENTITY_ID) values("DMO61701", "1", "009016056");
insert into ENCOUNTER(PID, ADMSN_TIME, CONTACT_DATE) values("DMO61701", "2014-09-05T00:34:41-04:00", "2014-09-05");

insert into PERSON(PID, FIRST_NAME, LAST_NAME, SEX, BIRTH_DATE, DEATH_DATE, REG_DATE) values("DMO96870", "Ava", "Wood", "F", null, null, "2014-09-08T15:26:49-04:00");
insert into PERSON_2(PID, WC, TG, HDL, BP, GLC) values("DMO96870", "117.4", "128.3", "41.4", "133/71", "115.1");
insert into PERSON_3(PID, TYPE_ID, IDENTITY_ID) values("DMO96870", "1", "003068864");
insert into ENCOUNTER(PID, ADMSN_TIME, CONTACT_DATE) values("DMO96870", "2014-09-08T15:35:51-04:00", "2014-09-08");

insert into PERSON(PID, FIRST_NAME, LAST_NAME, SEX, BIRTH_DATE, DEATH_DATE, REG_DATE) values("DMO43323", "Nolan", "Butler", "M", "1983-08-03T12:07:26-04:00", null, "2014-10-18T06:16:04-04:00");
insert into PERSON_2(PID, WC, TG, HDL, BP, GLC) values("DMO43323", "119.8", "131.4", "44.2", "141/87", "83.8");
insert into PERSON_3(PID, TYPE_ID, IDENTITY_ID) values("DMO43323", "1", "002382708");
insert into ENCOUNTER(PID, ADMSN_TIME, CONTACT_DATE) values("DMO43323", "2014-10-20T15:43:54-04:00", "2014-10-20");

insert into PERSON(PID, FIRST_NAME, LAST_NAME, SEX, BIRTH_DATE, DEATH_DATE, REG_DATE) values("DMO13202", "Sebastian", "Watson", "M", "1930-09-14T00:20:37-04:00", null, "2014-07-21T19:24:40-04:00");
insert into PERSON_2(PID, WC, TG, HDL, BP, GLC) values("DMO13202", "98.2", null, "49.0", "129/103", "100.4");
insert into PERSON_3(PID, TYPE_ID, IDENTITY_ID) values("DMO13202", "1", "006732951");
insert into ENCOUNTER(PID, ADMSN_TIME, CONTACT_DATE) values("DMO13202", "2014-07-23T22:48:52-04:00", "2014-07-23");

insert into PERSON(PID, FIRST_NAME, LAST_NAME, SEX, BIRTH_DATE, DEATH_DATE, REG_DATE) values("DMO93577", "Mackenzie", "Morris", "F", "1965-03-05T01:56:16-04:00", null, "2014-06-01T11:52:29-04:00");
insert into PERSON_2(PID, WC, TG, HDL, BP, GLC) values("DMO93577", "88.5", "164.8", "38.2", "123/98", "112.3");
insert into PERSON_3(PID, TYPE_ID, IDENTITY_ID) values("DMO93577", "1", "006666977");
insert into ENCOUNTER(PID, ADMSN_TIME, CONTACT_DATE) values("DMO93577", "2014-06-02T04:59:16-04:00", "2014-06-02");

insert into PERSON(PID, FIRST_NAME, LAST_NAME, SEX, BIRTH_DATE, DEATH_DATE, REG_DATE) values("DMO22625", "Autumn", "Lewis", "F", "1994-03-17T05:34:39-04:00", null, "2014-11-27T16:40:24-04:00");
insert into PERSON_2(PID, WC, TG, HDL, BP, GLC) values("DMO22625", "108.1", "178.8", "41.5", "145/71", "108.7");
insert into PERSON_3(PID, TYPE_ID, IDENTITY_ID) values("DMO22625", "1", "006603989");
insert into ENCOUNTER(PID, ADMSN_TIME, CONTACT_DATE) values("DMO22625", "2014-11-28T01:56:43-04:00", "2014-11-28");

insert into PERSON(PID, FIRST_NAME, LAST_NAME, SEX, BIRTH_DATE, DEATH_DATE, REG_DATE) values("DMO68066", "Stella", "Washington", "F", null, null, "2014-05-11T06:56:33-04:00");
insert into PERSON_2(PID, WC, TG, HDL, BP, GLC) values("DMO68066", "97.6", "131.2", "41.6", "119/86", "118.6");
insert into PERSON_3(PID, TYPE_ID, IDENTITY_ID) values("DMO68066", "1", "000979263");
insert into ENCOUNTER(PID, ADMSN_TIME, CONTACT_DATE) values("DMO68066", "2014-05-13T00:48:22-04:00", "2014-05-13");

insert into PERSON(PID, FIRST_NAME, LAST_NAME, SEX, BIRTH_DATE, DEATH_DATE, REG_DATE) values("DMO51254", "Evan", "Perry", "M", "1934-02-10T13:19:04-04:00", "1994-09-04T02:48:15-04:00", "2014-10-30T03:09:58-04:00");
insert into PERSON_2(PID, WC, TG, HDL, BP, GLC) values("DMO51254", "105.2", null, null, "105/66", "89.2");
insert into PERSON_3(PID, TYPE_ID, IDENTITY_ID) values("DMO51254", "1", "000629408");
insert into ENCOUNTER(PID, ADMSN_TIME, CONTACT_DATE) values("DMO51254", "2014-11-01T18:25:38-04:00", "2014-11-01");

insert into PERSON(PID, FIRST_NAME, LAST_NAME, SEX, BIRTH_DATE, DEATH_DATE, REG_DATE) values("DMO34927", "Natalie", "Thomas", "F", "1971-08-09T12:20:14-04:00", null, "2014-05-21T19:28:10-04:00");
insert into PERSON_2(PID, WC, TG, HDL, BP, GLC) values("DMO34927", "118.2", "157.5", "48.6", null, "108.9");
insert into PERSON_3(PID, TYPE_ID, IDENTITY_ID) values("DMO34927", "1", "005596038");
insert into ENCOUNTER(PID, ADMSN_TIME, CONTACT_DATE) values("DMO34927", "2014-05-22T22:53:15-04:00", "2014-05-22");

insert into PERSON(PID, FIRST_NAME, LAST_NAME, SEX, BIRTH_DATE, DEATH_DATE, REG_DATE) values("DMO17147", "Charles", "Bell", "M", "1968-07-06T20:43:25-04:00", null, "2014-07-10T06:55:58-04:00");
insert into PERSON_2(PID, WC, TG, HDL, BP, GLC) values("DMO17147", "119.0", "140.7", "41.4", "120/93", "105.9");
insert into PERSON_3(PID, TYPE_ID, IDENTITY_ID) values("DMO17147", "1", "001590244");
insert into ENCOUNTER(PID, ADMSN_TIME, CONTACT_DATE) values("DMO17147", "2014-07-11T04:32:26-04:00", "2014-07-11");

insert into PERSON(PID, FIRST_NAME, LAST_NAME, SEX, BIRTH_DATE, DEATH_DATE, REG_DATE) values("DMO10164", "Jayden", "Green", "M", "1995-08-19T13:56:17-04:00", null, "2014-05-17T08:43:06-04:00");
insert into PERSON_2(PID, WC, TG, HDL, BP, GLC) values("DMO10164", "113.0", "176.3", "48.5", "119/87", "113.7");
insert into PERSON_3(PID, TYPE_ID, IDENTITY_ID) values("DMO10164", "1", "001088800");
insert into ENCOUNTER(PID, ADMSN_TIME, CONTACT_DATE) values("DMO10164", "2014-05-17T23:18:44-04:00", "2014-05-17");

insert into PERSON(PID, FIRST_NAME, LAST_NAME, SEX, BIRTH_DATE, DEATH_DATE, REG_DATE) values("DMO41167", "Nicole", "Lewis", "F", "2004-05-26T08:13:06-04:00", null, "2014-07-10T19:08:06-04:00");
insert into PERSON_2(PID, WC, TG, HDL, BP, GLC) values("DMO41167", "124.2", "122.5", "40.1", "142/93", "101.3");
insert into PERSON_3(PID, TYPE_ID, IDENTITY_ID) values("DMO41167", "1", "007977455");
insert into ENCOUNTER(PID, ADMSN_TIME, CONTACT_DATE) values("DMO41167", "2014-07-12T07:00:09-04:00", "2014-07-12");

insert into PERSON(PID, FIRST_NAME, LAST_NAME, SEX, BIRTH_DATE, DEATH_DATE, REG_DATE) values("DMO45580", "Naomi", "Young", "F", null, null, "2014-03-13T09:44:25-04:00");
insert into PERSON_2(PID, WC, TG, HDL, BP, GLC) values("DMO45580", "92.8", "174.7", "42.3", null, "99.0");
insert into PERSON_3(PID, TYPE_ID, IDENTITY_ID) values("DMO45580", "1", "006456132");
insert into ENCOUNTER(PID, ADMSN_TIME, CONTACT_DATE) values("DMO45580", "2014-03-13T06:51:06-04:00", "2014-03-13");

insert into PERSON(PID, FIRST_NAME, LAST_NAME, SEX, BIRTH_DATE, DEATH_DATE, REG_DATE) values("DMO56550", "Mason", "Johnson", "M", "1946-05-29T01:06:55-04:00", null, "2014-01-09T08:13:41-04:00");
insert into PERSON_2(PID, WC, TG, HDL, BP, GLC) values("DMO56550", null, "132.1", "46.0", "148/77", "92.6");
insert into PERSON_3(PID, TYPE_ID, IDENTITY_ID) values("DMO56550", "1", "007033871");
insert into ENCOUNTER(PID, ADMSN_TIME, CONTACT_DATE) values("DMO56550", "2014-01-11T15:00:14-04:00", "2014-01-11");

insert into PERSON(PID, FIRST_NAME, LAST_NAME, SEX, BIRTH_DATE, DEATH_DATE, REG_DATE) values("DMO31112", "Sadie", "Rodriguez", "F", null, null, "2014-05-14T04:30:14-04:00");
insert into PERSON_2(PID, WC, TG, HDL, BP, GLC) values("DMO31112", "91.2", "152.7", "38.8", "151/93", "81.4");
insert into PERSON_3(PID, TYPE_ID, IDENTITY_ID) values("DMO31112", "1", "007328713");
insert into ENCOUNTER(PID, ADMSN_TIME, CONTACT_DATE) values("DMO31112", "2014-05-15T10:25:03-04:00", "2014-05-15");

insert into PERSON(PID, FIRST_NAME, LAST_NAME, SEX, BIRTH_DATE, DEATH_DATE, REG_DATE) values("DMO59324", "Zoe", "Sanchez", "F", "1989-02-19T22:03:59-04:00", null, "2014-02-10T16:49:44-04:00");
insert into PERSON_2(PID, WC, TG, HDL, BP, GLC) values("DMO59324", "87.4", "142.5", "40.5", "112/70", "83.0");
insert into PERSON_3(PID, TYPE_ID, IDENTITY_ID) values("DMO59324", "1", "004155738");
insert into ENCOUNTER(PID, ADMSN_TIME, CONTACT_DATE) values("DMO59324", "2014-02-12T02:33:15-04:00", "2014-02-12");

insert into PERSON(PID, FIRST_NAME, LAST_NAME, SEX, BIRTH_DATE, DEATH_DATE, REG_DATE) values("DMO31753", "Jose", "Walker", "M", "1936-10-16T07:15:27-04:00", "1994-06-22T04:56:31-04:00", "2014-07-10T22:14:51-04:00");
insert into PERSON_2(PID, WC, TG, HDL, BP, GLC) values("DMO31753", "110.0", "177.2", "35.2", "128/98", "95.1");
insert into PERSON_3(PID, TYPE_ID, IDENTITY_ID) values("DMO31753", "1", "006283540");
insert into ENCOUNTER(PID, ADMSN_TIME, CONTACT_DATE) values("DMO31753", "2014-07-12T06:07:38-04:00", "2014-07-12");

insert into PERSON(PID, FIRST_NAME, LAST_NAME, SEX, BIRTH_DATE, DEATH_DATE, REG_DATE) values("DMO85348", "Faith", "Diaz", "F", "1946-10-03T07:36:03-04:00", null, "2014-03-05T16:57:06-04:00");
insert into PERSON_2(PID, WC, TG, HDL, BP, GLC) values("DMO85348", "110.4", "158.8", "33.7", "108/92", "109.9");
insert into PERSON_3(PID, TYPE_ID, IDENTITY_ID) values("DMO85348", "1", "008830716");
insert into ENCOUNTER(PID, ADMSN_TIME, CONTACT_DATE) values("DMO85348", "2014-03-05T21:48:15-04:00", "2014-03-05");

insert into PERSON(PID, FIRST_NAME, LAST_NAME, SEX, BIRTH_DATE, DEATH_DATE, REG_DATE) values("DMO13603", "John", "Allen", "M", "1963-08-08T20:20:59-04:00", null, "2014-04-22T12:11:06-04:00");
insert into PERSON_2(PID, WC, TG, HDL, BP, GLC) values("DMO13603", "90.0", "158.2", "33.7", "134/77", "92.7");
insert into PERSON_3(PID, TYPE_ID, IDENTITY_ID) values("DMO13603", "1", "004462567");
insert into ENCOUNTER(PID, ADMSN_TIME, CONTACT_DATE) values("DMO13603", "2014-04-22T00:55:05-04:00", "2014-04-22");

insert into PERSON(PID, FIRST_NAME, LAST_NAME, SEX, BIRTH_DATE, DEATH_DATE, REG_DATE) values("DMO23959", "Ayden", "Bailey", "M", "1949-01-11T19:53:15-04:00", "2005-11-29T14:31:14-04:00", "2014-03-30T08:58:10-04:00");
insert into PERSON_2(PID, WC, TG, HDL, BP, GLC) values("DMO23959", "104.7", "156.7", "46.4", "119/65", "92.3");
insert into PERSON_3(PID, TYPE_ID, IDENTITY_ID) values("DMO23959", "1", "001186215");
insert into ENCOUNTER(PID, ADMSN_TIME, CONTACT_DATE) values("DMO23959", "2014-03-30T04:48:27-04:00", "2014-03-30");

insert into PERSON(PID, FIRST_NAME, LAST_NAME, SEX, BIRTH_DATE, DEATH_DATE, REG_DATE) values("DMO30148", "Aaliyah", "Garcia", "F", "1985-11-29T17:53:04-04:00", null, "2014-05-09T10:18:00-04:00");
insert into PERSON_2(PID, WC, TG, HDL, BP, GLC) values("DMO30148", "80.5", "157.0", "49.2", "147/97", "82.4");
insert into PERSON_3(PID, TYPE_ID, IDENTITY_ID) values("DMO30148", "1", "008099991");
insert into ENCOUNTER(PID, ADMSN_TIME, CONTACT_DATE) values("DMO30148", "2014-05-09T22:03:59-04:00", "2014-05-09");

insert into PERSON(PID, FIRST_NAME, LAST_NAME, SEX, BIRTH_DATE, DEATH_DATE, REG_DATE) values("DMO29995", "Joseph", "Martin", "M", "1933-06-05T20:05:46-04:00", null, "2014-03-21T12:51:09-04:00");
insert into PERSON_2(PID, WC, TG, HDL, BP, GLC) values("DMO29995", "122.8", "160.7", "41.7", "123/90", "117.4");
insert into PERSON_3(PID, TYPE_ID, IDENTITY_ID) values("DMO29995", "1", "002249831");
insert into ENCOUNTER(PID, ADMSN_TIME, CONTACT_DATE) values("DMO29995", "2014-03-22T08:17:31-04:00", "2014-03-22");

insert into PERSON(PID, FIRST_NAME, LAST_NAME, SEX, BIRTH_DATE, DEATH_DATE, REG_DATE) values("DMO65186", "Jocelyn", "Price", "F", "1947-12-09T22:14:43-04:00", null, "2014-12-19T08:56:48-04:00");
insert into PERSON_2(PID, WC, TG, HDL, BP, GLC) values("DMO65186", "101.5", "149.2", "33.7", "142/93", "99.7");
insert into PERSON_3(PID, TYPE_ID, IDENTITY_ID) values("DMO65186", "1", "007040590");
insert into ENCOUNTER(PID, ADMSN_TIME, CONTACT_DATE) values("DMO65186", "2014-12-20T10:19:03-04:00", "2014-12-20");

insert into PERSON(PID, FIRST_NAME, LAST_NAME, SEX, BIRTH_DATE, DEATH_DATE, REG_DATE) values("DMO91325", "Christopher", "Cox", "M", "1936-05-17T03:39:24-04:00", null, "2014-10-02T16:10:40-04:00");
insert into PERSON_2(PID, WC, TG, HDL, BP, GLC) values("DMO91325", "75.5", "147.8", "36.1", "141/66", "108.4");
insert into PERSON_3(PID, TYPE_ID, IDENTITY_ID) values("DMO91325", "1", "008931017");
insert into ENCOUNTER(PID, ADMSN_TIME, CONTACT_DATE) values("DMO91325", "2014-10-03T10:27:52-04:00", "2014-10-03");

insert into PERSON(PID, FIRST_NAME, LAST_NAME, SEX, BIRTH_DATE, DEATH_DATE, REG_DATE) values("DMO44583", "Claire", "Gonzales", "F", "1968-10-25T15:53:38-04:00", null, "2014-07-15T07:09:59-04:00");
insert into PERSON_2(PID, WC, TG, HDL, BP, GLC) values("DMO44583", "85.9", "130.6", "48.2", "128/86", "101.9");
insert into PERSON_3(PID, TYPE_ID, IDENTITY_ID) values("DMO44583", "1", "003027436");
insert into ENCOUNTER(PID, ADMSN_TIME, CONTACT_DATE) values("DMO44583", "2014-07-16T14:14:19-04:00", "2014-07-16");

insert into PERSON(PID, FIRST_NAME, LAST_NAME, SEX, BIRTH_DATE, DEATH_DATE, REG_DATE) values("DMO16077", "London", "Collins", "F", "1934-01-23T16:52:05-04:00", null, "2014-01-18T09:19:46-04:00");
insert into PERSON_2(PID, WC, TG, HDL, BP, GLC) values("DMO16077", "80.8", "174.4", "34.5", null, "105.0");
insert into PERSON_3(PID, TYPE_ID, IDENTITY_ID) values("DMO16077", "1", "004992936");
insert into ENCOUNTER(PID, ADMSN_TIME, CONTACT_DATE) values("DMO16077", "2014-01-19T13:50:41-04:00", "2014-01-19");

insert into PERSON(PID, FIRST_NAME, LAST_NAME, SEX, BIRTH_DATE, DEATH_DATE, REG_DATE) values("DMO12812", "Julian", "Hughes", "M", "2005-08-20T22:35:34-04:00", null, "2014-10-31T10:09:36-04:00");
insert into PERSON_2(PID, WC, TG, HDL, BP, GLC) values("DMO12812", "123.5", "130.9", "39.6", "118/100", "103.2");
insert into PERSON_3(PID, TYPE_ID, IDENTITY_ID) values("DMO12812", "1", "003625396");
insert into ENCOUNTER(PID, ADMSN_TIME, CONTACT_DATE) values("DMO12812", "2014-11-02T09:54:57-04:00", "2014-11-02");

insert into PERSON(PID, FIRST_NAME, LAST_NAME, SEX, BIRTH_DATE, DEATH_DATE, REG_DATE) values("DMO55659", "Nicholas", "Hernandez", "M", "1942-02-19T04:29:15-04:00", null, "2014-01-22T17:29:13-04:00");
insert into PERSON_2(PID, WC, TG, HDL, BP, GLC) values("DMO55659", "87.4", "175.8", "33.0", "153/80", "111.6");
insert into PERSON_3(PID, TYPE_ID, IDENTITY_ID) values("DMO55659", "1", "003334409");
insert into ENCOUNTER(PID, ADMSN_TIME, CONTACT_DATE) values("DMO55659", "2014-01-22T08:37:49-04:00", "2014-01-22");

insert into PERSON(PID, FIRST_NAME, LAST_NAME, SEX, BIRTH_DATE, DEATH_DATE, REG_DATE) values("DMO53929", "Bentley", "Butler", "M", null, null, "2014-03-22T16:30:07-04:00");
insert into PERSON_2(PID, WC, TG, HDL, BP, GLC) values("DMO53929", "121.5", "123.0", "34.3", "122/65", null);
insert into PERSON_3(PID, TYPE_ID, IDENTITY_ID) values("DMO53929", "1", "002185519");
insert into ENCOUNTER(PID, ADMSN_TIME, CONTACT_DATE) values("DMO53929", "2014-03-23T11:33:38-04:00", "2014-03-23");

insert into PERSON(PID, FIRST_NAME, LAST_NAME, SEX, BIRTH_DATE, DEATH_DATE, REG_DATE) values("DMO03602", "Camila", "Brown", "F", "2007-11-19T21:02:37-04:00", null, "2014-05-01T22:47:59-04:00");
insert into PERSON_2(PID, WC, TG, HDL, BP, GLC) values("DMO03602", "98.2", "141.9", "30.8", "147/70", null);
insert into PERSON_3(PID, TYPE_ID, IDENTITY_ID) values("DMO03602", "1", "007709259");
insert into ENCOUNTER(PID, ADMSN_TIME, CONTACT_DATE) values("DMO03602", "2014-05-01T13:15:32-04:00", "2014-05-01");

insert into PERSON(PID, FIRST_NAME, LAST_NAME, SEX, BIRTH_DATE, DEATH_DATE, REG_DATE) values("DMO80116", "Andrew", "Murphy", "M", "1991-02-22T19:43:25-04:00", null, "2014-07-13T10:13:13-04:00");
insert into PERSON_2(PID, WC, TG, HDL, BP, GLC) values("DMO80116", "109.9", "122.9", null, "116/90", "97.6");
insert into PERSON_3(PID, TYPE_ID, IDENTITY_ID) values("DMO80116", "1", "009528697");
insert into ENCOUNTER(PID, ADMSN_TIME, CONTACT_DATE) values("DMO80116", "2014-07-15T02:58:13-04:00", "2014-07-15");

insert into PERSON(PID, FIRST_NAME, LAST_NAME, SEX, BIRTH_DATE, DEATH_DATE, REG_DATE) values("DMO31243", "Harper", "Lee", "F", "1940-10-07T13:27:12-04:00", null, "2014-06-03T05:39:00-04:00");
insert into PERSON_2(PID, WC, TG, HDL, BP, GLC) values("DMO31243", "107.3", "122.4", "46.5", "128/100", "108.9");
insert into PERSON_3(PID, TYPE_ID, IDENTITY_ID) values("DMO31243", "1", "005034641");
insert into ENCOUNTER(PID, ADMSN_TIME, CONTACT_DATE) values("DMO31243", "2014-06-04T09:12:51-04:00", "2014-06-04");

insert into PERSON(PID, FIRST_NAME, LAST_NAME, SEX, BIRTH_DATE, DEATH_DATE, REG_DATE) values("DMO43082", "Henry", "Hill", "M", "1988-01-18T15:10:54-04:00", null, "2014-08-03T03:27:41-04:00");
insert into PERSON_2(PID, WC, TG, HDL, BP, GLC) values("DMO43082", "105.0", "149.0", "38.2", "108/88", "99.3");
insert into PERSON_3(PID, TYPE_ID, IDENTITY_ID) values("DMO43082", "1", "008238163");
insert into ENCOUNTER(PID, ADMSN_TIME, CONTACT_DATE) values("DMO43082", "2014-08-05T16:00:08-04:00", "2014-08-05");

insert into PERSON(PID, FIRST_NAME, LAST_NAME, SEX, BIRTH_DATE, DEATH_DATE, REG_DATE) values("DMO19931", "Ariana", "Hughes", "F", "1950-06-10T19:45:59-04:00", null, "2014-11-03T03:37:29-04:00");
insert into PERSON_2(PID, WC, TG, HDL, BP, GLC) values("DMO19931", "77.4", "146.2", "47.3", "110/103", "84.8");
insert into PERSON_3(PID, TYPE_ID, IDENTITY_ID) values("DMO19931", "1", "009055767");
insert into ENCOUNTER(PID, ADMSN_TIME, CONTACT_DATE) values("DMO19931", "2014-11-05T01:45:01-04:00", "2014-11-05");

insert into PERSON(PID, FIRST_NAME, LAST_NAME, SEX, BIRTH_DATE, DEATH_DATE, REG_DATE) values("DMO38937", "Ellie", "Cox", "F", "1998-04-28T15:49:23-04:00", null, "2014-12-30T22:16:18-04:00");
insert into PERSON_2(PID, WC, TG, HDL, BP, GLC) values("DMO38937", "81.3", "139.4", "33.6", null, "97.0");
insert into PERSON_3(PID, TYPE_ID, IDENTITY_ID) values("DMO38937", "1", "003822969");
insert into ENCOUNTER(PID, ADMSN_TIME, CONTACT_DATE) values("DMO38937", "2014-12-31T19:44:11-04:00", "2014-12-31");

insert into PERSON(PID, FIRST_NAME, LAST_NAME, SEX, BIRTH_DATE, DEATH_DATE, REG_DATE) values("DMO81284", "Katherine", "Allen", "F", null, null, "2014-01-18T16:21:15-04:00");
insert into PERSON_2(PID, WC, TG, HDL, BP, GLC) values("DMO81284", "102.0", "165.3", "36.9", "139/66", "111.6");
insert into PERSON_3(PID, TYPE_ID, IDENTITY_ID) values("DMO81284", "1", "004660487");
insert into ENCOUNTER(PID, ADMSN_TIME, CONTACT_DATE) values("DMO81284", "2014-01-19T15:53:49-04:00", "2014-01-19");

insert into PERSON(PID, FIRST_NAME, LAST_NAME, SEX, BIRTH_DATE, DEATH_DATE, REG_DATE) values("DMO40669", "Xavier", "Campbell", "M", "1951-11-26T11:13:06-04:00", null, "2014-04-28T11:57:05-04:00");
insert into PERSON_2(PID, WC, TG, HDL, BP, GLC) values("DMO40669", "78.3", "152.8", "38.3", "146/67", "105.3");
insert into PERSON_3(PID, TYPE_ID, IDENTITY_ID) values("DMO40669", "1", "002499300");
insert into ENCOUNTER(PID, ADMSN_TIME, CONTACT_DATE) values("DMO40669", "2014-04-30T23:42:49-04:00", "2014-04-30");

insert into PERSON(PID, FIRST_NAME, LAST_NAME, SEX, BIRTH_DATE, DEATH_DATE, REG_DATE) values("DMO53629", "Ruby", "Nelson", "F", "1962-10-14T09:35:25-04:00", null, "2014-08-11T22:37:58-04:00");
insert into PERSON_2(PID, WC, TG, HDL, BP, GLC) values("DMO53629", "81.8", "123.3", "35.5", "121/97", null);
insert into PERSON_3(PID, TYPE_ID, IDENTITY_ID) values("DMO53629", "1", "002355633");
insert into ENCOUNTER(PID, ADMSN_TIME, CONTACT_DATE) values("DMO53629", "2014-08-12T11:33:42-04:00", "2014-08-12");

insert into PERSON(PID, FIRST_NAME, LAST_NAME, SEX, BIRTH_DATE, DEATH_DATE, REG_DATE) values("DMO75268", "Joshua", "Bell", "M", "1973-03-11T13:05:07-04:00", "2001-07-08T05:00:26-04:00", "2014-12-24T18:26:14-04:00");
insert into PERSON_2(PID, WC, TG, HDL, BP, GLC) values("DMO75268", "112.9", "139.4", "34.3", "132/70", "99.5");
insert into PERSON_3(PID, TYPE_ID, IDENTITY_ID) values("DMO75268", "1", "006533382");
insert into ENCOUNTER(PID, ADMSN_TIME, CONTACT_DATE) values("DMO75268", "2014-12-24T04:53:17-04:00", "2014-12-24");

insert into PERSON(PID, FIRST_NAME, LAST_NAME, SEX, BIRTH_DATE, DEATH_DATE, REG_DATE) values("DMO02748", "Elijah", "Sanders", "M", "1976-04-14T02:37:50-04:00", null, "2014-06-11T05:36:55-04:00");
insert into PERSON_2(PID, WC, TG, HDL, BP, GLC) values("DMO02748", "99.6", "132.0", "32.0", "147/100", "100.0");
insert into PERSON_3(PID, TYPE_ID, IDENTITY_ID) values("DMO02748", "1", "003889517");
insert into ENCOUNTER(PID, ADMSN_TIME, CONTACT_DATE) values("DMO02748", "2014-06-12T13:11:40-04:00", "2014-06-12");

insert into PERSON(PID, FIRST_NAME, LAST_NAME, SEX, BIRTH_DATE, DEATH_DATE, REG_DATE) values("DMO16234", "Thomas", "Hill", "M", null, null, "2014-10-12T20:01:21-04:00");
insert into PERSON_2(PID, WC, TG, HDL, BP, GLC) values("DMO16234", "103.4", "141.8", "44.4", "137/76", "102.3");
insert into PERSON_3(PID, TYPE_ID, IDENTITY_ID) values("DMO16234", "1", "004399208");
insert into ENCOUNTER(PID, ADMSN_TIME, CONTACT_DATE) values("DMO16234", "2014-10-14T15:17:46-04:00", "2014-10-14");

insert into PERSON(PID, FIRST_NAME, LAST_NAME, SEX, BIRTH_DATE, DEATH_DATE, REG_DATE) values("DMO57928", "Austin", "Barnes", "M", "1996-08-29T21:58:31-04:00", null, "2014-09-24T14:35:12-04:00");
insert into PERSON_2(PID, WC, TG, HDL, BP, GLC) values("DMO57928", "106.6", "173.6", "32.7", "151/89", "105.3");
insert into PERSON_3(PID, TYPE_ID, IDENTITY_ID) values("DMO57928", "1", "001036881");
insert into ENCOUNTER(PID, ADMSN_TIME, CONTACT_DATE) values("DMO57928", "2014-09-25T12:22:35-04:00", "2014-09-25");

insert into PERSON(PID, FIRST_NAME, LAST_NAME, SEX, BIRTH_DATE, DEATH_DATE, REG_DATE) values("DMO93909", "Jace", "Henderson", "M", "1986-07-22T05:59:06-04:00", null, "2014-06-28T22:00:17-04:00");
insert into PERSON_2(PID, WC, TG, HDL, BP, GLC) values("DMO93909", "93.9", "132.7", "46.3", "134/91", "87.6");
insert into PERSON_3(PID, TYPE_ID, IDENTITY_ID) values("DMO93909", "1", "009035206");
insert into ENCOUNTER(PID, ADMSN_TIME, CONTACT_DATE) values("DMO93909", "2014-06-28T13:10:10-04:00", "2014-06-28");

insert into PERSON(PID, FIRST_NAME, LAST_NAME, SEX, BIRTH_DATE, DEATH_DATE, REG_DATE) values("DMO68997", "Peyton", "Harris", "F", "1961-07-28T07:46:58-04:00", null, "2014-05-11T07:31:40-04:00");
insert into PERSON_2(PID, WC, TG, HDL, BP, GLC) values("DMO68997", "77.0", "131.0", "41.8", "149/65", "94.3");
insert into PERSON_3(PID, TYPE_ID, IDENTITY_ID) values("DMO68997", "1", "003411492");
insert into ENCOUNTER(PID, ADMSN_TIME, CONTACT_DATE) values("DMO68997", "2014-05-13T06:21:58-04:00", "2014-05-13");

insert into PERSON(PID, FIRST_NAME, LAST_NAME, SEX, BIRTH_DATE, DEATH_DATE, REG_DATE) values("DMO39857", "Nicholas", "Griffin", "M", "1956-02-10T23:16:05-04:00", null, "2014-02-07T09:19:54-04:00");
insert into PERSON_2(PID, WC, TG, HDL, BP, GLC) values("DMO39857", "83.3", "161.6", "46.9", "144/104", "101.3");
insert into PERSON_3(PID, TYPE_ID, IDENTITY_ID) values("DMO39857", "1", "005967609");
insert into ENCOUNTER(PID, ADMSN_TIME, CONTACT_DATE) values("DMO39857", "2014-02-09T06:11:19-04:00", "2014-02-09");

insert into PERSON(PID, FIRST_NAME, LAST_NAME, SEX, BIRTH_DATE, DEATH_DATE, REG_DATE) values("DMO83525", "Ayden", "Martinez", "M", "1989-10-04T11:08:27-04:00", null, "2014-03-10T09:03:57-04:00");
insert into PERSON_2(PID, WC, TG, HDL, BP, GLC) values("DMO83525", "102.9", "149.3", "44.5", "111/77", "103.0");
insert into PERSON_3(PID, TYPE_ID, IDENTITY_ID) values("DMO83525", "1", "003735774");
insert into ENCOUNTER(PID, ADMSN_TIME, CONTACT_DATE) values("DMO83525", "2014-03-10T17:28:36-04:00", "2014-03-10");

insert into PERSON(PID, FIRST_NAME, LAST_NAME, SEX, BIRTH_DATE, DEATH_DATE, REG_DATE) values("DMO77511", "Carson", "Hughes", "M", "1988-12-15T12:27:48-04:00", null, "2014-05-28T09:21:56-04:00");
insert into PERSON_2(PID, WC, TG, HDL, BP, GLC) values("DMO77511", "116.3", "140.2", "47.6", "142/100", "97.6");
insert into PERSON_3(PID, TYPE_ID, IDENTITY_ID) values("DMO77511", "1", "000416870");
insert into ENCOUNTER(PID, ADMSN_TIME, CONTACT_DATE) values("DMO77511", "2014-05-29T00:54:37-04:00", "2014-05-29");

insert into PERSON(PID, FIRST_NAME, LAST_NAME, SEX, BIRTH_DATE, DEATH_DATE, REG_DATE) values("DMO58313", "Evan", "Jackson", "M", "1963-02-22T14:14:44-04:00", null, "2014-02-09T12:31:48-04:00");
insert into PERSON_2(PID, WC, TG, HDL, BP, GLC) values("DMO58313", "120.2", "151.8", "36.6", "122/90", "109.1");
insert into PERSON_3(PID, TYPE_ID, IDENTITY_ID) values("DMO58313", "1", "009414108");
insert into ENCOUNTER(PID, ADMSN_TIME, CONTACT_DATE) values("DMO58313", "2014-02-09T21:58:01-04:00", "2014-02-09");

insert into PERSON(PID, FIRST_NAME, LAST_NAME, SEX, BIRTH_DATE, DEATH_DATE, REG_DATE) values("DMO85207", "Anna", "Miller", "F", "1947-06-06T13:52:09-04:00", null, "2014-11-25T07:07:14-04:00");
insert into PERSON_2(PID, WC, TG, HDL, BP, GLC) values("DMO85207", "106.4", "145.3", "43.8", "143/100", "90.0");
insert into PERSON_3(PID, TYPE_ID, IDENTITY_ID) values("DMO85207", "1", "008933971");
insert into ENCOUNTER(PID, ADMSN_TIME, CONTACT_DATE) values("DMO85207", "2014-11-25T19:56:13-04:00", "2014-11-25");

insert into PERSON(PID, FIRST_NAME, LAST_NAME, SEX, BIRTH_DATE, DEATH_DATE, REG_DATE) values("DMO41766", "Aaliyah", "Phillips", "F", "1956-04-01T04:53:38-04:00", null, "2014-08-15T21:24:28-04:00");
insert into PERSON_2(PID, WC, TG, HDL, BP, GLC) values("DMO41766", "108.8", "144.3", "36.6", "121/95", "106.6");
insert into PERSON_3(PID, TYPE_ID, IDENTITY_ID) values("DMO41766", "1", "003318942");
insert into ENCOUNTER(PID, ADMSN_TIME, CONTACT_DATE) values("DMO41766", "2014-08-15T03:08:03-04:00", "2014-08-15");

insert into PERSON(PID, FIRST_NAME, LAST_NAME, SEX, BIRTH_DATE, DEATH_DATE, REG_DATE) values("DMO53856", "Leah", "White", "F", "1945-10-31T08:38:10-04:00", null, "2014-08-27T12:29:08-04:00");
insert into PERSON_2(PID, WC, TG, HDL, BP, GLC) values("DMO53856", "108.0", "162.4", null, "117/80", "101.4");
insert into PERSON_3(PID, TYPE_ID, IDENTITY_ID) values("DMO53856", "1", "008649263");
insert into ENCOUNTER(PID, ADMSN_TIME, CONTACT_DATE) values("DMO53856", "2014-08-29T16:40:00-04:00", "2014-08-29");

insert into PERSON(PID, FIRST_NAME, LAST_NAME, SEX, BIRTH_DATE, DEATH_DATE, REG_DATE) values("DMO34217", "Ellie", "Butler", "F", "1970-05-25T14:23:01-04:00", null, "2014-11-23T04:28:39-04:00");
insert into PERSON_2(PID, WC, TG, HDL, BP, GLC) values("DMO34217", "86.5", "135.3", "48.1", "135/66", null);
insert into PERSON_3(PID, TYPE_ID, IDENTITY_ID) values("DMO34217", "1", "000569077");
insert into ENCOUNTER(PID, ADMSN_TIME, CONTACT_DATE) values("DMO34217", "2014-11-24T20:20:55-04:00", "2014-11-24");

insert into PERSON(PID, FIRST_NAME, LAST_NAME, SEX, BIRTH_DATE, DEATH_DATE, REG_DATE) values("DMO05535", "Brayden", "Thompson", "M", "1981-02-08T11:24:06-04:00", null, "2014-10-29T14:09:18-04:00");
insert into PERSON_2(PID, WC, TG, HDL, BP, GLC) values("DMO05535", "99.8", "123.4", "40.6", "116/100", "98.8");
insert into PERSON_3(PID, TYPE_ID, IDENTITY_ID) values("DMO05535", "1", "006029923");
insert into ENCOUNTER(PID, ADMSN_TIME, CONTACT_DATE) values("DMO05535", "2014-10-31T22:34:34-04:00", "2014-10-31");

insert into PERSON(PID, FIRST_NAME, LAST_NAME, SEX, BIRTH_DATE, DEATH_DATE, REG_DATE) values("DMO15368", "Taylor", "Sanchez", "F", "1982-05-02T12:29:54-04:00", null, "2014-07-03T09:24:09-04:00");
insert into PERSON_2(PID, WC, TG, HDL, BP, GLC) values("DMO15368", "78.0", "121.7", "37.5", "112/81", "110.6");
insert into PERSON_3(PID, TYPE_ID, IDENTITY_ID) values("DMO15368", "1", "008144392");
insert into ENCOUNTER(PID, ADMSN_TIME, CONTACT_DATE) values("DMO15368", "2014-07-05T22:03:46-04:00", "2014-07-05");

insert into PERSON(PID, FIRST_NAME, LAST_NAME, SEX, BIRTH_DATE, DEATH_DATE, REG_DATE) values("DMO26611", "Mila", "Howard", "F", "2009-03-12T05:43:12-04:00", null, "2014-11-12T01:37:36-04:00");
insert into PERSON_2(PID, WC, TG, HDL, BP, GLC) values("DMO26611", "108.3", "177.1", "49.3", "114/73", "99.1");
insert into PERSON_3(PID, TYPE_ID, IDENTITY_ID) values("DMO26611", "1", "002940745");
insert into ENCOUNTER(PID, ADMSN_TIME, CONTACT_DATE) values("DMO26611", "2014-11-12T13:03:59-04:00", "2014-11-12");

insert into PERSON(PID, FIRST_NAME, LAST_NAME, SEX, BIRTH_DATE, DEATH_DATE, REG_DATE) values("DMO71999", "Brayden", "Peterson", "M", "1982-06-27T14:37:13-04:00", null, "2014-10-02T08:06:28-04:00");
insert into PERSON_2(PID, WC, TG, HDL, BP, GLC) values("DMO71999", "101.2", "142.5", "34.4", "124/81", "98.4");
insert into PERSON_3(PID, TYPE_ID, IDENTITY_ID) values("DMO71999", "1", "003209577");
insert into ENCOUNTER(PID, ADMSN_TIME, CONTACT_DATE) values("DMO71999", "2014-10-03T15:25:01-04:00", "2014-10-03");

insert into PERSON(PID, FIRST_NAME, LAST_NAME, SEX, BIRTH_DATE, DEATH_DATE, REG_DATE) values("DMO36917", "Genesis", "Cook", "F", "2005-09-10T18:47:02-04:00", null, "2014-08-09T21:49:42-04:00");
insert into PERSON_2(PID, WC, TG, HDL, BP, GLC) values("DMO36917", "82.8", "120.1", "38.0", "124/80", "82.1");
insert into PERSON_3(PID, TYPE_ID, IDENTITY_ID) values("DMO36917", "1", "007724811");
insert into ENCOUNTER(PID, ADMSN_TIME, CONTACT_DATE) values("DMO36917", "2014-08-09T01:43:38-04:00", "2014-08-09");

insert into PERSON(PID, FIRST_NAME, LAST_NAME, SEX, BIRTH_DATE, DEATH_DATE, REG_DATE) values("DMO67701", "Julia", "Smith", "F", "1967-01-01T03:44:26-04:00", null, "2014-01-07T08:11:45-04:00");
insert into PERSON_2(PID, WC, TG, HDL, BP, GLC) values("DMO67701", null, "172.0", "44.1", "126/101", "116.8");
insert into PERSON_3(PID, TYPE_ID, IDENTITY_ID) values("DMO67701", "1", "003271047");
insert into ENCOUNTER(PID, ADMSN_TIME, CONTACT_DATE) values("DMO67701", "2014-01-07T16:01:58-04:00", "2014-01-07");

insert into PERSON(PID, FIRST_NAME, LAST_NAME, SEX, BIRTH_DATE, DEATH_DATE, REG_DATE) values("DMO78132", "Christopher", "James", "M", "1973-05-17T05:45:21-04:00", null, "2014-08-29T17:55:36-04:00");
insert into PERSON_2(PID, WC, TG, HDL, BP, GLC) values("DMO78132", "97.1", "150.0", "47.7", "110/67", "114.1");
insert into PERSON_3(PID, TYPE_ID, IDENTITY_ID) values("DMO78132", "1", "009349781");
insert into ENCOUNTER(PID, ADMSN_TIME, CONTACT_DATE) values("DMO78132", "2014-08-31T20:09:41-04:00", "2014-08-31");

insert into PERSON(PID, FIRST_NAME, LAST_NAME, SEX, BIRTH_DATE, DEATH_DATE, REG_DATE) values("DMO12758", "Paisley", "Watson", "F", "1937-01-30T04:41:53-04:00", "2007-06-19T13:44:45-04:00", "2014-12-07T06:04:23-04:00");
insert into PERSON_2(PID, WC, TG, HDL, BP, GLC) values("DMO12758", "80.3", "138.5", null, null, "107.3");
insert into PERSON_3(PID, TYPE_ID, IDENTITY_ID) values("DMO12758", "1", "000122129");
insert into ENCOUNTER(PID, ADMSN_TIME, CONTACT_DATE) values("DMO12758", "2014-12-07T20:03:41-04:00", "2014-12-07");

insert into PERSON(PID, FIRST_NAME, LAST_NAME, SEX, BIRTH_DATE, DEATH_DATE, REG_DATE) values("DMO41263", "Sophia", "Price", "F", "1952-09-20T18:54:16-04:00", null, "2014-07-29T03:05:02-04:00");
insert into PERSON_2(PID, WC, TG, HDL, BP, GLC) values("DMO41263", "79.0", "121.6", "35.0", "145/86", "91.4");
insert into PERSON_3(PID, TYPE_ID, IDENTITY_ID) values("DMO41263", "1", "009013202");
insert into ENCOUNTER(PID, ADMSN_TIME, CONTACT_DATE) values("DMO41263", "2014-07-29T22:27:08-04:00", "2014-07-29");

insert into PERSON(PID, FIRST_NAME, LAST_NAME, SEX, BIRTH_DATE, DEATH_DATE, REG_DATE) values("DMO24261", "Brody", "Patterson", "M", "1980-11-06T06:48:05-04:00", null, "2014-07-13T12:52:39-04:00");
insert into PERSON_2(PID, WC, TG, HDL, BP, GLC) values("DMO24261", "124.1", "142.0", "33.7", "139/80", null);
insert into PERSON_3(PID, TYPE_ID, IDENTITY_ID) values("DMO24261", "1", "001657992");
insert into ENCOUNTER(PID, ADMSN_TIME, CONTACT_DATE) values("DMO24261", "2014-07-13T04:43:48-04:00", "2014-07-13");

insert into PERSON(PID, FIRST_NAME, LAST_NAME, SEX, BIRTH_DATE, DEATH_DATE, REG_DATE) values("DMO14885", "Adam", "Wilson", "M", "1951-08-07T07:01:53-04:00", null, "2014-01-03T01:09:12-04:00");
insert into PERSON_2(PID, WC, TG, HDL, BP, GLC) values("DMO14885", "82.3", "167.3", "35.4", "142/85", "101.4");
insert into PERSON_3(PID, TYPE_ID, IDENTITY_ID) values("DMO14885", "1", "008089700");
insert into ENCOUNTER(PID, ADMSN_TIME, CONTACT_DATE) values("DMO14885", "2014-01-03T05:21:37-04:00", "2014-01-03");

insert into PERSON(PID, FIRST_NAME, LAST_NAME, SEX, BIRTH_DATE, DEATH_DATE, REG_DATE) values("DMO33025", "Sydney", "Griffin", "F", "1951-01-07T00:26:50-04:00", null, "2014-03-01T06:56:49-04:00");
insert into PERSON_2(PID, WC, TG, HDL, BP, GLC) values("DMO33025", "123.4", "136.2", "47.2", "105/94", "80.5");
insert into PERSON_3(PID, TYPE_ID, IDENTITY_ID) values("DMO33025", "1", "001262376");
insert into ENCOUNTER(PID, ADMSN_TIME, CONTACT_DATE) values("DMO33025", "2014-03-03T17:43:55-04:00", "2014-03-03");

insert into PERSON(PID, FIRST_NAME, LAST_NAME, SEX, BIRTH_DATE, DEATH_DATE, REG_DATE) values("DMO73135", "Stella", "Reed", "F", "1949-06-18T16:52:32-04:00", null, "2014-11-07T10:18:48-04:00");
insert into PERSON_2(PID, WC, TG, HDL, BP, GLC) values("DMO73135", "120.4", "120.7", "41.8", "152/80", "103.8");
insert into PERSON_3(PID, TYPE_ID, IDENTITY_ID) values("DMO73135", "1", "006361542");
insert into ENCOUNTER(PID, ADMSN_TIME, CONTACT_DATE) values("DMO73135", "2014-11-07T08:12:03-04:00", "2014-11-07");

insert into PERSON(PID, FIRST_NAME, LAST_NAME, SEX, BIRTH_DATE, DEATH_DATE, REG_DATE) values("DMO54547", "Claire", "Bailey", "F", "1998-02-26T09:08:02-04:00", null, "2014-11-06T22:17:18-04:00");
insert into PERSON_2(PID, WC, TG, HDL, BP, GLC) values("DMO54547", "97.5", "152.3", "45.6", "148/70", "104.6");
insert into PERSON_3(PID, TYPE_ID, IDENTITY_ID) values("DMO54547", "1", "005865934");
insert into ENCOUNTER(PID, ADMSN_TIME, CONTACT_DATE) values("DMO54547", "2014-11-08T08:42:55-04:00", "2014-11-08");

insert into PERSON(PID, FIRST_NAME, LAST_NAME, SEX, BIRTH_DATE, DEATH_DATE, REG_DATE) values("DMO17136", "Maya", "Bailey", "F", "1956-02-22T23:20:57-04:00", null, "2014-11-27T16:58:15-04:00");
insert into PERSON_2(PID, WC, TG, HDL, BP, GLC) values("DMO17136", "105.7", "144.3", "41.1", "126/65", "111.1");
insert into PERSON_3(PID, TYPE_ID, IDENTITY_ID) values("DMO17136", "1", "006849476");
insert into ENCOUNTER(PID, ADMSN_TIME, CONTACT_DATE) values("DMO17136", "2014-11-27T14:53:45-04:00", "2014-11-27");

insert into PERSON(PID, FIRST_NAME, LAST_NAME, SEX, BIRTH_DATE, DEATH_DATE, REG_DATE) values("DMO78105", "Colton", "Martinez", "M", "1964-11-30T10:21:57-04:00", null, "2014-09-23T06:20:26-04:00");
insert into PERSON_2(PID, WC, TG, HDL, BP, GLC) values("DMO78105", null, "162.4", "43.0", "142/103", "98.4");
insert into PERSON_3(PID, TYPE_ID, IDENTITY_ID) values("DMO78105", "1", "006158430");
insert into ENCOUNTER(PID, ADMSN_TIME, CONTACT_DATE) values("DMO78105", "2014-09-24T17:31:25-04:00", "2014-09-24");

insert into PERSON(PID, FIRST_NAME, LAST_NAME, SEX, BIRTH_DATE, DEATH_DATE, REG_DATE) values("DMO75897", "Aiden", "Reed", "M", "1965-01-06T00:55:58-04:00", null, "2014-04-10T23:48:25-04:00");
insert into PERSON_2(PID, WC, TG, HDL, BP, GLC) values("DMO75897", "76.0", "160.8", "31.2", "153/96", "105.5");
insert into PERSON_3(PID, TYPE_ID, IDENTITY_ID) values("DMO75897", "1", "008733498");
insert into ENCOUNTER(PID, ADMSN_TIME, CONTACT_DATE) values("DMO75897", "2014-04-11T06:44:47-04:00", "2014-04-11");

insert into PERSON(PID, FIRST_NAME, LAST_NAME, SEX, BIRTH_DATE, DEATH_DATE, REG_DATE) values("DMO28382", "Nolan", "Hall", "M", null, null, "2014-09-11T04:20:29-04:00");
insert into PERSON_2(PID, WC, TG, HDL, BP, GLC) values("DMO28382", "108.1", "137.4", "37.0", "122/89", "109.3");
insert into PERSON_3(PID, TYPE_ID, IDENTITY_ID) values("DMO28382", "1", "008103800");
insert into ENCOUNTER(PID, ADMSN_TIME, CONTACT_DATE) values("DMO28382", "2014-09-12T23:03:21-04:00", "2014-09-12");

insert into PERSON(PID, FIRST_NAME, LAST_NAME, SEX, BIRTH_DATE, DEATH_DATE, REG_DATE) values("DMO58157", "Khloe", "Gonzalez", "F", "1992-11-25T23:53:52-04:00", null, "2014-02-13T08:30:50-04:00");
insert into PERSON_2(PID, WC, TG, HDL, BP, GLC) values("DMO58157", "105.8", "177.8", "34.6", "144/90", "98.3");
insert into PERSON_3(PID, TYPE_ID, IDENTITY_ID) values("DMO58157", "1", "001422049");
insert into ENCOUNTER(PID, ADMSN_TIME, CONTACT_DATE) values("DMO58157", "2014-02-13T05:42:14-04:00", "2014-02-13");

insert into PERSON(PID, FIRST_NAME, LAST_NAME, SEX, BIRTH_DATE, DEATH_DATE, REG_DATE) values("DMO91107", "Ruby", "Ross", "F", "1964-06-16T16:16:20-04:00", null, "2014-04-15T19:23:05-04:00");
insert into PERSON_2(PID, WC, TG, HDL, BP, GLC) values("DMO91107", "94.6", "123.8", "38.9", "149/95", "91.9");
insert into PERSON_3(PID, TYPE_ID, IDENTITY_ID) values("DMO91107", "1", "003665074");
insert into ENCOUNTER(PID, ADMSN_TIME, CONTACT_DATE) values("DMO91107", "2014-04-15T03:59:51-04:00", "2014-04-15");

insert into PERSON(PID, FIRST_NAME, LAST_NAME, SEX, BIRTH_DATE, DEATH_DATE, REG_DATE) values("DMO62180", "Chase", "Williams", "M", "1933-12-24T00:58:35-04:00", null, "2014-07-29T00:59:14-04:00");
insert into PERSON_2(PID, WC, TG, HDL, BP, GLC) values("DMO62180", "80.9", "162.9", "31.8", "117/94", "83.6");
insert into PERSON_3(PID, TYPE_ID, IDENTITY_ID) values("DMO62180", "1", "007034326");
insert into ENCOUNTER(PID, ADMSN_TIME, CONTACT_DATE) values("DMO62180", "2014-07-30T17:36:45-04:00", "2014-07-30");

insert into PERSON(PID, FIRST_NAME, LAST_NAME, SEX, BIRTH_DATE, DEATH_DATE, REG_DATE) values("DMO72735", "Lydia", "Cook", "F", "1980-12-10T08:36:20-04:00", null, "2014-09-17T14:22:43-04:00");
insert into PERSON_2(PID, WC, TG, HDL, BP, GLC) values("DMO72735", "114.2", "148.2", "41.4", "135/70", "89.5");
insert into PERSON_3(PID, TYPE_ID, IDENTITY_ID) values("DMO72735", "1", "007536779");
insert into ENCOUNTER(PID, ADMSN_TIME, CONTACT_DATE) values("DMO72735", "2014-09-18T16:50:12-04:00", "2014-09-18");

insert into PERSON(PID, FIRST_NAME, LAST_NAME, SEX, BIRTH_DATE, DEATH_DATE, REG_DATE) values("DMO74536", "John", "Richardson", "M", "1986-10-02T15:52:41-04:00", null, "2014-01-23T23:52:05-04:00");
insert into PERSON_2(PID, WC, TG, HDL, BP, GLC) values("DMO74536", "85.1", "161.5", "31.5", "108/91", "92.2");
insert into PERSON_3(PID, TYPE_ID, IDENTITY_ID) values("DMO74536", "1", "000251275");
insert into ENCOUNTER(PID, ADMSN_TIME, CONTACT_DATE) values("DMO74536", "2014-01-25T21:58:41-04:00", "2014-01-25");

insert into PERSON(PID, FIRST_NAME, LAST_NAME, SEX, BIRTH_DATE, DEATH_DATE, REG_DATE) values("DMO88913", "Jonathan", "Hughes", "M", "1963-10-16T22:26:49-04:00", null, "2014-08-12T11:19:24-04:00");
insert into PERSON_2(PID, WC, TG, HDL, BP, GLC) values("DMO88913", "104.1", "143.1", "33.9", "134/89", "108.9");
insert into PERSON_3(PID, TYPE_ID, IDENTITY_ID) values("DMO88913", "1", "000601005");
insert into ENCOUNTER(PID, ADMSN_TIME, CONTACT_DATE) values("DMO88913", "2014-08-12T12:19:16-04:00", "2014-08-12");

insert into PERSON(PID, FIRST_NAME, LAST_NAME, SEX, BIRTH_DATE, DEATH_DATE, REG_DATE) values("DMO61577", "Hannah", "Butler", "F", "1944-09-14T07:36:33-04:00", null, "2014-05-07T16:40:47-04:00");
insert into PERSON_2(PID, WC, TG, HDL, BP, GLC) values("DMO61577", "102.9", "172.8", "49.3", "127/78", "102.0");
insert into PERSON_3(PID, TYPE_ID, IDENTITY_ID) values("DMO61577", "1", "006824386");
insert into ENCOUNTER(PID, ADMSN_TIME, CONTACT_DATE) values("DMO61577", "2014-05-09T12:27:40-04:00", "2014-05-09");

insert into PERSON(PID, FIRST_NAME, LAST_NAME, SEX, BIRTH_DATE, DEATH_DATE, REG_DATE) values("DMO45413", "Justin", "Lewis", "M", null, null, "2014-01-29T07:04:42-04:00");
insert into PERSON_2(PID, WC, TG, HDL, BP, GLC) values("DMO45413", "84.5", "142.3", "33.4", "131/77", "115.4");
insert into PERSON_3(PID, TYPE_ID, IDENTITY_ID) values("DMO45413", "1", "002895858");
insert into ENCOUNTER(PID, ADMSN_TIME, CONTACT_DATE) values("DMO45413", "2014-01-31T10:59:48-04:00", "2014-01-31");

insert into PERSON(PID, FIRST_NAME, LAST_NAME, SEX, BIRTH_DATE, DEATH_DATE, REG_DATE) values("DMO38749", "Austin", "Rodriguez", "M", "1996-02-08T11:19:19-04:00", null, "2014-10-11T17:01:18-04:00");
insert into PERSON_2(PID, WC, TG, HDL, BP, GLC) values("DMO38749", "99.6", "149.5", "32.2", "147/103", "114.7");
insert into PERSON_3(PID, TYPE_ID, IDENTITY_ID) values("DMO38749", "1", "006950885");
insert into ENCOUNTER(PID, ADMSN_TIME, CONTACT_DATE) values("DMO38749", "2014-10-12T11:32:07-04:00", "2014-10-12");

insert into PERSON(PID, FIRST_NAME, LAST_NAME, SEX, BIRTH_DATE, DEATH_DATE, REG_DATE) values("DMO79200", "Camila", "Williams", "F", "1955-09-09T02:02:50-04:00", null, "2014-10-31T14:06:09-04:00");
insert into PERSON_2(PID, WC, TG, HDL, BP, GLC) values("DMO79200", "103.5", "124.8", "43.6", "136/100", "92.0");
insert into PERSON_3(PID, TYPE_ID, IDENTITY_ID) values("DMO79200", "1", "006212459");
insert into ENCOUNTER(PID, ADMSN_TIME, CONTACT_DATE) values("DMO79200", "2014-11-01T12:38:48-04:00", "2014-11-01");

insert into PERSON(PID, FIRST_NAME, LAST_NAME, SEX, BIRTH_DATE, DEATH_DATE, REG_DATE) values("DMO78974", "Violet", "Brooks", "F", "2007-10-28T22:41:55-04:00", null, "2014-12-10T06:53:13-04:00");
insert into PERSON_2(PID, WC, TG, HDL, BP, GLC) values("DMO78974", "86.6", null, "42.4", "110/100", "107.3");
insert into PERSON_3(PID, TYPE_ID, IDENTITY_ID) values("DMO78974", "1", "008968902");
insert into ENCOUNTER(PID, ADMSN_TIME, CONTACT_DATE) values("DMO78974", "2014-12-12T04:08:08-04:00", "2014-12-12");

insert into PERSON(PID, FIRST_NAME, LAST_NAME, SEX, BIRTH_DATE, DEATH_DATE, REG_DATE) values("DMO56476", "Maya", "Howard", "F", "1960-06-14T17:15:09-04:00", null, "2014-08-17T18:29:45-04:00");
insert into PERSON_2(PID, WC, TG, HDL, BP, GLC) values("DMO56476", "103.3", "135.7", "37.7", "138/87", null);
insert into PERSON_3(PID, TYPE_ID, IDENTITY_ID) values("DMO56476", "1", "003125531");
insert into ENCOUNTER(PID, ADMSN_TIME, CONTACT_DATE) values("DMO56476", "2014-08-19T02:06:37-04:00", "2014-08-19");

insert into PERSON(PID, FIRST_NAME, LAST_NAME, SEX, BIRTH_DATE, DEATH_DATE, REG_DATE) values("DMO17853", "Khloe", "Russell", "F", "1966-03-08T05:54:34-04:00", "1993-07-23T15:43:55-04:00", "2014-12-01T07:19:47-04:00");
insert into PERSON_2(PID, WC, TG, HDL, BP, GLC) values("DMO17853", "91.4", "171.1", "40.1", "150/70", "111.7");
insert into PERSON_3(PID, TYPE_ID, IDENTITY_ID) values("DMO17853", "1", "005822523");
insert into ENCOUNTER(PID, ADMSN_TIME, CONTACT_DATE) values("DMO17853", "2014-12-01T01:23:57-04:00", "2014-12-01");

insert into PERSON(PID, FIRST_NAME, LAST_NAME, SEX, BIRTH_DATE, DEATH_DATE, REG_DATE) values("DMO68629", "Madelyn", "Clark", "F", "1942-06-29T16:11:57-04:00", null, "2014-11-23T19:39:50-04:00");
insert into PERSON_2(PID, WC, TG, HDL, BP, GLC) values("DMO68629", "99.4", null, "30.5", "147/95", "101.8");
insert into PERSON_3(PID, TYPE_ID, IDENTITY_ID) values("DMO68629", "1", "002347744");
insert into ENCOUNTER(PID, ADMSN_TIME, CONTACT_DATE) values("DMO68629", "2014-11-25T05:01:19-04:00", "2014-11-25");

insert into PERSON(PID, FIRST_NAME, LAST_NAME, SEX, BIRTH_DATE, DEATH_DATE, REG_DATE) values("DMO52889", "Natalie", "Perez", "F", "1936-01-18T14:24:52-04:00", null, "2014-11-14T23:06:49-04:00");
insert into PERSON_2(PID, WC, TG, HDL, BP, GLC) values("DMO52889", "109.8", null, "30.4", "152/80", "117.8");
insert into PERSON_3(PID, TYPE_ID, IDENTITY_ID) values("DMO52889", "1", "006838624");
insert into ENCOUNTER(PID, ADMSN_TIME, CONTACT_DATE) values("DMO52889", "2014-11-16T15:20:14-04:00", "2014-11-16");

insert into PERSON(PID, FIRST_NAME, LAST_NAME, SEX, BIRTH_DATE, DEATH_DATE, REG_DATE) values("DMO33337", "Tristan", "Martinez", "M", "2005-02-26T10:55:53-04:00", null, "2014-04-18T07:32:56-04:00");
insert into PERSON_2(PID, WC, TG, HDL, BP, GLC) values("DMO33337", "116.6", "173.8", "46.0", "110/91", "108.6");
insert into PERSON_3(PID, TYPE_ID, IDENTITY_ID) values("DMO33337", "1", "002636626");
insert into ENCOUNTER(PID, ADMSN_TIME, CONTACT_DATE) values("DMO33337", "2014-04-20T16:16:24-04:00", "2014-04-20");

insert into PERSON(PID, FIRST_NAME, LAST_NAME, SEX, BIRTH_DATE, DEATH_DATE, REG_DATE) values("DMO42827", "Hudson", "Watson", "M", "1968-07-26T15:09:47-04:00", null, "2014-07-20T06:55:10-04:00");
insert into PERSON_2(PID, WC, TG, HDL, BP, GLC) values("DMO42827", "106.9", "166.5", null, null, "86.8");
insert into PERSON_3(PID, TYPE_ID, IDENTITY_ID) values("DMO42827", "1", "006528445");
insert into ENCOUNTER(PID, ADMSN_TIME, CONTACT_DATE) values("DMO42827", "2014-07-22T07:44:40-04:00", "2014-07-22");

insert into PERSON(PID, FIRST_NAME, LAST_NAME, SEX, BIRTH_DATE, DEATH_DATE, REG_DATE) values("DMO50231", "Naomi", "Allen", "F", "2007-05-01T20:58:49-04:00", null, "2014-01-30T06:15:49-04:00");
insert into PERSON_2(PID, WC, TG, HDL, BP, GLC) values("DMO50231", "123.2", "123.4", "31.5", "124/97", "102.8");
insert into PERSON_3(PID, TYPE_ID, IDENTITY_ID) values("DMO50231", "1", "009156125");
insert into ENCOUNTER(PID, ADMSN_TIME, CONTACT_DATE) values("DMO50231", "2014-02-01T00:20:02-04:00", "2014-02-01");

insert into PERSON(PID, FIRST_NAME, LAST_NAME, SEX, BIRTH_DATE, DEATH_DATE, REG_DATE) values("DMO33996", "Isaiah", "Kelly", "M", "1934-10-06T00:14:15-04:00", null, "2014-01-09T03:02:44-04:00");
insert into PERSON_2(PID, WC, TG, HDL, BP, GLC) values("DMO33996", "122.6", "175.6", "47.8", "152/65", "87.4");
insert into PERSON_3(PID, TYPE_ID, IDENTITY_ID) values("DMO33996", "1", "005932014");
insert into ENCOUNTER(PID, ADMSN_TIME, CONTACT_DATE) values("DMO33996", "2014-01-09T09:36:30-04:00", "2014-01-09");

insert into PERSON(PID, FIRST_NAME, LAST_NAME, SEX, BIRTH_DATE, DEATH_DATE, REG_DATE) values("DMO31859", "Adam", "Perry", "M", "1954-06-07T06:50:57-04:00", null, "2014-01-15T02:35:02-04:00");
insert into PERSON_2(PID, WC, TG, HDL, BP, GLC) values("DMO31859", "77.4", "127.3", "47.6", "116/99", "113.4");
insert into PERSON_3(PID, TYPE_ID, IDENTITY_ID) values("DMO31859", "1", "004579675");
insert into ENCOUNTER(PID, ADMSN_TIME, CONTACT_DATE) values("DMO31859", "2014-01-17T16:37:21-04:00", "2014-01-17");

insert into PERSON(PID, FIRST_NAME, LAST_NAME, SEX, BIRTH_DATE, DEATH_DATE, REG_DATE) values("DMO61400", "Levi", "Peterson", "M", "1937-08-29T20:09:17-04:00", null, "2014-08-28T22:24:35-04:00");
insert into PERSON_2(PID, WC, TG, HDL, BP, GLC) values("DMO61400", "112.7", "175.5", "42.1", "128/83", "112.4");
insert into PERSON_3(PID, TYPE_ID, IDENTITY_ID) values("DMO61400", "1", "002239332");
insert into ENCOUNTER(PID, ADMSN_TIME, CONTACT_DATE) values("DMO61400", "2014-08-29T02:47:17-04:00", "2014-08-29");

insert into PERSON(PID, FIRST_NAME, LAST_NAME, SEX, BIRTH_DATE, DEATH_DATE, REG_DATE) values("DMO90071", "Wyatt", "Watson", "M", "1974-01-06T14:45:56-04:00", null, "2014-01-03T15:06:39-04:00");
insert into PERSON_2(PID, WC, TG, HDL, BP, GLC) values("DMO90071", "92.8", "122.0", "43.8", "131/65", "115.2");
insert into PERSON_3(PID, TYPE_ID, IDENTITY_ID) values("DMO90071", "1", "003698437");
insert into ENCOUNTER(PID, ADMSN_TIME, CONTACT_DATE) values("DMO90071", "2014-01-03T04:23:50-04:00", "2014-01-03");

insert into PERSON(PID, FIRST_NAME, LAST_NAME, SEX, BIRTH_DATE, DEATH_DATE, REG_DATE) values("DMO01272", "Gavin", "Thompson", "M", "1972-11-16T09:58:38-04:00", null, "2014-11-17T20:09:51-04:00");
insert into PERSON_2(PID, WC, TG, HDL, BP, GLC) values("DMO01272", "87.7", "149.1", "48.4", "143/100", "92.4");
insert into PERSON_3(PID, TYPE_ID, IDENTITY_ID) values("DMO01272", "1", "002126097");
insert into ENCOUNTER(PID, ADMSN_TIME, CONTACT_DATE) values("DMO01272", "2014-11-18T23:55:38-04:00", "2014-11-18");

insert into PERSON(PID, FIRST_NAME, LAST_NAME, SEX, BIRTH_DATE, DEATH_DATE, REG_DATE) values("DMO59504", "Faith", "Sanchez", "F", "1936-03-23T02:44:07-04:00", null, "2014-11-22T01:20:44-04:00");
insert into PERSON_2(PID, WC, TG, HDL, BP, GLC) values("DMO59504", "104.9", "121.2", "48.4", "109/102", "119.5");
insert into PERSON_3(PID, TYPE_ID, IDENTITY_ID) values("DMO59504", "1", "003616320");
insert into ENCOUNTER(PID, ADMSN_TIME, CONTACT_DATE) values("DMO59504", "2014-11-24T03:19:00-04:00", "2014-11-24");

insert into PERSON(PID, FIRST_NAME, LAST_NAME, SEX, BIRTH_DATE, DEATH_DATE, REG_DATE) values("DMO00479", "Sarah", "Bryant", "F", "2010-02-09T09:15:39-04:00", null, "2014-04-08T23:22:26-04:00");
insert into PERSON_2(PID, WC, TG, HDL, BP, GLC) values("DMO00479", "111.6", "173.5", "49.5", "123/67", "91.0");
insert into PERSON_3(PID, TYPE_ID, IDENTITY_ID) values("DMO00479", "1", "006621242");
insert into ENCOUNTER(PID, ADMSN_TIME, CONTACT_DATE) values("DMO00479", "2014-04-09T23:17:35-04:00", "2014-04-09");

insert into PERSON(PID, FIRST_NAME, LAST_NAME, SEX, BIRTH_DATE, DEATH_DATE, REG_DATE) values("DMO33268", "Abigail", "Bailey", "F", "2002-04-08T03:27:35-04:00", null, "2014-12-09T19:39:50-04:00");
insert into PERSON_2(PID, WC, TG, HDL, BP, GLC) values("DMO33268", "93.9", "131.5", "46.1", "148/66", "109.2");
insert into PERSON_3(PID, TYPE_ID, IDENTITY_ID) values("DMO33268", "1", "005694730");
insert into ENCOUNTER(PID, ADMSN_TIME, CONTACT_DATE) values("DMO33268", "2014-12-11T08:35:06-04:00", "2014-12-11");

insert into PERSON(PID, FIRST_NAME, LAST_NAME, SEX, BIRTH_DATE, DEATH_DATE, REG_DATE) values("DMO29652", "Jocelyn", "James", "F", "1933-04-30T17:09:10-04:00", null, "2014-10-20T17:21:43-04:00");
insert into PERSON_2(PID, WC, TG, HDL, BP, GLC) values("DMO29652", "113.3", "167.8", "38.7", "142/98", null);
insert into PERSON_3(PID, TYPE_ID, IDENTITY_ID) values("DMO29652", "1", "009328032");
insert into ENCOUNTER(PID, ADMSN_TIME, CONTACT_DATE) values("DMO29652", "2014-10-21T13:47:16-04:00", "2014-10-21");

insert into PERSON(PID, FIRST_NAME, LAST_NAME, SEX, BIRTH_DATE, DEATH_DATE, REG_DATE) values("DMO48217", "John", "Alexander", "M", "1965-08-01T20:29:41-04:00", null, "2014-05-26T07:33:56-04:00");
insert into PERSON_2(PID, WC, TG, HDL, BP, GLC) values("DMO48217", "113.9", "134.6", "36.8", "138/100", "80.9");
insert into PERSON_3(PID, TYPE_ID, IDENTITY_ID) values("DMO48217", "1", "009734850");
insert into ENCOUNTER(PID, ADMSN_TIME, CONTACT_DATE) values("DMO48217", "2014-05-28T03:23:42-04:00", "2014-05-28");

insert into PERSON(PID, FIRST_NAME, LAST_NAME, SEX, BIRTH_DATE, DEATH_DATE, REG_DATE) values("DMO24780", "Madeline", "Jackson", "F", "2011-03-18T20:58:36-04:00", "2014-07-05T08:37:37-04:00", "2014-10-22T18:12:18-04:00");
insert into PERSON_2(PID, WC, TG, HDL, BP, GLC) values("DMO24780", "119.0", "165.2", "31.2", "142/95", "93.7");
insert into PERSON_3(PID, TYPE_ID, IDENTITY_ID) values("DMO24780", "1", "004863183");
insert into ENCOUNTER(PID, ADMSN_TIME, CONTACT_DATE) values("DMO24780", "2014-10-23T08:21:05-04:00", "2014-10-23");

insert into PERSON(PID, FIRST_NAME, LAST_NAME, SEX, BIRTH_DATE, DEATH_DATE, REG_DATE) values("DMO57692", "Jacob", "Hayes", "M", "1973-08-14T07:55:15-04:00", null, "2014-07-06T02:10:50-04:00");
insert into PERSON_2(PID, WC, TG, HDL, BP, GLC) values("DMO57692", "93.3", null, "47.2", "138/87", "96.4");
insert into PERSON_3(PID, TYPE_ID, IDENTITY_ID) values("DMO57692", "1", "001581309");
insert into ENCOUNTER(PID, ADMSN_TIME, CONTACT_DATE) values("DMO57692", "2014-07-08T20:50:18-04:00", "2014-07-08");

insert into PERSON(PID, FIRST_NAME, LAST_NAME, SEX, BIRTH_DATE, DEATH_DATE, REG_DATE) values("DMO66743", "Kayden", "Campbell", "M", "1952-07-24T05:14:31-04:00", null, "2014-11-20T05:05:37-04:00");
insert into PERSON_2(PID, WC, TG, HDL, BP, GLC) values("DMO66743", "96.8", "121.9", null, "114/73", "95.8");
insert into PERSON_3(PID, TYPE_ID, IDENTITY_ID) values("DMO66743", "1", "007795348");
insert into ENCOUNTER(PID, ADMSN_TIME, CONTACT_DATE) values("DMO66743", "2014-11-22T16:14:23-04:00", "2014-11-22");

insert into PERSON(PID, FIRST_NAME, LAST_NAME, SEX, BIRTH_DATE, DEATH_DATE, REG_DATE) values("DMO65091", "Noah", "Richardson", "M", "1960-07-19T05:43:46-04:00", null, "2014-10-02T14:12:35-04:00");
insert into PERSON_2(PID, WC, TG, HDL, BP, GLC) values("DMO65091", "80.7", "164.4", "42.5", "124/90", null);
insert into PERSON_3(PID, TYPE_ID, IDENTITY_ID) values("DMO65091", "1", "007262082");
insert into ENCOUNTER(PID, ADMSN_TIME, CONTACT_DATE) values("DMO65091", "2014-10-04T14:05:04-04:00", "2014-10-04");

insert into PERSON(PID, FIRST_NAME, LAST_NAME, SEX, BIRTH_DATE, DEATH_DATE, REG_DATE) values("DMO58092", "Carter", "Bell", "M", "1986-12-04T20:38:03-04:00", null, "2014-08-07T19:20:18-04:00");
insert into PERSON_2(PID, WC, TG, HDL, BP, GLC) values("DMO58092", "124.3", null, "44.6", "146/82", "85.8");
insert into PERSON_3(PID, TYPE_ID, IDENTITY_ID) values("DMO58092", "1", "003922712");
insert into ENCOUNTER(PID, ADMSN_TIME, CONTACT_DATE) values("DMO58092", "2014-08-08T07:11:22-04:00", "2014-08-08");

insert into PERSON(PID, FIRST_NAME, LAST_NAME, SEX, BIRTH_DATE, DEATH_DATE, REG_DATE) values("DMO65465", "Thomas", "Baker", "M", "2009-06-20T07:04:12-04:00", null, "2014-05-19T11:53:31-04:00");
insert into PERSON_2(PID, WC, TG, HDL, BP, GLC) values("DMO65465", "77.9", "132.4", "34.2", "110/99", "84.1");
insert into PERSON_3(PID, TYPE_ID, IDENTITY_ID) values("DMO65465", "1", "005944577");
insert into ENCOUNTER(PID, ADMSN_TIME, CONTACT_DATE) values("DMO65465", "2014-05-19T20:19:19-04:00", "2014-05-19");

insert into PERSON(PID, FIRST_NAME, LAST_NAME, SEX, BIRTH_DATE, DEATH_DATE, REG_DATE) values("DMO90909", "Audrey", "Brooks", "F", "1983-04-06T17:40:56-04:00", null, "2014-02-26T16:48:05-04:00");
insert into PERSON_2(PID, WC, TG, HDL, BP, GLC) values("DMO90909", "115.7", "170.0", null, "108/78", "105.7");
insert into PERSON_3(PID, TYPE_ID, IDENTITY_ID) values("DMO90909", "1", "004367257");
insert into ENCOUNTER(PID, ADMSN_TIME, CONTACT_DATE) values("DMO90909", "2014-02-27T11:42:23-04:00", "2014-02-27");

insert into PERSON(PID, FIRST_NAME, LAST_NAME, SEX, BIRTH_DATE, DEATH_DATE, REG_DATE) values("DMO71882", "Sofia", "Turner", "F", "1960-03-15T03:01:45-04:00", null, "2014-09-12T21:00:16-04:00");
insert into PERSON_2(PID, WC, TG, HDL, BP, GLC) values("DMO71882", "99.4", "150.2", "36.5", "120/86", "84.4");
insert into PERSON_3(PID, TYPE_ID, IDENTITY_ID) values("DMO71882", "1", "004979991");
insert into ENCOUNTER(PID, ADMSN_TIME, CONTACT_DATE) values("DMO71882", "2014-09-13T22:46:48-04:00", "2014-09-13");

insert into PERSON(PID, FIRST_NAME, LAST_NAME, SEX, BIRTH_DATE, DEATH_DATE, REG_DATE) values("DMO95911", "Aria", "Jackson", "F", "1994-11-16T08:26:58-04:00", null, "2014-08-08T12:25:44-04:00");
insert into PERSON_2(PID, WC, TG, HDL, BP, GLC) values("DMO95911", "84.4", "156.4", "38.1", "120/87", "85.7");
insert into PERSON_3(PID, TYPE_ID, IDENTITY_ID) values("DMO95911", "1", "002243612");
insert into ENCOUNTER(PID, ADMSN_TIME, CONTACT_DATE) values("DMO95911", "2014-08-10T06:35:01-04:00", "2014-08-10");

insert into PERSON(PID, FIRST_NAME, LAST_NAME, SEX, BIRTH_DATE, DEATH_DATE, REG_DATE) values("DMO72188", "Jacob", "White", "M", "1938-04-29T09:40:05-04:00", null, "2014-03-15T05:19:43-04:00");
insert into PERSON_2(PID, WC, TG, HDL, BP, GLC) values("DMO72188", "107.4", "143.0", "31.4", "107/82", "93.8");
insert into PERSON_3(PID, TYPE_ID, IDENTITY_ID) values("DMO72188", "1", "006659154");
insert into ENCOUNTER(PID, ADMSN_TIME, CONTACT_DATE) values("DMO72188", "2014-03-17T06:45:49-04:00", "2014-03-17");

insert into PERSON(PID, FIRST_NAME, LAST_NAME, SEX, BIRTH_DATE, DEATH_DATE, REG_DATE) values("DMO52100", "Alexandra", "Russell", "F", "1931-06-25T16:46:16-04:00", "1989-09-21T22:57:20-04:00", "2014-09-14T06:47:35-04:00");
insert into PERSON_2(PID, WC, TG, HDL, BP, GLC) values("DMO52100", "110.2", "136.4", "45.9", "137/93", "82.6");
insert into PERSON_3(PID, TYPE_ID, IDENTITY_ID) values("DMO52100", "1", "003434804");
insert into ENCOUNTER(PID, ADMSN_TIME, CONTACT_DATE) values("DMO52100", "2014-09-14T13:58:32-04:00", "2014-09-14");

insert into PERSON(PID, FIRST_NAME, LAST_NAME, SEX, BIRTH_DATE, DEATH_DATE, REG_DATE) values("DMO42874", "Jack", "Mitchell", "M", "1984-03-23T08:39:45-04:00", null, "2014-04-03T05:31:34-04:00");
insert into PERSON_2(PID, WC, TG, HDL, BP, GLC) values("DMO42874", "78.4", null, "32.1", "144/67", "119.3");
insert into PERSON_3(PID, TYPE_ID, IDENTITY_ID) values("DMO42874", "1", "000133443");
insert into ENCOUNTER(PID, ADMSN_TIME, CONTACT_DATE) values("DMO42874", "2014-04-05T05:00:44-04:00", "2014-04-05");

insert into PERSON(PID, FIRST_NAME, LAST_NAME, SEX, BIRTH_DATE, DEATH_DATE, REG_DATE) values("DMO26590", "Jose", "Rivera", "M", "1982-07-17T22:29:12-04:00", null, "2014-04-23T15:52:24-04:00");
insert into PERSON_2(PID, WC, TG, HDL, BP, GLC) values("DMO26590", "76.6", "132.8", null, "107/97", "103.3");
insert into PERSON_3(PID, TYPE_ID, IDENTITY_ID) values("DMO26590", "1", "007535414");
insert into ENCOUNTER(PID, ADMSN_TIME, CONTACT_DATE) values("DMO26590", "2014-04-25T21:26:39-04:00", "2014-04-25");

insert into PERSON(PID, FIRST_NAME, LAST_NAME, SEX, BIRTH_DATE, DEATH_DATE, REG_DATE) values("DMO04782", "Camila", "Griffin", "F", "1961-11-15T08:29:19-04:00", "2005-08-19T16:08:59-04:00", "2014-04-15T20:16:59-04:00");
insert into PERSON_2(PID, WC, TG, HDL, BP, GLC) values("DMO04782", "79.3", "131.3", "43.4", "127/72", "96.5");
insert into PERSON_3(PID, TYPE_ID, IDENTITY_ID) values("DMO04782", "1", "005954793");
insert into ENCOUNTER(PID, ADMSN_TIME, CONTACT_DATE) values("DMO04782", "2014-04-16T12:02:44-04:00", "2014-04-16");

insert into PERSON(PID, FIRST_NAME, LAST_NAME, SEX, BIRTH_DATE, DEATH_DATE, REG_DATE) values("DMO34294", "Genesis", "Perry", "F", "1996-09-08T17:25:54-04:00", null, "2014-10-01T03:17:15-04:00");
insert into PERSON_2(PID, WC, TG, HDL, BP, GLC) values("DMO34294", "75.0", "127.7", "34.4", "152/65", "117.2");
insert into PERSON_3(PID, TYPE_ID, IDENTITY_ID) values("DMO34294", "1", "000426811");
insert into ENCOUNTER(PID, ADMSN_TIME, CONTACT_DATE) values("DMO34294", "2014-10-03T17:01:16-04:00", "2014-10-03");

insert into PERSON(PID, FIRST_NAME, LAST_NAME, SEX, BIRTH_DATE, DEATH_DATE, REG_DATE) values("DMO93637", "Leah", "Hall", "F", "1965-07-25T16:07:46-04:00", null, "2014-12-10T03:26:28-04:00");
insert into PERSON_2(PID, WC, TG, HDL, BP, GLC) values("DMO93637", "120.7", "170.6", "38.3", "128/102", "109.2");
insert into PERSON_3(PID, TYPE_ID, IDENTITY_ID) values("DMO93637", "1", "000392450");
insert into ENCOUNTER(PID, ADMSN_TIME, CONTACT_DATE) values("DMO93637", "2014-12-11T00:20:43-04:00", "2014-12-11");

insert into PERSON(PID, FIRST_NAME, LAST_NAME, SEX, BIRTH_DATE, DEATH_DATE, REG_DATE) values("DMO30088", "Sophia", "Watson", "F", "1977-05-16T04:55:56-04:00", null, "2014-06-03T09:01:54-04:00");
insert into PERSON_2(PID, WC, TG, HDL, BP, GLC) values("DMO30088", "76.9", null, "42.8", "106/83", "100.2");
insert into PERSON_3(PID, TYPE_ID, IDENTITY_ID) values("DMO30088", "1", "003473964");
insert into ENCOUNTER(PID, ADMSN_TIME, CONTACT_DATE) values("DMO30088", "2014-06-04T14:31:39-04:00", "2014-06-04");

insert into PERSON(PID, FIRST_NAME, LAST_NAME, SEX, BIRTH_DATE, DEATH_DATE, REG_DATE) values("DMO52364", "Hudson", "Rogers", "M", "1943-01-26T17:09:22-04:00", null, "2014-03-12T06:51:13-04:00");
insert into PERSON_2(PID, WC, TG, HDL, BP, GLC) values("DMO52364", "75.4", "130.3", "37.7", "113/72", "92.2");
insert into PERSON_3(PID, TYPE_ID, IDENTITY_ID) values("DMO52364", "1", "004629293");
insert into ENCOUNTER(PID, ADMSN_TIME, CONTACT_DATE) values("DMO52364", "2014-03-12T12:40:18-04:00", "2014-03-12");

insert into PERSON(PID, FIRST_NAME, LAST_NAME, SEX, BIRTH_DATE, DEATH_DATE, REG_DATE) values("DMO33688", "Juan", "Jones", "M", "1930-05-24T14:28:02-04:00", null, "2014-05-30T19:06:50-04:00");
insert into PERSON_2(PID, WC, TG, HDL, BP, GLC) values("DMO33688", "86.3", "132.5", "44.8", "148/79", "110.4");
insert into PERSON_3(PID, TYPE_ID, IDENTITY_ID) values("DMO33688", "1", "008387942");
insert into ENCOUNTER(PID, ADMSN_TIME, CONTACT_DATE) values("DMO33688", "2014-05-31T12:56:24-04:00", "2014-05-31");

insert into PERSON(PID, FIRST_NAME, LAST_NAME, SEX, BIRTH_DATE, DEATH_DATE, REG_DATE) values("DMO47114", "Alexander", "Washington", "M", "1964-10-25T07:21:14-04:00", null, "2014-10-14T22:04:43-04:00");
insert into PERSON_2(PID, WC, TG, HDL, BP, GLC) values("DMO47114", "94.7", "169.6", null, "130/76", "108.3");
insert into PERSON_3(PID, TYPE_ID, IDENTITY_ID) values("DMO47114", "1", "009633980");
insert into ENCOUNTER(PID, ADMSN_TIME, CONTACT_DATE) values("DMO47114", "2014-10-14T19:44:06-04:00", "2014-10-14");

insert into PERSON(PID, FIRST_NAME, LAST_NAME, SEX, BIRTH_DATE, DEATH_DATE, REG_DATE) values("DMO50690", "Gabriella", "Young", "F", "2004-06-21T02:23:47-04:00", null, "2014-11-11T11:23:41-04:00");
insert into PERSON_2(PID, WC, TG, HDL, BP, GLC) values("DMO50690", "123.1", "153.1", "43.1", "131/75", null);
insert into PERSON_3(PID, TYPE_ID, IDENTITY_ID) values("DMO50690", "1", "002293283");
insert into ENCOUNTER(PID, ADMSN_TIME, CONTACT_DATE) values("DMO50690", "2014-11-12T21:58:43-04:00", "2014-11-12");

insert into PERSON(PID, FIRST_NAME, LAST_NAME, SEX, BIRTH_DATE, DEATH_DATE, REG_DATE) values("DMO23465", "Kayla", "Long", "F", "1974-12-25T12:10:43-04:00", "1996-10-30T12:55:04-04:00", "2014-07-10T14:37:00-04:00");
insert into PERSON_2(PID, WC, TG, HDL, BP, GLC) values("DMO23465", "99.1", "173.4", "32.2", "113/77", "118.0");
insert into PERSON_3(PID, TYPE_ID, IDENTITY_ID) values("DMO23465", "1", "004454146");
insert into ENCOUNTER(PID, ADMSN_TIME, CONTACT_DATE) values("DMO23465", "2014-07-11T06:51:18-04:00", "2014-07-11");

insert into PERSON(PID, FIRST_NAME, LAST_NAME, SEX, BIRTH_DATE, DEATH_DATE, REG_DATE) values("DMO13165", "Andrew", "Cook", "M", "1983-08-15T08:14:55-04:00", null, "2014-01-20T00:52:04-04:00");
insert into PERSON_2(PID, WC, TG, HDL, BP, GLC) values("DMO13165", "122.2", "171.6", "42.6", "149/94", "92.5");
insert into PERSON_3(PID, TYPE_ID, IDENTITY_ID) values("DMO13165", "1", "006641039");
insert into ENCOUNTER(PID, ADMSN_TIME, CONTACT_DATE) values("DMO13165", "2014-01-21T16:38:56-04:00", "2014-01-21");

insert into PERSON(PID, FIRST_NAME, LAST_NAME, SEX, BIRTH_DATE, DEATH_DATE, REG_DATE) values("DMO46043", "Zoe", "Murphy", "F", "1966-05-29T13:02:49-04:00", null, "2014-06-28T08:38:43-04:00");
insert into PERSON_2(PID, WC, TG, HDL, BP, GLC) values("DMO46043", "80.3", "156.3", "43.8", null, "100.0");
insert into PERSON_3(PID, TYPE_ID, IDENTITY_ID) values("DMO46043", "1", "006754686");
insert into ENCOUNTER(PID, ADMSN_TIME, CONTACT_DATE) values("DMO46043", "2014-06-30T19:23:28-04:00", "2014-06-30");

insert into PERSON(PID, FIRST_NAME, LAST_NAME, SEX, BIRTH_DATE, DEATH_DATE, REG_DATE) values("DMO18767", "Olivia", "Phillips", "F", "1930-09-12T00:51:23-04:00", null, "2014-09-03T06:05:22-04:00");
insert into PERSON_2(PID, WC, TG, HDL, BP, GLC) values("DMO18767", "120.9", "174.7", null, "151/66", null);
insert into PERSON_3(PID, TYPE_ID, IDENTITY_ID) values("DMO18767", "1", "004532483");
insert into ENCOUNTER(PID, ADMSN_TIME, CONTACT_DATE) values("DMO18767", "2014-09-04T15:33:55-04:00", "2014-09-04");

insert into PERSON(PID, FIRST_NAME, LAST_NAME, SEX, BIRTH_DATE, DEATH_DATE, REG_DATE) values("DMO75055", "Bella", "James", "F", "1945-03-16T18:46:14-04:00", null, "2014-03-09T07:41:18-04:00");
insert into PERSON_2(PID, WC, TG, HDL, BP, GLC) values("DMO75055", "94.1", "165.0", "44.5", "113/102", "82.7");
insert into PERSON_3(PID, TYPE_ID, IDENTITY_ID) values("DMO75055", "1", "007049311");
insert into ENCOUNTER(PID, ADMSN_TIME, CONTACT_DATE) values("DMO75055", "2014-03-11T19:18:23-04:00", "2014-03-11");

insert into PERSON(PID, FIRST_NAME, LAST_NAME, SEX, BIRTH_DATE, DEATH_DATE, REG_DATE) values("DMO34549", "Nathaniel", "Peterson", "M", "1941-05-26T23:40:49-04:00", "2014-11-25T16:53:58-04:00", "2014-03-08T05:45:42-04:00");
insert into PERSON_2(PID, WC, TG, HDL, BP, GLC) values("DMO34549", "81.6", "160.5", "49.7", "108/84", "96.3");
insert into PERSON_3(PID, TYPE_ID, IDENTITY_ID) values("DMO34549", "1", "006193680");
insert into ENCOUNTER(PID, ADMSN_TIME, CONTACT_DATE) values("DMO34549", "2014-03-10T03:47:58-04:00", "2014-03-10");

insert into PERSON(PID, FIRST_NAME, LAST_NAME, SEX, BIRTH_DATE, DEATH_DATE, REG_DATE) values("DMO41521", "Samantha", "Ramirez", "F", "1956-01-29T01:23:42-04:00", null, "2014-08-16T08:15:03-04:00");
insert into PERSON_2(PID, WC, TG, HDL, BP, GLC) values("DMO41521", "106.1", "158.2", "31.5", "113/77", "116.0");
insert into PERSON_3(PID, TYPE_ID, IDENTITY_ID) values("DMO41521", "1", "007017815");
insert into ENCOUNTER(PID, ADMSN_TIME, CONTACT_DATE) values("DMO41521", "2014-08-17T14:13:15-04:00", "2014-08-17");

insert into PERSON(PID, FIRST_NAME, LAST_NAME, SEX, BIRTH_DATE, DEATH_DATE, REG_DATE) values("DMO93639", "Jason", "Bryant", "M", "1931-12-14T16:37:27-04:00", null, "2014-04-25T02:48:43-04:00");
insert into PERSON_2(PID, WC, TG, HDL, BP, GLC) values("DMO93639", "85.9", "127.4", "35.9", "122/75", "96.7");
insert into PERSON_3(PID, TYPE_ID, IDENTITY_ID) values("DMO93639", "1", "004350385");
insert into ENCOUNTER(PID, ADMSN_TIME, CONTACT_DATE) values("DMO93639", "2014-04-27T07:18:45-04:00", "2014-04-27");

insert into PERSON(PID, FIRST_NAME, LAST_NAME, SEX, BIRTH_DATE, DEATH_DATE, REG_DATE) values("DMO57716", "Violet", "Bell", "F", "2005-11-07T08:08:57-04:00", null, "2014-10-14T20:49:56-04:00");
insert into PERSON_2(PID, WC, TG, HDL, BP, GLC) values("DMO57716", "124.2", "167.2", "38.2", "137/104", "99.3");
insert into PERSON_3(PID, TYPE_ID, IDENTITY_ID) values("DMO57716", "1", "008161864");
insert into ENCOUNTER(PID, ADMSN_TIME, CONTACT_DATE) values("DMO57716", "2014-10-16T20:44:22-04:00", "2014-10-16");

insert into PERSON(PID, FIRST_NAME, LAST_NAME, SEX, BIRTH_DATE, DEATH_DATE, REG_DATE) values("DMO45575", "Liam", "Bell", "M", "1997-01-18T12:26:01-04:00", null, "2014-02-10T13:53:11-04:00");
insert into PERSON_2(PID, WC, TG, HDL, BP, GLC) values("DMO45575", "112.1", "156.7", "46.2", "142/77", null);
insert into PERSON_3(PID, TYPE_ID, IDENTITY_ID) values("DMO45575", "1", "000763514");
insert into ENCOUNTER(PID, ADMSN_TIME, CONTACT_DATE) values("DMO45575", "2014-02-12T09:50:12-04:00", "2014-02-12");

insert into PERSON(PID, FIRST_NAME, LAST_NAME, SEX, BIRTH_DATE, DEATH_DATE, REG_DATE) values("DMO19797", "Lily", "Rogers", "F", "1932-07-12T20:25:35-04:00", null, "2014-02-04T15:39:25-04:00");
insert into PERSON_2(PID, WC, TG, HDL, BP, GLC) values("DMO19797", "88.0", "132.0", "32.6", "145/97", "98.5");
insert into PERSON_3(PID, TYPE_ID, IDENTITY_ID) values("DMO19797", "1", "008666812");
insert into ENCOUNTER(PID, ADMSN_TIME, CONTACT_DATE) values("DMO19797", "2014-02-06T03:30:57-04:00", "2014-02-06");

insert into PERSON(PID, FIRST_NAME, LAST_NAME, SEX, BIRTH_DATE, DEATH_DATE, REG_DATE) values("DMO05592", "Evan", "Perry", "M", "1959-10-03T19:01:47-04:00", null, "2014-06-25T03:34:19-04:00");
insert into PERSON_2(PID, WC, TG, HDL, BP, GLC) values("DMO05592", "102.2", "125.6", null, "141/97", "91.1");
insert into PERSON_3(PID, TYPE_ID, IDENTITY_ID) values("DMO05592", "1", "004338298");
insert into ENCOUNTER(PID, ADMSN_TIME, CONTACT_DATE) values("DMO05592", "2014-06-27T16:25:39-04:00", "2014-06-27");

insert into PERSON(PID, FIRST_NAME, LAST_NAME, SEX, BIRTH_DATE, DEATH_DATE, REG_DATE) values("DMO58558", "Ella", "Long", "F", "1944-10-14T23:50:37-04:00", null, "2014-04-27T21:28:09-04:00");
insert into PERSON_2(PID, WC, TG, HDL, BP, GLC) values("DMO58558", "122.3", "159.1", "47.7", "114/87", "86.5");
insert into PERSON_3(PID, TYPE_ID, IDENTITY_ID) values("DMO58558", "1", "008187143");
insert into ENCOUNTER(PID, ADMSN_TIME, CONTACT_DATE) values("DMO58558", "2014-04-29T13:04:45-04:00", "2014-04-29");

insert into PERSON(PID, FIRST_NAME, LAST_NAME, SEX, BIRTH_DATE, DEATH_DATE, REG_DATE) values("DMO01093", "Cameron", "Carter", "M", "1930-05-19T22:04:03-04:00", "1975-07-16T14:17:42-04:00", "2014-05-21T05:28:55-04:00");
insert into PERSON_2(PID, WC, TG, HDL, BP, GLC) values("DMO01093", "115.4", "144.6", "30.0", "134/74", "101.5");
insert into PERSON_3(PID, TYPE_ID, IDENTITY_ID) values("DMO01093", "1", "006174431");
insert into ENCOUNTER(PID, ADMSN_TIME, CONTACT_DATE) values("DMO01093", "2014-05-21T10:59:28-04:00", "2014-05-21");

insert into PERSON(PID, FIRST_NAME, LAST_NAME, SEX, BIRTH_DATE, DEATH_DATE, REG_DATE) values("DMO00150", "Jaxon", "Davis", "M", "1988-07-27T20:19:13-04:00", null, "2014-04-24T10:29:52-04:00");
insert into PERSON_2(PID, WC, TG, HDL, BP, GLC) values("DMO00150", "97.5", null, "36.7", "106/78", "101.5");
insert into PERSON_3(PID, TYPE_ID, IDENTITY_ID) values("DMO00150", "1", "001238651");
insert into ENCOUNTER(PID, ADMSN_TIME, CONTACT_DATE) values("DMO00150", "2014-04-25T22:17:37-04:00", "2014-04-25");

insert into PERSON(PID, FIRST_NAME, LAST_NAME, SEX, BIRTH_DATE, DEATH_DATE, REG_DATE) values("DMO60144", "Adrian", "Thomas", "M", "2003-05-21T19:16:50-04:00", null, "2014-10-12T11:34:54-04:00");
insert into PERSON_2(PID, WC, TG, HDL, BP, GLC) values("DMO60144", "90.7", "163.4", "42.4", "116/95", "91.4");
insert into PERSON_3(PID, TYPE_ID, IDENTITY_ID) values("DMO60144", "1", "007446827");
insert into ENCOUNTER(PID, ADMSN_TIME, CONTACT_DATE) values("DMO60144", "2014-10-12T23:26:05-04:00", "2014-10-12");

insert into PERSON(PID, FIRST_NAME, LAST_NAME, SEX, BIRTH_DATE, DEATH_DATE, REG_DATE) values("DMO60159", "Madelyn", "Roberts", "F", "2005-09-09T22:57:17-04:00", null, "2014-02-23T19:02:49-04:00");
insert into PERSON_2(PID, WC, TG, HDL, BP, GLC) values("DMO60159", "110.6", "127.7", "44.5", "121/75", "94.0");
insert into PERSON_3(PID, TYPE_ID, IDENTITY_ID) values("DMO60159", "1", "000752050");
insert into ENCOUNTER(PID, ADMSN_TIME, CONTACT_DATE) values("DMO60159", "2014-02-23T11:55:11-04:00", "2014-02-23");

insert into PERSON(PID, FIRST_NAME, LAST_NAME, SEX, BIRTH_DATE, DEATH_DATE, REG_DATE) values("DMO01735", "Leah", "Lopez", "F", "1959-06-24T07:54:46-04:00", null, "2014-02-19T19:18:51-04:00");
insert into PERSON_2(PID, WC, TG, HDL, BP, GLC) values("DMO01735", "95.9", "161.5", "41.6", "150/78", "89.2");
insert into PERSON_3(PID, TYPE_ID, IDENTITY_ID) values("DMO01735", "1", "005308112");
insert into ENCOUNTER(PID, ADMSN_TIME, CONTACT_DATE) values("DMO01735", "2014-02-21T18:06:02-04:00", "2014-02-21");

insert into PERSON(PID, FIRST_NAME, LAST_NAME, SEX, BIRTH_DATE, DEATH_DATE, REG_DATE) values("DMO91754", "London", "Thompson", "F", "1931-02-20T05:25:12-04:00", null, "2014-01-08T07:28:59-04:00");
insert into PERSON_2(PID, WC, TG, HDL, BP, GLC) values("DMO91754", "79.2", "136.8", "39.2", "133/71", "105.2");
insert into PERSON_3(PID, TYPE_ID, IDENTITY_ID) values("DMO91754", "1", "008852087");
insert into ENCOUNTER(PID, ADMSN_TIME, CONTACT_DATE) values("DMO91754", "2014-01-08T07:49:30-04:00", "2014-01-08");

insert into PERSON(PID, FIRST_NAME, LAST_NAME, SEX, BIRTH_DATE, DEATH_DATE, REG_DATE) values("DMO33165", "Samuel", "Ward", "M", "1978-01-12T20:50:24-04:00", null, "2014-03-07T09:07:11-04:00");
insert into PERSON_2(PID, WC, TG, HDL, BP, GLC) values("DMO33165", "96.7", "160.1", "44.2", "145/103", "109.4");
insert into PERSON_3(PID, TYPE_ID, IDENTITY_ID) values("DMO33165", "1", "007279044");
insert into ENCOUNTER(PID, ADMSN_TIME, CONTACT_DATE) values("DMO33165", "2014-03-09T08:48:10-04:00", "2014-03-09");

insert into PERSON(PID, FIRST_NAME, LAST_NAME, SEX, BIRTH_DATE, DEATH_DATE, REG_DATE) values("DMO49319", "Lucas", "Hill", "M", "1942-12-24T20:07:06-04:00", null, "2014-12-20T07:14:47-04:00");
insert into PERSON_2(PID, WC, TG, HDL, BP, GLC) values("DMO49319", "96.9", "172.2", "41.8", "146/96", "83.9");
insert into PERSON_3(PID, TYPE_ID, IDENTITY_ID) values("DMO49319", "1", "002474441");
insert into ENCOUNTER(PID, ADMSN_TIME, CONTACT_DATE) values("DMO49319", "2014-12-21T01:07:25-04:00", "2014-12-21");

insert into PERSON(PID, FIRST_NAME, LAST_NAME, SEX, BIRTH_DATE, DEATH_DATE, REG_DATE) values("DMO86803", "Julia", "Edwards", "F", "1934-01-15T08:18:49-04:00", "2011-02-13T00:26:15-04:00", "2014-05-28T09:41:06-04:00");
insert into PERSON_2(PID, WC, TG, HDL, BP, GLC) values("DMO86803", "97.6", "143.3", "43.0", "153/65", null);
insert into PERSON_3(PID, TYPE_ID, IDENTITY_ID) values("DMO86803", "1", "000374597");
insert into ENCOUNTER(PID, ADMSN_TIME, CONTACT_DATE) values("DMO86803", "2014-05-30T06:56:19-04:00", "2014-05-30");

insert into PERSON(PID, FIRST_NAME, LAST_NAME, SEX, BIRTH_DATE, DEATH_DATE, REG_DATE) values("DMO55731", "Sofia", "Edwards", "F", "1946-03-31T23:00:30-04:00", null, "2014-09-21T02:51:29-04:00");
insert into PERSON_2(PID, WC, TG, HDL, BP, GLC) values("DMO55731", null, "164.9", "49.6", "139/66", "99.0");
insert into PERSON_3(PID, TYPE_ID, IDENTITY_ID) values("DMO55731", "1", "008244910");
insert into ENCOUNTER(PID, ADMSN_TIME, CONTACT_DATE) values("DMO55731", "2014-09-21T08:28:36-04:00", "2014-09-21");

insert into PERSON(PID, FIRST_NAME, LAST_NAME, SEX, BIRTH_DATE, DEATH_DATE, REG_DATE) values("DMO75575", "Christian", "Price", "M", "2001-01-03T08:01:47-04:00", null, "2014-05-30T12:15:25-04:00");
insert into PERSON_2(PID, WC, TG, HDL, BP, GLC) values("DMO75575", "116.6", "136.1", "35.6", "146/80", "112.6");
insert into PERSON_3(PID, TYPE_ID, IDENTITY_ID) values("DMO75575", "1", "005831729");
insert into ENCOUNTER(PID, ADMSN_TIME, CONTACT_DATE) values("DMO75575", "2014-05-31T06:47:24-04:00", "2014-05-31");

insert into PERSON(PID, FIRST_NAME, LAST_NAME, SEX, BIRTH_DATE, DEATH_DATE, REG_DATE) values("DMO19209", "Ellie", "Martinez", "F", "1955-05-05T15:02:32-04:00", null, "2014-09-24T10:40:41-04:00");
insert into PERSON_2(PID, WC, TG, HDL, BP, GLC) values("DMO19209", "121.6", "165.4", "36.5", "120/79", "82.1");
insert into PERSON_3(PID, TYPE_ID, IDENTITY_ID) values("DMO19209", "1", "001901056");
insert into ENCOUNTER(PID, ADMSN_TIME, CONTACT_DATE) values("DMO19209", "2014-09-25T17:48:06-04:00", "2014-09-25");

insert into PERSON(PID, FIRST_NAME, LAST_NAME, SEX, BIRTH_DATE, DEATH_DATE, REG_DATE) values("DMO08089", "Addison", "Clark", "F", "1961-01-17T00:10:46-04:00", null, "2014-11-21T07:12:34-04:00");
insert into PERSON_2(PID, WC, TG, HDL, BP, GLC) values("DMO08089", "119.4", "158.0", "37.5", "134/93", "117.4");
insert into PERSON_3(PID, TYPE_ID, IDENTITY_ID) values("DMO08089", "1", "005435873");
insert into ENCOUNTER(PID, ADMSN_TIME, CONTACT_DATE) values("DMO08089", "2014-11-21T07:54:53-04:00", "2014-11-21");

insert into PERSON(PID, FIRST_NAME, LAST_NAME, SEX, BIRTH_DATE, DEATH_DATE, REG_DATE) values("DMO74197", "Julia", "Butler", "F", "1959-02-25T11:59:10-04:00", null, "2014-08-22T17:38:20-04:00");
insert into PERSON_2(PID, WC, TG, HDL, BP, GLC) values("DMO74197", "84.9", "177.2", "45.6", "147/92", "94.6");
insert into PERSON_3(PID, TYPE_ID, IDENTITY_ID) values("DMO74197", "1", "006257152");
insert into ENCOUNTER(PID, ADMSN_TIME, CONTACT_DATE) values("DMO74197", "2014-08-24T11:38:35-04:00", "2014-08-24");

insert into PERSON(PID, FIRST_NAME, LAST_NAME, SEX, BIRTH_DATE, DEATH_DATE, REG_DATE) values("DMO00822", "Victoria", "Anderson", "F", "1993-06-08T15:38:53-04:00", null, "2014-10-22T10:54:43-04:00");
insert into PERSON_2(PID, WC, TG, HDL, BP, GLC) values("DMO00822", "102.5", "164.2", null, "126/96", "82.8");
insert into PERSON_3(PID, TYPE_ID, IDENTITY_ID) values("DMO00822", "1", "006812544");
insert into ENCOUNTER(PID, ADMSN_TIME, CONTACT_DATE) values("DMO00822", "2014-10-22T22:04:59-04:00", "2014-10-22");

insert into PERSON(PID, FIRST_NAME, LAST_NAME, SEX, BIRTH_DATE, DEATH_DATE, REG_DATE) values("DMO61598", "Mila", "Carter", "F", "1989-07-06T11:11:42-04:00", null, "2014-04-20T12:26:34-04:00");
insert into PERSON_2(PID, WC, TG, HDL, BP, GLC) values("DMO61598", "123.0", "126.6", "42.4", "141/73", "106.8");
insert into PERSON_3(PID, TYPE_ID, IDENTITY_ID) values("DMO61598", "1", "007357961");
insert into ENCOUNTER(PID, ADMSN_TIME, CONTACT_DATE) values("DMO61598", "2014-04-22T02:54:44-04:00", "2014-04-22");

insert into PERSON(PID, FIRST_NAME, LAST_NAME, SEX, BIRTH_DATE, DEATH_DATE, REG_DATE) values("DMO05486", "Lucas", "Carter", "M", "2007-01-06T06:21:15-04:00", null, "2014-02-03T08:29:09-04:00");
insert into PERSON_2(PID, WC, TG, HDL, BP, GLC) values("DMO05486", "104.2", null, "42.6", null, "104.5");
insert into PERSON_3(PID, TYPE_ID, IDENTITY_ID) values("DMO05486", "1", "002168502");
insert into ENCOUNTER(PID, ADMSN_TIME, CONTACT_DATE) values("DMO05486", "2014-02-05T15:08:26-04:00", "2014-02-05");

insert into PERSON(PID, FIRST_NAME, LAST_NAME, SEX, BIRTH_DATE, DEATH_DATE, REG_DATE) values("DMO04625", "Aubrey", "Reed", "F", "1985-08-09T05:24:44-04:00", null, "2014-12-20T22:13:08-04:00");
insert into PERSON_2(PID, WC, TG, HDL, BP, GLC) values("DMO04625", "114.7", "139.9", "41.7", "112/82", "119.5");
insert into PERSON_3(PID, TYPE_ID, IDENTITY_ID) values("DMO04625", "1", "008808570");
insert into ENCOUNTER(PID, ADMSN_TIME, CONTACT_DATE) values("DMO04625", "2014-12-20T13:18:51-04:00", "2014-12-20");

insert into PERSON(PID, FIRST_NAME, LAST_NAME, SEX, BIRTH_DATE, DEATH_DATE, REG_DATE) values("DMO24493", "Ella", "Bell", "F", "1995-04-27T22:19:01-04:00", null, "2014-03-14T05:17:06-04:00");
insert into PERSON_2(PID, WC, TG, HDL, BP, GLC) values("DMO24493", "76.5", "177.6", "31.4", "121/65", "98.3");
insert into PERSON_3(PID, TYPE_ID, IDENTITY_ID) values("DMO24493", "1", "008884207");
insert into ENCOUNTER(PID, ADMSN_TIME, CONTACT_DATE) values("DMO24493", "2014-03-16T03:00:34-04:00", "2014-03-16");

insert into PERSON(PID, FIRST_NAME, LAST_NAME, SEX, BIRTH_DATE, DEATH_DATE, REG_DATE) values("DMO73796", "Hannah", "Young", "F", "1953-07-19T13:00:35-04:00", null, "2014-09-13T21:53:03-04:00");
insert into PERSON_2(PID, WC, TG, HDL, BP, GLC) values("DMO73796", "121.0", "165.6", "31.7", "119/81", "102.9");
insert into PERSON_3(PID, TYPE_ID, IDENTITY_ID) values("DMO73796", "1", "006048784");
insert into ENCOUNTER(PID, ADMSN_TIME, CONTACT_DATE) values("DMO73796", "2014-09-15T12:32:49-04:00", "2014-09-15");

insert into PERSON(PID, FIRST_NAME, LAST_NAME, SEX, BIRTH_DATE, DEATH_DATE, REG_DATE) values("DMO33827", "Adrian", "Powell", "M", "1942-12-04T12:19:18-04:00", null, "2014-02-17T23:56:48-04:00");
insert into PERSON_2(PID, WC, TG, HDL, BP, GLC) values("DMO33827", "110.1", "164.7", "35.2", "109/79", "115.4");
insert into PERSON_3(PID, TYPE_ID, IDENTITY_ID) values("DMO33827", "1", "006086564");
insert into ENCOUNTER(PID, ADMSN_TIME, CONTACT_DATE) values("DMO33827", "2014-02-17T18:14:09-04:00", "2014-02-17");

insert into PERSON(PID, FIRST_NAME, LAST_NAME, SEX, BIRTH_DATE, DEATH_DATE, REG_DATE) values("DMO16991", "Autumn", "Anderson", "F", "2011-11-24T09:08:37-04:00", null, "2014-10-17T09:34:41-04:00");
insert into PERSON_2(PID, WC, TG, HDL, BP, GLC) values("DMO16991", "85.0", "163.9", "41.1", "143/93", "103.8");
insert into PERSON_3(PID, TYPE_ID, IDENTITY_ID) values("DMO16991", "1", "003355952");
insert into ENCOUNTER(PID, ADMSN_TIME, CONTACT_DATE) values("DMO16991", "2014-10-18T02:12:13-04:00", "2014-10-18");

insert into PERSON(PID, FIRST_NAME, LAST_NAME, SEX, BIRTH_DATE, DEATH_DATE, REG_DATE) values("DMO96106", "Michael", "Price", "M", "1978-03-23T05:42:19-04:00", null, "2014-11-11T16:45:37-04:00");
insert into PERSON_2(PID, WC, TG, HDL, BP, GLC) values("DMO96106", "78.9", "131.4", "49.0", "109/94", "96.7");
insert into PERSON_3(PID, TYPE_ID, IDENTITY_ID) values("DMO96106", "1", "002772269");
insert into ENCOUNTER(PID, ADMSN_TIME, CONTACT_DATE) values("DMO96106", "2014-11-13T04:31:20-04:00", "2014-11-13");

insert into PERSON(PID, FIRST_NAME, LAST_NAME, SEX, BIRTH_DATE, DEATH_DATE, REG_DATE) values("DMO04753", "Abigail", "Nelson", "F", null, null, "2014-12-26T08:26:49-04:00");
insert into PERSON_2(PID, WC, TG, HDL, BP, GLC) values("DMO04753", "92.1", "152.0", "30.1", "143/73", "86.5");
insert into PERSON_3(PID, TYPE_ID, IDENTITY_ID) values("DMO04753", "1", "000264307");
insert into ENCOUNTER(PID, ADMSN_TIME, CONTACT_DATE) values("DMO04753", "2014-12-27T06:29:34-04:00", "2014-12-27");

insert into PERSON(PID, FIRST_NAME, LAST_NAME, SEX, BIRTH_DATE, DEATH_DATE, REG_DATE) values("DMO18736", "Aubree", "Allen", "F", "2006-11-15T03:35:06-04:00", null, "2014-08-08T02:44:57-04:00");
insert into PERSON_2(PID, WC, TG, HDL, BP, GLC) values("DMO18736", "110.0", "122.7", "39.9", "117/79", "102.5");
insert into PERSON_3(PID, TYPE_ID, IDENTITY_ID) values("DMO18736", "1", "007098997");
insert into ENCOUNTER(PID, ADMSN_TIME, CONTACT_DATE) values("DMO18736", "2014-08-09T06:52:11-04:00", "2014-08-09");

insert into PERSON(PID, FIRST_NAME, LAST_NAME, SEX, BIRTH_DATE, DEATH_DATE, REG_DATE) values("DMO39230", "Annabelle", "Hayes", "F", "1975-08-12T08:23:52-04:00", null, "2014-05-09T01:15:05-04:00");
insert into PERSON_2(PID, WC, TG, HDL, BP, GLC) values("DMO39230", null, "160.7", "45.5", "114/83", "80.5");
insert into PERSON_3(PID, TYPE_ID, IDENTITY_ID) values("DMO39230", "1", "006356793");
insert into ENCOUNTER(PID, ADMSN_TIME, CONTACT_DATE) values("DMO39230", "2014-05-11T16:29:56-04:00", "2014-05-11");

insert into PERSON(PID, FIRST_NAME, LAST_NAME, SEX, BIRTH_DATE, DEATH_DATE, REG_DATE) values("DMO21873", "Serenity", "Scott", "F", "1969-02-23T01:48:16-04:00", null, "2014-11-04T05:49:14-04:00");
insert into PERSON_2(PID, WC, TG, HDL, BP, GLC) values("DMO21873", "107.3", "140.6", "30.2", null, "94.9");
insert into PERSON_3(PID, TYPE_ID, IDENTITY_ID) values("DMO21873", "1", "004006788");
insert into ENCOUNTER(PID, ADMSN_TIME, CONTACT_DATE) values("DMO21873", "2014-11-06T20:58:25-04:00", "2014-11-06");

insert into PERSON(PID, FIRST_NAME, LAST_NAME, SEX, BIRTH_DATE, DEATH_DATE, REG_DATE) values("DMO51368", "Henry", "Howard", "M", "1999-08-07T23:49:44-04:00", null, "2014-09-21T15:54:37-04:00");
insert into PERSON_2(PID, WC, TG, HDL, BP, GLC) values("DMO51368", "90.4", "155.2", "32.7", "134/100", "97.7");
insert into PERSON_3(PID, TYPE_ID, IDENTITY_ID) values("DMO51368", "1", "004219966");
insert into ENCOUNTER(PID, ADMSN_TIME, CONTACT_DATE) values("DMO51368", "2014-09-21T19:35:10-04:00", "2014-09-21");

insert into PERSON(PID, FIRST_NAME, LAST_NAME, SEX, BIRTH_DATE, DEATH_DATE, REG_DATE) values("DMO86159", "Madeline", "Cox", "F", "2008-06-22T05:50:46-04:00", null, "2014-02-05T15:28:45-04:00");
insert into PERSON_2(PID, WC, TG, HDL, BP, GLC) values("DMO86159", "90.9", null, "47.2", "116/94", "86.4");
insert into PERSON_3(PID, TYPE_ID, IDENTITY_ID) values("DMO86159", "1", "008457432");
insert into ENCOUNTER(PID, ADMSN_TIME, CONTACT_DATE) values("DMO86159", "2014-02-07T04:15:33-04:00", "2014-02-07");

insert into PERSON(PID, FIRST_NAME, LAST_NAME, SEX, BIRTH_DATE, DEATH_DATE, REG_DATE) values("DMO55221", "Nora", "Cook", "F", "1960-03-04T12:32:40-04:00", null, "2014-03-09T01:07:35-04:00");
insert into PERSON_2(PID, WC, TG, HDL, BP, GLC) values("DMO55221", "96.7", "130.2", "35.0", null, "118.6");
insert into PERSON_3(PID, TYPE_ID, IDENTITY_ID) values("DMO55221", "1", "003572081");
insert into ENCOUNTER(PID, ADMSN_TIME, CONTACT_DATE) values("DMO55221", "2014-03-10T21:47:50-04:00", "2014-03-10");

insert into PERSON(PID, FIRST_NAME, LAST_NAME, SEX, BIRTH_DATE, DEATH_DATE, REG_DATE) values("DMO94397", "Sydney", "Griffin", "F", "1987-09-13T17:55:54-04:00", null, "2014-10-18T23:34:23-04:00");
insert into PERSON_2(PID, WC, TG, HDL, BP, GLC) values("DMO94397", "94.9", "178.8", "44.9", "136/66", "83.6");
insert into PERSON_3(PID, TYPE_ID, IDENTITY_ID) values("DMO94397", "1", "003584604");
insert into ENCOUNTER(PID, ADMSN_TIME, CONTACT_DATE) values("DMO94397", "2014-10-18T21:45:55-04:00", "2014-10-18");

insert into PERSON(PID, FIRST_NAME, LAST_NAME, SEX, BIRTH_DATE, DEATH_DATE, REG_DATE) values("DMO51726", "Violet", "White", "F", "1934-01-27T08:36:21-04:00", null, "2014-04-15T13:11:30-04:00");
insert into PERSON_2(PID, WC, TG, HDL, BP, GLC) values("DMO51726", "83.2", "165.8", "32.9", "125/85", "80.8");
insert into PERSON_3(PID, TYPE_ID, IDENTITY_ID) values("DMO51726", "1", "009007528");
insert into ENCOUNTER(PID, ADMSN_TIME, CONTACT_DATE) values("DMO51726", "2014-04-17T23:53:49-04:00", "2014-04-17");

insert into PERSON(PID, FIRST_NAME, LAST_NAME, SEX, BIRTH_DATE, DEATH_DATE, REG_DATE) values("DMO00441", "Arianna", "Hall", "F", "1968-01-28T13:23:39-04:00", null, "2014-03-04T21:04:29-04:00");
insert into PERSON_2(PID, WC, TG, HDL, BP, GLC) values("DMO00441", "91.7", "131.0", "45.2", "149/94", "82.7");
insert into PERSON_3(PID, TYPE_ID, IDENTITY_ID) values("DMO00441", "1", "004432857");
insert into ENCOUNTER(PID, ADMSN_TIME, CONTACT_DATE) values("DMO00441", "2014-03-06T11:27:03-04:00", "2014-03-06");

insert into PERSON(PID, FIRST_NAME, LAST_NAME, SEX, BIRTH_DATE, DEATH_DATE, REG_DATE) values("DMO19806", "Wyatt", "Reed", "M", "1954-09-19T04:33:12-04:00", null, "2014-01-09T12:57:52-04:00");
insert into PERSON_2(PID, WC, TG, HDL, BP, GLC) values("DMO19806", "124.2", null, "41.8", "149/93", null);
insert into PERSON_3(PID, TYPE_ID, IDENTITY_ID) values("DMO19806", "1", "007413516");
insert into ENCOUNTER(PID, ADMSN_TIME, CONTACT_DATE) values("DMO19806", "2014-01-11T10:10:33-04:00", "2014-01-11");

insert into PERSON(PID, FIRST_NAME, LAST_NAME, SEX, BIRTH_DATE, DEATH_DATE, REG_DATE) values("DMO17290", "Chase", "Parker", "M", "2003-10-22T06:45:24-04:00", null, "2014-08-03T21:06:57-04:00");
insert into PERSON_2(PID, WC, TG, HDL, BP, GLC) values("DMO17290", "123.3", "168.4", null, "108/70", "83.1");
insert into PERSON_3(PID, TYPE_ID, IDENTITY_ID) values("DMO17290", "1", "006892840");
insert into ENCOUNTER(PID, ADMSN_TIME, CONTACT_DATE) values("DMO17290", "2014-08-05T07:38:58-04:00", "2014-08-05");

insert into PERSON(PID, FIRST_NAME, LAST_NAME, SEX, BIRTH_DATE, DEATH_DATE, REG_DATE) values("DMO62027", "Samuel", "Barnes", "M", "1959-06-14T08:01:00-04:00", null, "2014-07-01T22:18:52-04:00");
insert into PERSON_2(PID, WC, TG, HDL, BP, GLC) values("DMO62027", "83.0", "174.7", "31.9", "137/87", "110.8");
insert into PERSON_3(PID, TYPE_ID, IDENTITY_ID) values("DMO62027", "1", "005743730");
insert into ENCOUNTER(PID, ADMSN_TIME, CONTACT_DATE) values("DMO62027", "2014-07-01T19:37:23-04:00", "2014-07-01");

insert into PERSON(PID, FIRST_NAME, LAST_NAME, SEX, BIRTH_DATE, DEATH_DATE, REG_DATE) values("DMO29405", "Kennedy", "Cox", "F", "1937-10-23T20:20:46-04:00", "1989-11-11T08:50:31-04:00", "2014-04-26T05:52:15-04:00");
insert into PERSON_2(PID, WC, TG, HDL, BP, GLC) values("DMO29405", "95.7", "127.1", "37.5", "110/104", "84.0");
insert into PERSON_3(PID, TYPE_ID, IDENTITY_ID) values("DMO29405", "1", "002393835");
insert into ENCOUNTER(PID, ADMSN_TIME, CONTACT_DATE) values("DMO29405", "2014-04-26T18:12:16-04:00", "2014-04-26");

insert into PERSON(PID, FIRST_NAME, LAST_NAME, SEX, BIRTH_DATE, DEATH_DATE, REG_DATE) values("DMO20765", "Jack", "Stewart", "M", "1978-06-23T06:43:07-04:00", null, "2014-02-10T08:47:02-04:00");
insert into PERSON_2(PID, WC, TG, HDL, BP, GLC) values("DMO20765", "117.8", "124.5", "39.9", "124/93", "90.5");
insert into PERSON_3(PID, TYPE_ID, IDENTITY_ID) values("DMO20765", "1", "004124545");
insert into ENCOUNTER(PID, ADMSN_TIME, CONTACT_DATE) values("DMO20765", "2014-02-12T13:39:15-04:00", "2014-02-12");

insert into PERSON(PID, FIRST_NAME, LAST_NAME, SEX, BIRTH_DATE, DEATH_DATE, REG_DATE) values("DMO48033", "John", "Coleman", "M", "1970-03-15T12:34:47-04:00", null, "2014-10-26T17:05:17-04:00");
insert into PERSON_2(PID, WC, TG, HDL, BP, GLC) values("DMO48033", "107.8", "175.1", "37.4", "113/67", "98.1");
insert into PERSON_3(PID, TYPE_ID, IDENTITY_ID) values("DMO48033", "1", "002618555");
insert into ENCOUNTER(PID, ADMSN_TIME, CONTACT_DATE) values("DMO48033", "2014-10-27T01:53:22-04:00", "2014-10-27");

insert into PERSON(PID, FIRST_NAME, LAST_NAME, SEX, BIRTH_DATE, DEATH_DATE, REG_DATE) values("DMO32047", "Peyton", "Butler", "F", "2003-07-28T07:53:30-04:00", null, "2014-07-30T00:31:59-04:00");
insert into PERSON_2(PID, WC, TG, HDL, BP, GLC) values("DMO32047", "86.5", "143.3", "34.4", "120/77", "103.0");
insert into PERSON_3(PID, TYPE_ID, IDENTITY_ID) values("DMO32047", "1", "004737626");
insert into ENCOUNTER(PID, ADMSN_TIME, CONTACT_DATE) values("DMO32047", "2014-08-01T04:16:27-04:00", "2014-08-01");

insert into PERSON(PID, FIRST_NAME, LAST_NAME, SEX, BIRTH_DATE, DEATH_DATE, REG_DATE) values("DMO80439", "Violet", "Bryant", "F", "1949-04-01T00:21:35-04:00", null, "2014-12-13T13:28:51-04:00");
insert into PERSON_2(PID, WC, TG, HDL, BP, GLC) values("DMO80439", "113.4", "130.1", "41.2", "145/100", "97.6");
insert into PERSON_3(PID, TYPE_ID, IDENTITY_ID) values("DMO80439", "1", "004894830");
insert into ENCOUNTER(PID, ADMSN_TIME, CONTACT_DATE) values("DMO80439", "2014-12-13T01:37:13-04:00", "2014-12-13");

insert into PERSON(PID, FIRST_NAME, LAST_NAME, SEX, BIRTH_DATE, DEATH_DATE, REG_DATE) values("DMO56564", "Mackenzie", "Miller", "F", "2004-09-15T15:50:10-04:00", null, "2014-12-25T11:57:11-04:00");
insert into PERSON_2(PID, WC, TG, HDL, BP, GLC) values("DMO56564", "77.4", "143.7", "41.9", null, "110.5");
insert into PERSON_3(PID, TYPE_ID, IDENTITY_ID) values("DMO56564", "1", "002282917");
insert into ENCOUNTER(PID, ADMSN_TIME, CONTACT_DATE) values("DMO56564", "2014-12-25T19:30:02-04:00", "2014-12-25");

insert into PERSON(PID, FIRST_NAME, LAST_NAME, SEX, BIRTH_DATE, DEATH_DATE, REG_DATE) values("DMO16741", "Cooper", "Wilson", "M", null, null, "2014-09-22T16:13:32-04:00");
insert into PERSON_2(PID, WC, TG, HDL, BP, GLC) values("DMO16741", "114.9", "162.3", "45.8", "118/71", "104.7");
insert into PERSON_3(PID, TYPE_ID, IDENTITY_ID) values("DMO16741", "1", "007831076");
insert into ENCOUNTER(PID, ADMSN_TIME, CONTACT_DATE) values("DMO16741", "2014-09-22T05:07:19-04:00", "2014-09-22");

insert into PERSON(PID, FIRST_NAME, LAST_NAME, SEX, BIRTH_DATE, DEATH_DATE, REG_DATE) values("DMO20423", "Mila", "Williams", "F", "1964-10-05T11:53:17-04:00", null, "2014-04-27T07:07:41-04:00");
insert into PERSON_2(PID, WC, TG, HDL, BP, GLC) values("DMO20423", "108.7", "153.9", "31.3", "115/95", "81.9");
insert into PERSON_3(PID, TYPE_ID, IDENTITY_ID) values("DMO20423", "1", "004578112");
insert into ENCOUNTER(PID, ADMSN_TIME, CONTACT_DATE) values("DMO20423", "2014-04-29T10:57:08-04:00", "2014-04-29");

insert into PERSON(PID, FIRST_NAME, LAST_NAME, SEX, BIRTH_DATE, DEATH_DATE, REG_DATE) values("DMO58780", "Grayson", "Moore", "M", "1933-04-04T09:52:44-04:00", null, "2014-04-13T01:20:31-04:00");
insert into PERSON_2(PID, WC, TG, HDL, BP, GLC) values("DMO58780", "80.7", "165.3", "46.7", null, null);
insert into PERSON_3(PID, TYPE_ID, IDENTITY_ID) values("DMO58780", "1", "005514421");
insert into ENCOUNTER(PID, ADMSN_TIME, CONTACT_DATE) values("DMO58780", "2014-04-13T05:49:52-04:00", "2014-04-13");

insert into PERSON(PID, FIRST_NAME, LAST_NAME, SEX, BIRTH_DATE, DEATH_DATE, REG_DATE) values("DMO86995", "Nevaeh", "Coleman", "F", "1933-07-11T06:56:42-04:00", null, "2014-10-08T16:13:27-04:00");
insert into PERSON_2(PID, WC, TG, HDL, BP, GLC) values("DMO86995", "101.8", "174.8", "31.4", "106/74", "82.8");
insert into PERSON_3(PID, TYPE_ID, IDENTITY_ID) values("DMO86995", "1", "001548717");
insert into ENCOUNTER(PID, ADMSN_TIME, CONTACT_DATE) values("DMO86995", "2014-10-10T09:39:49-04:00", "2014-10-10");

insert into PERSON(PID, FIRST_NAME, LAST_NAME, SEX, BIRTH_DATE, DEATH_DATE, REG_DATE) values("DMO95702", "Henry", "Wright", "M", "1936-02-16T22:58:14-04:00", null, "2014-12-09T01:30:29-04:00");
insert into PERSON_2(PID, WC, TG, HDL, BP, GLC) values("DMO95702", "107.9", "155.1", "41.6", "120/70", "105.6");
insert into PERSON_3(PID, TYPE_ID, IDENTITY_ID) values("DMO95702", "1", "000889312");
insert into ENCOUNTER(PID, ADMSN_TIME, CONTACT_DATE) values("DMO95702", "2014-12-10T07:45:07-04:00", "2014-12-10");

insert into PERSON(PID, FIRST_NAME, LAST_NAME, SEX, BIRTH_DATE, DEATH_DATE, REG_DATE) values("DMO92907", "Charlotte", "Cox", "F", "2011-04-18T22:30:20-04:00", null, "2014-10-05T12:24:43-04:00");
insert into PERSON_2(PID, WC, TG, HDL, BP, GLC) values("DMO92907", "105.0", "156.3", "31.9", "127/79", "113.8");
insert into PERSON_3(PID, TYPE_ID, IDENTITY_ID) values("DMO92907", "1", "005374547");
insert into ENCOUNTER(PID, ADMSN_TIME, CONTACT_DATE) values("DMO92907", "2014-10-07T08:49:00-04:00", "2014-10-07");

insert into PERSON(PID, FIRST_NAME, LAST_NAME, SEX, BIRTH_DATE, DEATH_DATE, REG_DATE) values("DMO64121", "Cooper", "Turner", "M", "1936-08-02T01:12:34-04:00", "1982-02-14T12:19:31-04:00", "2014-07-07T11:18:10-04:00");
insert into PERSON_2(PID, WC, TG, HDL, BP, GLC) values("DMO64121", "79.7", "132.5", "42.5", "152/104", "95.0");
insert into PERSON_3(PID, TYPE_ID, IDENTITY_ID) values("DMO64121", "1", "006579303");
insert into ENCOUNTER(PID, ADMSN_TIME, CONTACT_DATE) values("DMO64121", "2014-07-09T18:24:31-04:00", "2014-07-09");

insert into PERSON(PID, FIRST_NAME, LAST_NAME, SEX, BIRTH_DATE, DEATH_DATE, REG_DATE) values("DMO72046", "Sofia", "Stewart", "F", "1981-06-25T05:23:02-04:00", null, "2014-07-20T16:04:49-04:00");
insert into PERSON_2(PID, WC, TG, HDL, BP, GLC) values("DMO72046", "121.4", "179.3", "40.6", "143/84", "99.0");
insert into PERSON_3(PID, TYPE_ID, IDENTITY_ID) values("DMO72046", "1", "002416385");
insert into ENCOUNTER(PID, ADMSN_TIME, CONTACT_DATE) values("DMO72046", "2014-07-21T11:53:31-04:00", "2014-07-21");

insert into PERSON(PID, FIRST_NAME, LAST_NAME, SEX, BIRTH_DATE, DEATH_DATE, REG_DATE) values("DMO61144", "London", "Sanders", "F", "1949-05-12T12:07:32-04:00", null, "2014-11-15T23:32:01-04:00");
insert into PERSON_2(PID, WC, TG, HDL, BP, GLC) values("DMO61144", "117.2", "169.8", "37.4", "124/80", "95.3");
insert into PERSON_3(PID, TYPE_ID, IDENTITY_ID) values("DMO61144", "1", "001814247");
insert into ENCOUNTER(PID, ADMSN_TIME, CONTACT_DATE) values("DMO61144", "2014-11-17T06:49:41-04:00", "2014-11-17");

insert into PERSON(PID, FIRST_NAME, LAST_NAME, SEX, BIRTH_DATE, DEATH_DATE, REG_DATE) values("DMO78231", "Hailey", "Wilson", "F", "1937-11-29T06:29:46-04:00", "2000-05-13T09:55:57-04:00", "2014-05-26T02:35:51-04:00");
insert into PERSON_2(PID, WC, TG, HDL, BP, GLC) values("DMO78231", "94.6", "142.5", "44.6", "150/93", "96.0");
insert into PERSON_3(PID, TYPE_ID, IDENTITY_ID) values("DMO78231", "1", "003849117");
insert into ENCOUNTER(PID, ADMSN_TIME, CONTACT_DATE) values("DMO78231", "2014-05-27T12:45:36-04:00", "2014-05-27");

insert into PERSON(PID, FIRST_NAME, LAST_NAME, SEX, BIRTH_DATE, DEATH_DATE, REG_DATE) values("DMO66594", "Scarlett", "Jenkins", "F", "1975-12-10T16:25:50-04:00", null, "2014-02-26T14:40:38-04:00");
insert into PERSON_2(PID, WC, TG, HDL, BP, GLC) values("DMO66594", "93.8", "146.2", "43.2", "135/81", "100.0");
insert into PERSON_3(PID, TYPE_ID, IDENTITY_ID) values("DMO66594", "1", "000208615");
insert into ENCOUNTER(PID, ADMSN_TIME, CONTACT_DATE) values("DMO66594", "2014-02-26T11:43:35-04:00", "2014-02-26");

insert into PERSON(PID, FIRST_NAME, LAST_NAME, SEX, BIRTH_DATE, DEATH_DATE, REG_DATE) values("DMO38979", "Tyler", "Ward", "M", "1996-11-13T19:02:48-04:00", null, "2014-05-22T22:45:46-04:00");
insert into PERSON_2(PID, WC, TG, HDL, BP, GLC) values("DMO38979", "89.1", "158.3", "33.5", "148/84", "86.7");
insert into PERSON_3(PID, TYPE_ID, IDENTITY_ID) values("DMO38979", "1", "000682740");
insert into ENCOUNTER(PID, ADMSN_TIME, CONTACT_DATE) values("DMO38979", "2014-05-22T13:40:12-04:00", "2014-05-22");

insert into PERSON(PID, FIRST_NAME, LAST_NAME, SEX, BIRTH_DATE, DEATH_DATE, REG_DATE) values("DMO56497", "Sarah", "Barnes", "F", "1963-07-26T03:18:32-04:00", null, "2014-07-11T21:14:34-04:00");
insert into PERSON_2(PID, WC, TG, HDL, BP, GLC) values("DMO56497", "113.6", "141.3", "43.5", "110/95", "107.6");
insert into PERSON_3(PID, TYPE_ID, IDENTITY_ID) values("DMO56497", "1", "009364905");
insert into ENCOUNTER(PID, ADMSN_TIME, CONTACT_DATE) values("DMO56497", "2014-07-11T05:14:15-04:00", "2014-07-11");

insert into PERSON(PID, FIRST_NAME, LAST_NAME, SEX, BIRTH_DATE, DEATH_DATE, REG_DATE) values("DMO21738", "Katherine", "James", "F", "1990-10-15T12:56:33-04:00", null, "2014-09-05T01:27:05-04:00");
insert into PERSON_2(PID, WC, TG, HDL, BP, GLC) values("DMO21738", "76.8", "165.8", "41.2", "135/93", "118.8");
insert into PERSON_3(PID, TYPE_ID, IDENTITY_ID) values("DMO21738", "1", "008849710");
insert into ENCOUNTER(PID, ADMSN_TIME, CONTACT_DATE) values("DMO21738", "2014-09-07T19:49:47-04:00", "2014-09-07");

insert into PERSON(PID, FIRST_NAME, LAST_NAME, SEX, BIRTH_DATE, DEATH_DATE, REG_DATE) values("DMO23543", "Mackenzie", "Campbell", "F", "2008-03-31T22:33:18-04:00", null, "2014-04-22T21:14:03-04:00");
insert into PERSON_2(PID, WC, TG, HDL, BP, GLC) values("DMO23543", "103.8", "142.3", "45.3", "141/91", "81.2");
insert into PERSON_3(PID, TYPE_ID, IDENTITY_ID) values("DMO23543", "1", "004055751");
insert into ENCOUNTER(PID, ADMSN_TIME, CONTACT_DATE) values("DMO23543", "2014-04-23T04:52:43-04:00", "2014-04-23");

insert into PERSON(PID, FIRST_NAME, LAST_NAME, SEX, BIRTH_DATE, DEATH_DATE, REG_DATE) values("DMO45514", "Alexis", "Jones", "F", "1973-08-05T05:41:53-04:00", null, "2014-12-07T04:54:50-04:00");
insert into PERSON_2(PID, WC, TG, HDL, BP, GLC) values("DMO45514", "111.4", null, "35.1", "109/80", "112.0");
insert into PERSON_3(PID, TYPE_ID, IDENTITY_ID) values("DMO45514", "1", "006369969");
insert into ENCOUNTER(PID, ADMSN_TIME, CONTACT_DATE) values("DMO45514", "2014-12-08T15:29:22-04:00", "2014-12-08");

insert into PERSON(PID, FIRST_NAME, LAST_NAME, SEX, BIRTH_DATE, DEATH_DATE, REG_DATE) values("DMO46744", "Peyton", "Flores", "F", "1998-06-13T07:23:53-04:00", null, "2014-04-12T12:34:15-04:00");
insert into PERSON_2(PID, WC, TG, HDL, BP, GLC) values("DMO46744", null, "122.7", "43.8", "142/96", "83.6");
insert into PERSON_3(PID, TYPE_ID, IDENTITY_ID) values("DMO46744", "1", "007691693");
insert into ENCOUNTER(PID, ADMSN_TIME, CONTACT_DATE) values("DMO46744", "2014-04-14T07:34:41-04:00", "2014-04-14");

insert into PERSON(PID, FIRST_NAME, LAST_NAME, SEX, BIRTH_DATE, DEATH_DATE, REG_DATE) values("DMO13780", "Alexa", "Moore", "F", "1976-12-05T03:36:07-04:00", null, "2014-10-07T10:39:04-04:00");
insert into PERSON_2(PID, WC, TG, HDL, BP, GLC) values("DMO13780", "76.8", "137.9", "37.1", "117/104", "105.0");
insert into PERSON_3(PID, TYPE_ID, IDENTITY_ID) values("DMO13780", "1", "005253710");
insert into ENCOUNTER(PID, ADMSN_TIME, CONTACT_DATE) values("DMO13780", "2014-10-08T14:20:46-04:00", "2014-10-08");

insert into PERSON(PID, FIRST_NAME, LAST_NAME, SEX, BIRTH_DATE, DEATH_DATE, REG_DATE) values("DMO53303", "Bella", "Watson", "F", "1996-08-06T15:31:31-04:00", null, "2014-06-02T09:31:18-04:00");
insert into PERSON_2(PID, WC, TG, HDL, BP, GLC) values("DMO53303", "77.0", "160.9", "46.6", "153/88", "83.6");
insert into PERSON_3(PID, TYPE_ID, IDENTITY_ID) values("DMO53303", "1", "009409503");
insert into ENCOUNTER(PID, ADMSN_TIME, CONTACT_DATE) values("DMO53303", "2014-06-02T13:43:12-04:00", "2014-06-02");

insert into PERSON(PID, FIRST_NAME, LAST_NAME, SEX, BIRTH_DATE, DEATH_DATE, REG_DATE) values("DMO97424", "Zachary", "Smith", "M", "1988-02-02T02:03:13-04:00", null, "2014-12-21T06:38:33-04:00");
insert into PERSON_2(PID, WC, TG, HDL, BP, GLC) values("DMO97424", "92.5", "135.7", "40.2", "106/80", "95.3");
insert into PERSON_3(PID, TYPE_ID, IDENTITY_ID) values("DMO97424", "1", "002880403");
insert into ENCOUNTER(PID, ADMSN_TIME, CONTACT_DATE) values("DMO97424", "2014-12-22T14:33:30-04:00", "2014-12-22");

insert into PERSON(PID, FIRST_NAME, LAST_NAME, SEX, BIRTH_DATE, DEATH_DATE, REG_DATE) values("DMO13275", "Piper", "Clark", "F", "1972-07-01T00:05:41-04:00", null, "2014-07-19T08:05:50-04:00");
insert into PERSON_2(PID, WC, TG, HDL, BP, GLC) values("DMO13275", "93.7", "122.8", "35.8", "109/77", "80.9");
insert into PERSON_3(PID, TYPE_ID, IDENTITY_ID) values("DMO13275", "1", "002971402");
insert into ENCOUNTER(PID, ADMSN_TIME, CONTACT_DATE) values("DMO13275", "2014-07-19T11:38:46-04:00", "2014-07-19");

insert into PERSON(PID, FIRST_NAME, LAST_NAME, SEX, BIRTH_DATE, DEATH_DATE, REG_DATE) values("DMO53874", "Lillian", "Wright", "F", "1935-08-20T07:39:16-04:00", null, "2014-12-23T12:29:32-04:00");
insert into PERSON_2(PID, WC, TG, HDL, BP, GLC) values("DMO53874", "121.8", "164.5", "47.1", "145/86", "113.9");
insert into PERSON_3(PID, TYPE_ID, IDENTITY_ID) values("DMO53874", "1", "006503203");
insert into ENCOUNTER(PID, ADMSN_TIME, CONTACT_DATE) values("DMO53874", "2014-12-24T17:06:09-04:00", "2014-12-24");

insert into PERSON(PID, FIRST_NAME, LAST_NAME, SEX, BIRTH_DATE, DEATH_DATE, REG_DATE) values("DMO70496", "Jayden", "Powell", "M", "1942-07-01T21:13:47-04:00", null, "2014-12-24T02:54:19-04:00");
insert into PERSON_2(PID, WC, TG, HDL, BP, GLC) values("DMO70496", "88.7", "174.7", "39.1", "107/96", null);
insert into PERSON_3(PID, TYPE_ID, IDENTITY_ID) values("DMO70496", "1", "005327093");
insert into ENCOUNTER(PID, ADMSN_TIME, CONTACT_DATE) values("DMO70496", "2014-12-25T05:20:38-04:00", "2014-12-25");

insert into PERSON(PID, FIRST_NAME, LAST_NAME, SEX, BIRTH_DATE, DEATH_DATE, REG_DATE) values("DMO88870", "Eli", "Sanders", "M", "1958-07-18T02:39:58-04:00", null, "2014-12-25T18:49:11-04:00");
insert into PERSON_2(PID, WC, TG, HDL, BP, GLC) values("DMO88870", "123.5", "166.3", "34.6", "107/86", "87.8");
insert into PERSON_3(PID, TYPE_ID, IDENTITY_ID) values("DMO88870", "1", "002649306");
insert into ENCOUNTER(PID, ADMSN_TIME, CONTACT_DATE) values("DMO88870", "2014-12-25T02:26:59-04:00", "2014-12-25");

insert into PERSON(PID, FIRST_NAME, LAST_NAME, SEX, BIRTH_DATE, DEATH_DATE, REG_DATE) values("DMO48279", "Grayson", "Murphy", "M", null, null, "2014-01-18T11:23:23-04:00");
insert into PERSON_2(PID, WC, TG, HDL, BP, GLC) values("DMO48279", "93.1", "136.0", "36.2", "117/69", "108.7");
insert into PERSON_3(PID, TYPE_ID, IDENTITY_ID) values("DMO48279", "1", "005657822");
insert into ENCOUNTER(PID, ADMSN_TIME, CONTACT_DATE) values("DMO48279", "2014-01-20T19:23:24-04:00", "2014-01-20");

insert into PERSON(PID, FIRST_NAME, LAST_NAME, SEX, BIRTH_DATE, DEATH_DATE, REG_DATE) values("DMO06858", "Jason", "Taylor", "M", "2011-04-11T01:07:04-04:00", null, "2014-05-16T05:21:27-04:00");
insert into PERSON_2(PID, WC, TG, HDL, BP, GLC) values("DMO06858", "109.8", "158.5", "38.1", "137/90", "111.1");
insert into PERSON_3(PID, TYPE_ID, IDENTITY_ID) values("DMO06858", "1", "003622999");
insert into ENCOUNTER(PID, ADMSN_TIME, CONTACT_DATE) values("DMO06858", "2014-05-17T19:28:24-04:00", "2014-05-17");

insert into PERSON(PID, FIRST_NAME, LAST_NAME, SEX, BIRTH_DATE, DEATH_DATE, REG_DATE) values("DMO24310", "Audrey", "Peterson", "F", "1990-04-12T02:25:28-04:00", null, "2014-07-15T19:25:23-04:00");
insert into PERSON_2(PID, WC, TG, HDL, BP, GLC) values("DMO24310", "93.9", "144.9", "49.6", "115/85", "97.2");
insert into PERSON_3(PID, TYPE_ID, IDENTITY_ID) values("DMO24310", "1", "002090764");
insert into ENCOUNTER(PID, ADMSN_TIME, CONTACT_DATE) values("DMO24310", "2014-07-17T22:43:13-04:00", "2014-07-17");

insert into PERSON(PID, FIRST_NAME, LAST_NAME, SEX, BIRTH_DATE, DEATH_DATE, REG_DATE) values("DMO12931", "Mila", "Carter", "F", "1941-09-09T06:43:18-04:00", null, "2014-07-24T02:13:22-04:00");
insert into PERSON_2(PID, WC, TG, HDL, BP, GLC) values("DMO12931", "124.6", "148.4", "47.6", "136/65", "81.7");
insert into PERSON_3(PID, TYPE_ID, IDENTITY_ID) values("DMO12931", "1", "004955539");
insert into ENCOUNTER(PID, ADMSN_TIME, CONTACT_DATE) values("DMO12931", "2014-07-24T03:52:11-04:00", "2014-07-24");

insert into PERSON(PID, FIRST_NAME, LAST_NAME, SEX, BIRTH_DATE, DEATH_DATE, REG_DATE) values("DMO48438", "Nicholas", "Bell", "M", "1996-11-28T05:06:06-04:00", null, "2014-10-12T21:29:02-04:00");
insert into PERSON_2(PID, WC, TG, HDL, BP, GLC) values("DMO48438", "120.4", "151.6", "37.5", "133/98", "86.4");
insert into PERSON_3(PID, TYPE_ID, IDENTITY_ID) values("DMO48438", "1", "009005409");
insert into ENCOUNTER(PID, ADMSN_TIME, CONTACT_DATE) values("DMO48438", "2014-10-14T22:30:19-04:00", "2014-10-14");

insert into PERSON(PID, FIRST_NAME, LAST_NAME, SEX, BIRTH_DATE, DEATH_DATE, REG_DATE) values("DMO81839", "Camila", "Hall", "F", "1963-07-18T11:09:09-04:00", "2002-09-04T07:35:18-04:00", "2014-02-15T06:32:39-04:00");
insert into PERSON_2(PID, WC, TG, HDL, BP, GLC) values("DMO81839", "113.8", "123.7", "41.9", "153/100", "100.9");
insert into PERSON_3(PID, TYPE_ID, IDENTITY_ID) values("DMO81839", "1", "007487199");
insert into ENCOUNTER(PID, ADMSN_TIME, CONTACT_DATE) values("DMO81839", "2014-02-16T13:52:31-04:00", "2014-02-16");

insert into PERSON(PID, FIRST_NAME, LAST_NAME, SEX, BIRTH_DATE, DEATH_DATE, REG_DATE) values("DMO82919", "Grace", "Thomas", "F", "1995-10-13T21:54:29-04:00", null, "2014-11-14T07:25:37-04:00");
insert into PERSON_2(PID, WC, TG, HDL, BP, GLC) values("DMO82919", "79.7", "157.6", "38.2", "132/87", "97.0");
insert into PERSON_3(PID, TYPE_ID, IDENTITY_ID) values("DMO82919", "1", "006830346");
insert into ENCOUNTER(PID, ADMSN_TIME, CONTACT_DATE) values("DMO82919", "2014-11-14T17:09:37-04:00", "2014-11-14");

insert into PERSON(PID, FIRST_NAME, LAST_NAME, SEX, BIRTH_DATE, DEATH_DATE, REG_DATE) values("DMO00075", "Gianna", "Scott", "F", null, null, "2014-03-14T16:53:58-04:00");
insert into PERSON_2(PID, WC, TG, HDL, BP, GLC) values("DMO00075", "106.3", "159.7", "33.3", "121/80", "113.4");
insert into PERSON_3(PID, TYPE_ID, IDENTITY_ID) values("DMO00075", "1", "007247034");
insert into ENCOUNTER(PID, ADMSN_TIME, CONTACT_DATE) values("DMO00075", "2014-03-16T03:35:27-04:00", "2014-03-16");

insert into PERSON(PID, FIRST_NAME, LAST_NAME, SEX, BIRTH_DATE, DEATH_DATE, REG_DATE) values("DMO16984", "Hudson", "Brooks", "M", "1973-02-28T13:12:10-04:00", null, "2014-01-16T20:24:20-04:00");
insert into PERSON_2(PID, WC, TG, HDL, BP, GLC) values("DMO16984", "83.6", "150.5", "46.5", "127/100", "99.8");
insert into PERSON_3(PID, TYPE_ID, IDENTITY_ID) values("DMO16984", "1", "003141465");
insert into ENCOUNTER(PID, ADMSN_TIME, CONTACT_DATE) values("DMO16984", "2014-01-16T18:02:21-04:00", "2014-01-16");

insert into PERSON(PID, FIRST_NAME, LAST_NAME, SEX, BIRTH_DATE, DEATH_DATE, REG_DATE) values("DMO88572", "Sarah", "Morris", "F", "1948-05-28T02:51:51-04:00", null, "2014-07-25T18:50:34-04:00");
insert into PERSON_2(PID, WC, TG, HDL, BP, GLC) values("DMO88572", "120.3", "130.0", null, "109/78", "102.3");
insert into PERSON_3(PID, TYPE_ID, IDENTITY_ID) values("DMO88572", "1", "002582372");
insert into ENCOUNTER(PID, ADMSN_TIME, CONTACT_DATE) values("DMO88572", "2014-07-27T22:56:55-04:00", "2014-07-27");

insert into PERSON(PID, FIRST_NAME, LAST_NAME, SEX, BIRTH_DATE, DEATH_DATE, REG_DATE) values("DMO77056", "Landon", "Howard", "M", "1952-09-21T20:21:42-04:00", null, "2014-01-28T08:58:51-04:00");
insert into PERSON_2(PID, WC, TG, HDL, BP, GLC) values("DMO77056", "78.4", "155.1", "32.9", "146/99", null);
insert into PERSON_3(PID, TYPE_ID, IDENTITY_ID) values("DMO77056", "1", "004122349");
insert into ENCOUNTER(PID, ADMSN_TIME, CONTACT_DATE) values("DMO77056", "2014-01-28T09:40:16-04:00", "2014-01-28");

insert into PERSON(PID, FIRST_NAME, LAST_NAME, SEX, BIRTH_DATE, DEATH_DATE, REG_DATE) values("DMO13299", "Annabelle", "Richardson", "F", "1985-11-28T03:18:11-04:00", null, "2014-05-09T19:01:51-04:00");
insert into PERSON_2(PID, WC, TG, HDL, BP, GLC) values("DMO13299", "109.5", "140.2", null, "136/77", "110.9");
insert into PERSON_3(PID, TYPE_ID, IDENTITY_ID) values("DMO13299", "1", "007808171");
insert into ENCOUNTER(PID, ADMSN_TIME, CONTACT_DATE) values("DMO13299", "2014-05-11T08:34:17-04:00", "2014-05-11");

insert into PERSON(PID, FIRST_NAME, LAST_NAME, SEX, BIRTH_DATE, DEATH_DATE, REG_DATE) values("DMO55065", "Evelyn", "Sanders", "F", "1938-05-21T01:35:19-04:00", null, "2014-08-08T18:13:33-04:00");
insert into PERSON_2(PID, WC, TG, HDL, BP, GLC) values("DMO55065", "80.6", "158.3", "47.5", "114/82", "115.5");
insert into PERSON_3(PID, TYPE_ID, IDENTITY_ID) values("DMO55065", "1", "000794790");
insert into ENCOUNTER(PID, ADMSN_TIME, CONTACT_DATE) values("DMO55065", "2014-08-09T19:27:41-04:00", "2014-08-09");

insert into PERSON(PID, FIRST_NAME, LAST_NAME, SEX, BIRTH_DATE, DEATH_DATE, REG_DATE) values("DMO00871", "Sydney", "Martinez", "F", "1946-06-21T04:36:45-04:00", null, "2014-05-06T13:29:39-04:00");
insert into PERSON_2(PID, WC, TG, HDL, BP, GLC) values("DMO00871", "80.3", "174.3", "30.2", "134/74", "80.6");
insert into PERSON_3(PID, TYPE_ID, IDENTITY_ID) values("DMO00871", "1", "009494685");
insert into ENCOUNTER(PID, ADMSN_TIME, CONTACT_DATE) values("DMO00871", "2014-05-08T06:18:42-04:00", "2014-05-08");

insert into PERSON(PID, FIRST_NAME, LAST_NAME, SEX, BIRTH_DATE, DEATH_DATE, REG_DATE) values("DMO05514", "Camila", "Rivera", "F", null, null, "2014-07-27T19:44:52-04:00");
insert into PERSON_2(PID, WC, TG, HDL, BP, GLC) values("DMO05514", "98.8", "138.0", "40.4", "149/104", "84.2");
insert into PERSON_3(PID, TYPE_ID, IDENTITY_ID) values("DMO05514", "1", "006099073");
insert into ENCOUNTER(PID, ADMSN_TIME, CONTACT_DATE) values("DMO05514", "2014-07-27T09:59:09-04:00", "2014-07-27");

insert into PERSON(PID, FIRST_NAME, LAST_NAME, SEX, BIRTH_DATE, DEATH_DATE, REG_DATE) values("DMO04369", "Naomi", "Patterson", "F", null, null, "2014-02-24T01:09:26-04:00");
insert into PERSON_2(PID, WC, TG, HDL, BP, GLC) values("DMO04369", "77.2", "148.2", "36.4", "154/71", "94.9");
insert into PERSON_3(PID, TYPE_ID, IDENTITY_ID) values("DMO04369", "1", "000735561");
insert into ENCOUNTER(PID, ADMSN_TIME, CONTACT_DATE) values("DMO04369", "2014-02-26T23:06:23-04:00", "2014-02-26");

insert into PERSON(PID, FIRST_NAME, LAST_NAME, SEX, BIRTH_DATE, DEATH_DATE, REG_DATE) values("DMO42770", "Hailey", "Lopez", "F", "1972-03-15T19:46:08-04:00", null, "2014-08-02T06:45:38-04:00");
insert into PERSON_2(PID, WC, TG, HDL, BP, GLC) values("DMO42770", "88.7", null, "35.5", "151/84", "104.1");
insert into PERSON_3(PID, TYPE_ID, IDENTITY_ID) values("DMO42770", "1", "002935160");
insert into ENCOUNTER(PID, ADMSN_TIME, CONTACT_DATE) values("DMO42770", "2014-08-02T16:25:18-04:00", "2014-08-02");

insert into PERSON(PID, FIRST_NAME, LAST_NAME, SEX, BIRTH_DATE, DEATH_DATE, REG_DATE) values("DMO09131", "Faith", "Hayes", "F", "1976-01-07T19:02:13-04:00", null, "2014-12-19T01:01:18-04:00");
insert into PERSON_2(PID, WC, TG, HDL, BP, GLC) values("DMO09131", "101.4", "167.0", "35.7", "115/73", "118.5");
insert into PERSON_3(PID, TYPE_ID, IDENTITY_ID) values("DMO09131", "1", "003147040");
insert into ENCOUNTER(PID, ADMSN_TIME, CONTACT_DATE) values("DMO09131", "2014-12-20T09:39:44-04:00", "2014-12-20");

insert into PERSON(PID, FIRST_NAME, LAST_NAME, SEX, BIRTH_DATE, DEATH_DATE, REG_DATE) values("DMO01075", "Christian", "Stewart", "M", "1990-05-28T16:08:33-04:00", null, "2014-12-13T10:41:08-04:00");
insert into PERSON_2(PID, WC, TG, HDL, BP, GLC) values("DMO01075", "117.8", "140.9", "41.4", "146/65", "90.4");
insert into PERSON_3(PID, TYPE_ID, IDENTITY_ID) values("DMO01075", "1", "005583120");
insert into ENCOUNTER(PID, ADMSN_TIME, CONTACT_DATE) values("DMO01075", "2014-12-15T19:03:00-04:00", "2014-12-15");

insert into PERSON(PID, FIRST_NAME, LAST_NAME, SEX, BIRTH_DATE, DEATH_DATE, REG_DATE) values("DMO38264", "Nicholas", "Lee", "M", "1968-04-23T19:32:04-04:00", null, "2014-08-28T16:17:17-04:00");
insert into PERSON_2(PID, WC, TG, HDL, BP, GLC) values("DMO38264", "103.5", "153.6", "36.3", "133/67", "108.5");
insert into PERSON_3(PID, TYPE_ID, IDENTITY_ID) values("DMO38264", "1", "001622837");
insert into ENCOUNTER(PID, ADMSN_TIME, CONTACT_DATE) values("DMO38264", "2014-08-30T23:14:22-04:00", "2014-08-30");

insert into PERSON(PID, FIRST_NAME, LAST_NAME, SEX, BIRTH_DATE, DEATH_DATE, REG_DATE) values("DMO07687", "Nolan", "Phillips", "M", null, null, "2014-03-23T23:30:06-04:00");
insert into PERSON_2(PID, WC, TG, HDL, BP, GLC) values("DMO07687", "111.2", "139.7", "34.3", "119/101", "104.6");
insert into PERSON_3(PID, TYPE_ID, IDENTITY_ID) values("DMO07687", "1", "003596813");
insert into ENCOUNTER(PID, ADMSN_TIME, CONTACT_DATE) values("DMO07687", "2014-03-24T10:02:03-04:00", "2014-03-24");

insert into PERSON(PID, FIRST_NAME, LAST_NAME, SEX, BIRTH_DATE, DEATH_DATE, REG_DATE) values("DMO88440", "Kennedy", "Patterson", "F", "1942-11-14T05:40:13-04:00", "2006-01-06T09:20:24-04:00", "2014-10-30T18:31:14-04:00");
insert into PERSON_2(PID, WC, TG, HDL, BP, GLC) values("DMO88440", "108.7", null, "34.8", "143/81", "117.8");
insert into PERSON_3(PID, TYPE_ID, IDENTITY_ID) values("DMO88440", "1", "005012638");
insert into ENCOUNTER(PID, ADMSN_TIME, CONTACT_DATE) values("DMO88440", "2014-10-31T18:09:03-04:00", "2014-10-31");

insert into PERSON(PID, FIRST_NAME, LAST_NAME, SEX, BIRTH_DATE, DEATH_DATE, REG_DATE) values("DMO55544", "Madeline", "Brown", "F", "1984-06-18T05:44:28-04:00", null, "2014-08-21T14:02:08-04:00");
insert into PERSON_2(PID, WC, TG, HDL, BP, GLC) values("DMO55544", "119.4", "166.6", "33.2", "117/68", "102.2");
insert into PERSON_3(PID, TYPE_ID, IDENTITY_ID) values("DMO55544", "1", "000875008");
insert into ENCOUNTER(PID, ADMSN_TIME, CONTACT_DATE) values("DMO55544", "2014-08-23T03:32:09-04:00", "2014-08-23");

insert into PERSON(PID, FIRST_NAME, LAST_NAME, SEX, BIRTH_DATE, DEATH_DATE, REG_DATE) values("DMO25476", "Samantha", "Perry", "F", "1938-02-09T15:38:47-04:00", null, "2014-07-07T18:23:49-04:00");
insert into PERSON_2(PID, WC, TG, HDL, BP, GLC) values("DMO25476", "122.6", "157.3", "34.6", "132/67", "118.8");
insert into PERSON_3(PID, TYPE_ID, IDENTITY_ID) values("DMO25476", "1", "004229797");
insert into ENCOUNTER(PID, ADMSN_TIME, CONTACT_DATE) values("DMO25476", "2014-07-07T17:14:17-04:00", "2014-07-07");

insert into PERSON(PID, FIRST_NAME, LAST_NAME, SEX, BIRTH_DATE, DEATH_DATE, REG_DATE) values("DMO32802", "Zoey", "Robinson", "F", "1980-06-21T10:55:58-04:00", null, "2014-06-12T02:58:25-04:00");
insert into PERSON_2(PID, WC, TG, HDL, BP, GLC) values("DMO32802", "98.3", "149.0", "42.5", "110/98", "87.1");
insert into PERSON_3(PID, TYPE_ID, IDENTITY_ID) values("DMO32802", "1", "003887527");
insert into ENCOUNTER(PID, ADMSN_TIME, CONTACT_DATE) values("DMO32802", "2014-06-12T06:20:21-04:00", "2014-06-12");

insert into PERSON(PID, FIRST_NAME, LAST_NAME, SEX, BIRTH_DATE, DEATH_DATE, REG_DATE) values("DMO05758", "Chloe", "Phillips", "F", "2008-10-09T19:55:49-04:00", null, "2014-02-20T09:43:03-04:00");
insert into PERSON_2(PID, WC, TG, HDL, BP, GLC) values("DMO05758", "78.3", "168.6", "33.5", "115/79", "89.3");
insert into PERSON_3(PID, TYPE_ID, IDENTITY_ID) values("DMO05758", "1", "005839977");
insert into ENCOUNTER(PID, ADMSN_TIME, CONTACT_DATE) values("DMO05758", "2014-02-22T05:48:10-04:00", "2014-02-22");

insert into PERSON(PID, FIRST_NAME, LAST_NAME, SEX, BIRTH_DATE, DEATH_DATE, REG_DATE) values("DMO09596", "London", "Smith", "F", null, null, "2014-05-22T02:59:37-04:00");
insert into PERSON_2(PID, WC, TG, HDL, BP, GLC) values("DMO09596", "112.3", "126.6", "46.9", "120/72", "111.4");
insert into PERSON_3(PID, TYPE_ID, IDENTITY_ID) values("DMO09596", "1", "008330776");
insert into ENCOUNTER(PID, ADMSN_TIME, CONTACT_DATE) values("DMO09596", "2014-05-22T13:55:47-04:00", "2014-05-22");

insert into PERSON(PID, FIRST_NAME, LAST_NAME, SEX, BIRTH_DATE, DEATH_DATE, REG_DATE) values("DMO71470", "Dylan", "Hall", "M", "2003-02-03T22:43:51-04:00", null, "2014-08-14T02:48:41-04:00");
insert into PERSON_2(PID, WC, TG, HDL, BP, GLC) values("DMO71470", "118.4", "178.7", "37.2", "147/69", null);
insert into PERSON_3(PID, TYPE_ID, IDENTITY_ID) values("DMO71470", "1", "006220284");
insert into ENCOUNTER(PID, ADMSN_TIME, CONTACT_DATE) values("DMO71470", "2014-08-16T21:46:51-04:00", "2014-08-16");

insert into PERSON(PID, FIRST_NAME, LAST_NAME, SEX, BIRTH_DATE, DEATH_DATE, REG_DATE) values("DMO59438", "Luis", "Richardson", "M", "1935-01-04T05:30:33-04:00", null, "2014-10-26T20:50:38-04:00");
insert into PERSON_2(PID, WC, TG, HDL, BP, GLC) values("DMO59438", "98.9", "130.5", "45.1", "122/88", "95.7");
insert into PERSON_3(PID, TYPE_ID, IDENTITY_ID) values("DMO59438", "1", "009501206");
insert into ENCOUNTER(PID, ADMSN_TIME, CONTACT_DATE) values("DMO59438", "2014-10-27T14:41:09-04:00", "2014-10-27");

insert into PERSON(PID, FIRST_NAME, LAST_NAME, SEX, BIRTH_DATE, DEATH_DATE, REG_DATE) values("DMO59034", "Amelia", "Nelson", "F", "2012-07-13T00:01:36-04:00", null, "2014-09-22T20:47:25-04:00");
insert into PERSON_2(PID, WC, TG, HDL, BP, GLC) values("DMO59034", "76.7", "136.7", "41.0", "118/84", "92.9");
insert into PERSON_3(PID, TYPE_ID, IDENTITY_ID) values("DMO59034", "1", "003377022");
insert into ENCOUNTER(PID, ADMSN_TIME, CONTACT_DATE) values("DMO59034", "2014-09-22T17:46:01-04:00", "2014-09-22");

insert into PERSON(PID, FIRST_NAME, LAST_NAME, SEX, BIRTH_DATE, DEATH_DATE, REG_DATE) values("DMO94564", "Riley", "Cooper", "F", "1999-05-31T00:55:39-04:00", null, "2014-01-29T01:13:02-04:00");
insert into PERSON_2(PID, WC, TG, HDL, BP, GLC) values("DMO94564", "98.6", "129.7", "34.6", "117/74", "81.2");
insert into PERSON_3(PID, TYPE_ID, IDENTITY_ID) values("DMO94564", "1", "000271718");
insert into ENCOUNTER(PID, ADMSN_TIME, CONTACT_DATE) values("DMO94564", "2014-01-31T13:55:29-04:00", "2014-01-31");

insert into PERSON(PID, FIRST_NAME, LAST_NAME, SEX, BIRTH_DATE, DEATH_DATE, REG_DATE) values("DMO27109", "Oliver", "Anderson", "M", "2008-10-01T16:23:32-04:00", null, "2014-12-25T04:10:26-04:00");
insert into PERSON_2(PID, WC, TG, HDL, BP, GLC) values("DMO27109", "110.0", "133.3", null, "112/102", "87.6");
insert into PERSON_3(PID, TYPE_ID, IDENTITY_ID) values("DMO27109", "1", "008159688");
insert into ENCOUNTER(PID, ADMSN_TIME, CONTACT_DATE) values("DMO27109", "2014-12-26T00:47:13-04:00", "2014-12-26");

insert into PERSON(PID, FIRST_NAME, LAST_NAME, SEX, BIRTH_DATE, DEATH_DATE, REG_DATE) values("DMO40421", "Hailey", "Gonzales", "F", "1993-04-16T16:10:13-04:00", null, "2014-11-18T18:31:28-04:00");
insert into PERSON_2(PID, WC, TG, HDL, BP, GLC) values("DMO40421", "92.3", "166.1", "37.5", "106/89", "94.2");
insert into PERSON_3(PID, TYPE_ID, IDENTITY_ID) values("DMO40421", "1", "002717884");
insert into ENCOUNTER(PID, ADMSN_TIME, CONTACT_DATE) values("DMO40421", "2014-11-20T20:54:20-04:00", "2014-11-20");

insert into PERSON(PID, FIRST_NAME, LAST_NAME, SEX, BIRTH_DATE, DEATH_DATE, REG_DATE) values("DMO35154", "Annabelle", "Carter", "F", "1957-05-24T16:09:20-04:00", null, "2014-07-13T15:10:37-04:00");
insert into PERSON_2(PID, WC, TG, HDL, BP, GLC) values("DMO35154", "120.4", "169.8", null, "151/81", null);
insert into PERSON_3(PID, TYPE_ID, IDENTITY_ID) values("DMO35154", "1", "007659013");
insert into ENCOUNTER(PID, ADMSN_TIME, CONTACT_DATE) values("DMO35154", "2014-07-15T03:42:24-04:00", "2014-07-15");

insert into PERSON(PID, FIRST_NAME, LAST_NAME, SEX, BIRTH_DATE, DEATH_DATE, REG_DATE) values("DMO79774", "Savannah", "Lee", "F", "1978-07-31T02:20:22-04:00", null, "2014-08-09T11:20:14-04:00");
insert into PERSON_2(PID, WC, TG, HDL, BP, GLC) values("DMO79774", "104.5", "164.4", "49.2", "125/102", "87.5");
insert into PERSON_3(PID, TYPE_ID, IDENTITY_ID) values("DMO79774", "1", "004699152");
insert into ENCOUNTER(PID, ADMSN_TIME, CONTACT_DATE) values("DMO79774", "2014-08-10T03:12:39-04:00", "2014-08-10");

insert into PERSON(PID, FIRST_NAME, LAST_NAME, SEX, BIRTH_DATE, DEATH_DATE, REG_DATE) values("DMO43268", "Isaiah", "Rogers", "M", "1993-02-19T02:39:25-04:00", null, "2014-03-09T21:16:18-04:00");
insert into PERSON_2(PID, WC, TG, HDL, BP, GLC) values("DMO43268", "89.8", "164.1", "42.1", "140/77", "84.0");
insert into PERSON_3(PID, TYPE_ID, IDENTITY_ID) values("DMO43268", "1", "000683678");
insert into ENCOUNTER(PID, ADMSN_TIME, CONTACT_DATE) values("DMO43268", "2014-03-10T23:09:31-04:00", "2014-03-10");

insert into PERSON(PID, FIRST_NAME, LAST_NAME, SEX, BIRTH_DATE, DEATH_DATE, REG_DATE) values("DMO36159", "Austin", "Mitchell", "M", null, null, "2014-06-23T12:45:04-04:00");
insert into PERSON_2(PID, WC, TG, HDL, BP, GLC) values("DMO36159", "109.2", "177.7", "47.0", "150/67", "119.0");
insert into PERSON_3(PID, TYPE_ID, IDENTITY_ID) values("DMO36159", "1", "007958284");
insert into ENCOUNTER(PID, ADMSN_TIME, CONTACT_DATE) values("DMO36159", "2014-06-23T22:34:36-04:00", "2014-06-23");

insert into PERSON(PID, FIRST_NAME, LAST_NAME, SEX, BIRTH_DATE, DEATH_DATE, REG_DATE) values("DMO19213", "Samuel", "Long", "M", "1994-01-17T22:47:34-04:00", null, "2014-12-03T23:11:11-04:00");
insert into PERSON_2(PID, WC, TG, HDL, BP, GLC) values("DMO19213", "105.7", "134.6", null, "118/72", "113.5");
insert into PERSON_3(PID, TYPE_ID, IDENTITY_ID) values("DMO19213", "1", "009721139");
insert into ENCOUNTER(PID, ADMSN_TIME, CONTACT_DATE) values("DMO19213", "2014-12-05T14:17:03-04:00", "2014-12-05");

insert into PERSON(PID, FIRST_NAME, LAST_NAME, SEX, BIRTH_DATE, DEATH_DATE, REG_DATE) values("DMO34573", "Charles", "Wood", "M", "1949-06-14T22:44:09-04:00", null, "2014-01-02T02:07:05-04:00");
insert into PERSON_2(PID, WC, TG, HDL, BP, GLC) values("DMO34573", "112.0", "127.8", "40.6", "112/91", "82.9");
insert into PERSON_3(PID, TYPE_ID, IDENTITY_ID) values("DMO34573", "1", "009798993");
insert into ENCOUNTER(PID, ADMSN_TIME, CONTACT_DATE) values("DMO34573", "2014-01-03T15:42:46-04:00", "2014-01-03");

insert into PERSON(PID, FIRST_NAME, LAST_NAME, SEX, BIRTH_DATE, DEATH_DATE, REG_DATE) values("DMO90095", "Jason", "Turner", "M", "1960-10-13T06:30:10-04:00", null, "2014-01-23T21:09:32-04:00");
insert into PERSON_2(PID, WC, TG, HDL, BP, GLC) values("DMO90095", "80.6", null, null, "138/74", "110.1");
insert into PERSON_3(PID, TYPE_ID, IDENTITY_ID) values("DMO90095", "1", "002557720");
insert into ENCOUNTER(PID, ADMSN_TIME, CONTACT_DATE) values("DMO90095", "2014-01-23T02:35:01-04:00", "2014-01-23");

insert into PERSON(PID, FIRST_NAME, LAST_NAME, SEX, BIRTH_DATE, DEATH_DATE, REG_DATE) values("DMO03795", "Katherine", "Collins", "F", null, null, "2014-08-24T02:01:58-04:00");
insert into PERSON_2(PID, WC, TG, HDL, BP, GLC) values("DMO03795", "94.7", "158.7", "46.1", "124/77", "97.7");
insert into PERSON_3(PID, TYPE_ID, IDENTITY_ID) values("DMO03795", "1", "002396996");
insert into ENCOUNTER(PID, ADMSN_TIME, CONTACT_DATE) values("DMO03795", "2014-08-24T02:29:59-04:00", "2014-08-24");

insert into PERSON(PID, FIRST_NAME, LAST_NAME, SEX, BIRTH_DATE, DEATH_DATE, REG_DATE) values("DMO90430", "Daniel", "Parker", "M", "1994-02-14T21:33:15-04:00", null, "2014-07-13T10:30:48-04:00");
insert into PERSON_2(PID, WC, TG, HDL, BP, GLC) values("DMO90430", "102.5", "154.4", "35.8", "149/71", "87.9");
insert into PERSON_3(PID, TYPE_ID, IDENTITY_ID) values("DMO90430", "1", "008123731");
insert into ENCOUNTER(PID, ADMSN_TIME, CONTACT_DATE) values("DMO90430", "2014-07-13T15:05:58-04:00", "2014-07-13");

insert into PERSON(PID, FIRST_NAME, LAST_NAME, SEX, BIRTH_DATE, DEATH_DATE, REG_DATE) values("DMO00234", "Austin", "Mitchell", "M", "1947-08-30T01:46:13-04:00", null, "2014-10-26T14:51:09-04:00");
insert into PERSON_2(PID, WC, TG, HDL, BP, GLC) values("DMO00234", "113.9", "151.9", "30.5", "132/90", "91.4");
insert into PERSON_3(PID, TYPE_ID, IDENTITY_ID) values("DMO00234", "1", "000581825");
insert into ENCOUNTER(PID, ADMSN_TIME, CONTACT_DATE) values("DMO00234", "2014-10-28T23:52:47-04:00", "2014-10-28");

insert into PERSON(PID, FIRST_NAME, LAST_NAME, SEX, BIRTH_DATE, DEATH_DATE, REG_DATE) values("DMO44825", "Joshua", "Wood", "M", "1976-10-16T05:48:30-04:00", null, "2014-03-31T06:16:33-04:00");
insert into PERSON_2(PID, WC, TG, HDL, BP, GLC) values("DMO44825", "98.1", "152.6", "35.9", "109/78", "83.2");
insert into PERSON_3(PID, TYPE_ID, IDENTITY_ID) values("DMO44825", "1", "004607562");
insert into ENCOUNTER(PID, ADMSN_TIME, CONTACT_DATE) values("DMO44825", "2014-04-01T14:07:30-04:00", "2014-04-01");

insert into PERSON(PID, FIRST_NAME, LAST_NAME, SEX, BIRTH_DATE, DEATH_DATE, REG_DATE) values("DMO53178", "Eva", "Martin", "F", "1952-01-05T18:22:25-04:00", null, "2014-02-27T05:17:09-04:00");
insert into PERSON_2(PID, WC, TG, HDL, BP, GLC) values("DMO53178", "85.9", null, "37.6", "146/84", "108.7");
insert into PERSON_3(PID, TYPE_ID, IDENTITY_ID) values("DMO53178", "1", "007154367");
insert into ENCOUNTER(PID, ADMSN_TIME, CONTACT_DATE) values("DMO53178", "2014-02-27T14:32:20-04:00", "2014-02-27");

insert into PERSON(PID, FIRST_NAME, LAST_NAME, SEX, BIRTH_DATE, DEATH_DATE, REG_DATE) values("DMO10453", "Logan", "Simmons", "M", "1967-03-13T06:33:30-04:00", null, "2014-05-03T05:53:38-04:00");
insert into PERSON_2(PID, WC, TG, HDL, BP, GLC) values("DMO10453", null, null, "41.1", "144/78", "116.5");
insert into PERSON_3(PID, TYPE_ID, IDENTITY_ID) values("DMO10453", "1", "000903923");
insert into ENCOUNTER(PID, ADMSN_TIME, CONTACT_DATE) values("DMO10453", "2014-05-03T08:39:46-04:00", "2014-05-03");

insert into PERSON(PID, FIRST_NAME, LAST_NAME, SEX, BIRTH_DATE, DEATH_DATE, REG_DATE) values("DMO19723", "Victoria", "Thompson", "F", "1945-07-13T05:57:54-04:00", "1985-12-08T11:37:15-04:00", "2014-04-09T10:07:11-04:00");
insert into PERSON_2(PID, WC, TG, HDL, BP, GLC) values("DMO19723", "104.9", "130.1", "40.0", "115/92", "87.5");
insert into PERSON_3(PID, TYPE_ID, IDENTITY_ID) values("DMO19723", "1", "004752978");
insert into ENCOUNTER(PID, ADMSN_TIME, CONTACT_DATE) values("DMO19723", "2014-04-09T06:16:45-04:00", "2014-04-09");

insert into PERSON(PID, FIRST_NAME, LAST_NAME, SEX, BIRTH_DATE, DEATH_DATE, REG_DATE) values("DMO27099", "Elijah", "Foster", "M", "2007-08-02T05:27:13-04:00", null, "2014-07-17T17:26:10-04:00");
insert into PERSON_2(PID, WC, TG, HDL, BP, GLC) values("DMO27099", "85.2", "138.4", "40.5", "111/78", "95.5");
insert into PERSON_3(PID, TYPE_ID, IDENTITY_ID) values("DMO27099", "1", "001332071");
insert into ENCOUNTER(PID, ADMSN_TIME, CONTACT_DATE) values("DMO27099", "2014-07-17T02:14:30-04:00", "2014-07-17");

insert into PERSON(PID, FIRST_NAME, LAST_NAME, SEX, BIRTH_DATE, DEATH_DATE, REG_DATE) values("DMO93486", "Makayla", "Robinson", "F", null, null, "2014-12-27T17:37:04-04:00");
insert into PERSON_2(PID, WC, TG, HDL, BP, GLC) values("DMO93486", "99.1", "143.0", "39.7", "151/86", "96.2");
insert into PERSON_3(PID, TYPE_ID, IDENTITY_ID) values("DMO93486", "1", "002481487");
insert into ENCOUNTER(PID, ADMSN_TIME, CONTACT_DATE) values("DMO93486", "2014-12-27T20:15:48-04:00", "2014-12-27");

insert into PERSON(PID, FIRST_NAME, LAST_NAME, SEX, BIRTH_DATE, DEATH_DATE, REG_DATE) values("DMO44822", "Liam", "Allen", "M", "2008-11-04T23:00:38-04:00", null, "2014-12-23T02:07:49-04:00");
insert into PERSON_2(PID, WC, TG, HDL, BP, GLC) values("DMO44822", "114.1", "142.1", "42.6", "108/75", "117.0");
insert into PERSON_3(PID, TYPE_ID, IDENTITY_ID) values("DMO44822", "1", "003519976");
insert into ENCOUNTER(PID, ADMSN_TIME, CONTACT_DATE) values("DMO44822", "2014-12-25T06:51:43-04:00", "2014-12-25");

insert into PERSON(PID, FIRST_NAME, LAST_NAME, SEX, BIRTH_DATE, DEATH_DATE, REG_DATE) values("DMO84995", "Angel", "Torres", "M", null, null, "2014-02-01T20:05:31-04:00");
insert into PERSON_2(PID, WC, TG, HDL, BP, GLC) values("DMO84995", "79.7", "125.5", "46.5", "154/75", "100.2");
insert into PERSON_3(PID, TYPE_ID, IDENTITY_ID) values("DMO84995", "1", "005533080");
insert into ENCOUNTER(PID, ADMSN_TIME, CONTACT_DATE) values("DMO84995", "2014-02-03T18:46:14-04:00", "2014-02-03");

insert into PERSON(PID, FIRST_NAME, LAST_NAME, SEX, BIRTH_DATE, DEATH_DATE, REG_DATE) values("DMO14034", "Annabelle", "Thompson", "F", "2007-02-08T09:21:21-04:00", null, "2014-02-03T10:42:01-04:00");
insert into PERSON_2(PID, WC, TG, HDL, BP, GLC) values("DMO14034", "111.9", "120.8", "33.1", "105/66", "88.1");
insert into PERSON_3(PID, TYPE_ID, IDENTITY_ID) values("DMO14034", "1", "006676889");
insert into ENCOUNTER(PID, ADMSN_TIME, CONTACT_DATE) values("DMO14034", "2014-02-05T12:42:57-04:00", "2014-02-05");

insert into PERSON(PID, FIRST_NAME, LAST_NAME, SEX, BIRTH_DATE, DEATH_DATE, REG_DATE) values("DMO14953", "Lillian", "Allen", "F", "1999-01-29T08:54:51-04:00", null, "2014-01-26T21:52:29-04:00");
insert into PERSON_2(PID, WC, TG, HDL, BP, GLC) values("DMO14953", "90.2", "142.4", null, "148/92", "85.5");
insert into PERSON_3(PID, TYPE_ID, IDENTITY_ID) values("DMO14953", "1", "000188233");
insert into ENCOUNTER(PID, ADMSN_TIME, CONTACT_DATE) values("DMO14953", "2014-01-28T07:48:39-04:00", "2014-01-28");

insert into PERSON(PID, FIRST_NAME, LAST_NAME, SEX, BIRTH_DATE, DEATH_DATE, REG_DATE) values("DMO01132", "Elizabeth", "Green", "F", "1946-12-27T19:57:43-04:00", null, "2014-12-03T08:12:32-04:00");
insert into PERSON_2(PID, WC, TG, HDL, BP, GLC) values("DMO01132", "85.4", null, "47.5", "139/65", null);
insert into PERSON_3(PID, TYPE_ID, IDENTITY_ID) values("DMO01132", "1", "000511371");
insert into ENCOUNTER(PID, ADMSN_TIME, CONTACT_DATE) values("DMO01132", "2014-12-05T10:18:52-04:00", "2014-12-05");

insert into PERSON(PID, FIRST_NAME, LAST_NAME, SEX, BIRTH_DATE, DEATH_DATE, REG_DATE) values("DMO49966", "Leah", "Diaz", "F", "1999-01-02T01:26:54-04:00", null, "2014-10-29T09:18:08-04:00");
insert into PERSON_2(PID, WC, TG, HDL, BP, GLC) values("DMO49966", "117.4", "124.8", "39.8", "153/87", "109.6");
insert into PERSON_3(PID, TYPE_ID, IDENTITY_ID) values("DMO49966", "1", "004863451");
insert into ENCOUNTER(PID, ADMSN_TIME, CONTACT_DATE) values("DMO49966", "2014-10-30T17:55:55-04:00", "2014-10-30");

insert into PERSON(PID, FIRST_NAME, LAST_NAME, SEX, BIRTH_DATE, DEATH_DATE, REG_DATE) values("DMO47063", "Alyssa", "Morgan", "F", "1982-06-06T22:21:11-04:00", null, "2014-03-17T09:06:22-04:00");
insert into PERSON_2(PID, WC, TG, HDL, BP, GLC) values("DMO47063", null, "139.8", "32.3", "153/84", "106.4");
insert into PERSON_3(PID, TYPE_ID, IDENTITY_ID) values("DMO47063", "1", "009616075");
insert into ENCOUNTER(PID, ADMSN_TIME, CONTACT_DATE) values("DMO47063", "2014-03-18T10:55:07-04:00", "2014-03-18");

insert into PERSON(PID, FIRST_NAME, LAST_NAME, SEX, BIRTH_DATE, DEATH_DATE, REG_DATE) values("DMO19228", "Ava", "Russell", "F", "1968-01-30T05:54:10-04:00", null, "2014-06-17T10:53:47-04:00");
insert into PERSON_2(PID, WC, TG, HDL, BP, GLC) values("DMO19228", "110.0", "172.9", "49.0", "133/79", "86.5");
insert into PERSON_3(PID, TYPE_ID, IDENTITY_ID) values("DMO19228", "1", "009883834");
insert into ENCOUNTER(PID, ADMSN_TIME, CONTACT_DATE) values("DMO19228", "2014-06-18T12:45:20-04:00", "2014-06-18");

insert into PERSON(PID, FIRST_NAME, LAST_NAME, SEX, BIRTH_DATE, DEATH_DATE, REG_DATE) values("DMO23815", "Jackson", "Moore", "M", "1944-01-23T04:04:44-04:00", null, "2014-08-21T18:57:11-04:00");
insert into PERSON_2(PID, WC, TG, HDL, BP, GLC) values("DMO23815", "108.3", "141.4", "49.8", "128/73", "99.9");
insert into PERSON_3(PID, TYPE_ID, IDENTITY_ID) values("DMO23815", "1", "002107764");
insert into ENCOUNTER(PID, ADMSN_TIME, CONTACT_DATE) values("DMO23815", "2014-08-22T04:52:32-04:00", "2014-08-22");

insert into PERSON(PID, FIRST_NAME, LAST_NAME, SEX, BIRTH_DATE, DEATH_DATE, REG_DATE) values("DMO67407", "Julian", "Smith", "M", "1937-04-19T03:22:36-04:00", null, "2014-07-30T02:04:45-04:00");
insert into PERSON_2(PID, WC, TG, HDL, BP, GLC) values("DMO67407", null, "175.1", "40.6", "154/94", "110.3");
insert into PERSON_3(PID, TYPE_ID, IDENTITY_ID) values("DMO67407", "1", "007680632");
insert into ENCOUNTER(PID, ADMSN_TIME, CONTACT_DATE) values("DMO67407", "2014-07-31T02:45:04-04:00", "2014-07-31");

insert into PERSON(PID, FIRST_NAME, LAST_NAME, SEX, BIRTH_DATE, DEATH_DATE, REG_DATE) values("DMO58630", "Brandon", "Wright", "M", "1963-12-05T02:17:23-04:00", "2005-11-12T14:26:22-04:00", "2014-09-14T04:37:57-04:00");
insert into PERSON_2(PID, WC, TG, HDL, BP, GLC) values("DMO58630", "77.0", null, "33.8", "128/103", "83.6");
insert into PERSON_3(PID, TYPE_ID, IDENTITY_ID) values("DMO58630", "1", "003063610");
insert into ENCOUNTER(PID, ADMSN_TIME, CONTACT_DATE) values("DMO58630", "2014-09-16T11:26:28-04:00", "2014-09-16");

insert into PERSON(PID, FIRST_NAME, LAST_NAME, SEX, BIRTH_DATE, DEATH_DATE, REG_DATE) values("DMO96951", "Evelyn", "White", "F", "2003-07-18T02:44:43-04:00", null, "2014-04-24T12:46:22-04:00");
insert into PERSON_2(PID, WC, TG, HDL, BP, GLC) values("DMO96951", "112.1", "141.0", "41.6", "142/97", "114.7");
insert into PERSON_3(PID, TYPE_ID, IDENTITY_ID) values("DMO96951", "1", "005699502");
insert into ENCOUNTER(PID, ADMSN_TIME, CONTACT_DATE) values("DMO96951", "2014-04-26T22:28:06-04:00", "2014-04-26");

insert into PERSON(PID, FIRST_NAME, LAST_NAME, SEX, BIRTH_DATE, DEATH_DATE, REG_DATE) values("DMO58712", "Kaylee", "Hayes", "F", "1969-02-11T11:19:54-04:00", null, "2014-09-08T10:27:40-04:00");
insert into PERSON_2(PID, WC, TG, HDL, BP, GLC) values("DMO58712", "91.7", "148.8", "36.6", "121/93", "110.5");
insert into PERSON_3(PID, TYPE_ID, IDENTITY_ID) values("DMO58712", "1", "007586432");
insert into ENCOUNTER(PID, ADMSN_TIME, CONTACT_DATE) values("DMO58712", "2014-09-08T21:15:30-04:00", "2014-09-08");

insert into PERSON(PID, FIRST_NAME, LAST_NAME, SEX, BIRTH_DATE, DEATH_DATE, REG_DATE) values("DMO88570", "Cooper", "Thompson", "M", "1999-03-04T17:21:38-04:00", null, "2014-03-03T12:42:31-04:00");
insert into PERSON_2(PID, WC, TG, HDL, BP, GLC) values("DMO88570", "97.3", "127.5", "32.3", "143/103", "116.2");
insert into PERSON_3(PID, TYPE_ID, IDENTITY_ID) values("DMO88570", "1", "007368653");
insert into ENCOUNTER(PID, ADMSN_TIME, CONTACT_DATE) values("DMO88570", "2014-03-05T02:38:55-04:00", "2014-03-05");

insert into PERSON(PID, FIRST_NAME, LAST_NAME, SEX, BIRTH_DATE, DEATH_DATE, REG_DATE) values("DMO86513", "Camden", "Washington", "M", "1998-06-16T22:56:10-04:00", null, "2014-11-15T11:59:03-04:00");
insert into PERSON_2(PID, WC, TG, HDL, BP, GLC) values("DMO86513", "79.6", "156.3", "36.2", "105/75", "110.7");
insert into PERSON_3(PID, TYPE_ID, IDENTITY_ID) values("DMO86513", "1", "005592741");
insert into ENCOUNTER(PID, ADMSN_TIME, CONTACT_DATE) values("DMO86513", "2014-11-15T10:45:21-04:00", "2014-11-15");

insert into PERSON(PID, FIRST_NAME, LAST_NAME, SEX, BIRTH_DATE, DEATH_DATE, REG_DATE) values("DMO06294", "Penelope", "Stewart", "F", "1993-08-17T15:42:46-04:00", null, "2014-03-03T11:29:51-04:00");
insert into PERSON_2(PID, WC, TG, HDL, BP, GLC) values("DMO06294", "118.8", "120.8", null, "118/94", "116.8");
insert into PERSON_3(PID, TYPE_ID, IDENTITY_ID) values("DMO06294", "1", "006315574");
insert into ENCOUNTER(PID, ADMSN_TIME, CONTACT_DATE) values("DMO06294", "2014-03-04T20:04:36-04:00", "2014-03-04");

insert into PERSON(PID, FIRST_NAME, LAST_NAME, SEX, BIRTH_DATE, DEATH_DATE, REG_DATE) values("DMO20782", "Benjamin", "Russell", "M", "1998-03-29T23:39:32-04:00", null, "2014-02-18T18:59:37-04:00");
insert into PERSON_2(PID, WC, TG, HDL, BP, GLC) values("DMO20782", "122.6", "142.8", "47.7", "116/82", "92.8");
insert into PERSON_3(PID, TYPE_ID, IDENTITY_ID) values("DMO20782", "1", "008261021");
insert into ENCOUNTER(PID, ADMSN_TIME, CONTACT_DATE) values("DMO20782", "2014-02-19T17:53:52-04:00", "2014-02-19");

insert into PERSON(PID, FIRST_NAME, LAST_NAME, SEX, BIRTH_DATE, DEATH_DATE, REG_DATE) values("DMO52599", "Anna", "Lee", "F", "1984-08-05T00:37:56-04:00", null, "2014-11-16T15:21:30-04:00");
insert into PERSON_2(PID, WC, TG, HDL, BP, GLC) values("DMO52599", "82.5", "144.0", "30.0", "134/88", "103.3");
insert into PERSON_3(PID, TYPE_ID, IDENTITY_ID) values("DMO52599", "1", "009457820");
insert into ENCOUNTER(PID, ADMSN_TIME, CONTACT_DATE) values("DMO52599", "2014-11-17T19:36:25-04:00", "2014-11-17");

insert into PERSON(PID, FIRST_NAME, LAST_NAME, SEX, BIRTH_DATE, DEATH_DATE, REG_DATE) values("DMO54889", "Alexa", "Evans", "F", "1957-06-11T18:21:16-04:00", null, "2014-02-23T19:45:18-04:00");
insert into PERSON_2(PID, WC, TG, HDL, BP, GLC) values("DMO54889", "94.6", "133.9", "37.9", "140/74", "111.1");
insert into PERSON_3(PID, TYPE_ID, IDENTITY_ID) values("DMO54889", "1", "006782047");
insert into ENCOUNTER(PID, ADMSN_TIME, CONTACT_DATE) values("DMO54889", "2014-02-25T06:44:12-04:00", "2014-02-25");

insert into PERSON(PID, FIRST_NAME, LAST_NAME, SEX, BIRTH_DATE, DEATH_DATE, REG_DATE) values("DMO50975", "Sydney", "Bailey", "F", "1971-08-24T03:13:39-04:00", null, "2014-09-08T03:20:07-04:00");
insert into PERSON_2(PID, WC, TG, HDL, BP, GLC) values("DMO50975", null, "141.9", "35.1", "154/75", "81.5");
insert into PERSON_3(PID, TYPE_ID, IDENTITY_ID) values("DMO50975", "1", "004508022");
insert into ENCOUNTER(PID, ADMSN_TIME, CONTACT_DATE) values("DMO50975", "2014-09-08T23:23:35-04:00", "2014-09-08");

insert into PERSON(PID, FIRST_NAME, LAST_NAME, SEX, BIRTH_DATE, DEATH_DATE, REG_DATE) values("DMO64256", "Connor", "Perry", "M", "1964-09-18T23:44:39-04:00", null, "2014-07-04T08:08:17-04:00");
insert into PERSON_2(PID, WC, TG, HDL, BP, GLC) values("DMO64256", "109.8", "173.6", "42.8", "141/97", "101.1");
insert into PERSON_3(PID, TYPE_ID, IDENTITY_ID) values("DMO64256", "1", "002419696");
insert into ENCOUNTER(PID, ADMSN_TIME, CONTACT_DATE) values("DMO64256", "2014-07-06T20:44:45-04:00", "2014-07-06");

insert into PERSON(PID, FIRST_NAME, LAST_NAME, SEX, BIRTH_DATE, DEATH_DATE, REG_DATE) values("DMO98036", "Oliver", "Reed", "M", "1970-02-07T06:53:35-04:00", null, "2014-11-13T21:14:32-04:00");
insert into PERSON_2(PID, WC, TG, HDL, BP, GLC) values("DMO98036", "124.6", "130.4", "48.2", "148/86", "116.5");
insert into PERSON_3(PID, TYPE_ID, IDENTITY_ID) values("DMO98036", "1", "007913832");
insert into ENCOUNTER(PID, ADMSN_TIME, CONTACT_DATE) values("DMO98036", "2014-11-13T09:21:44-04:00", "2014-11-13");

insert into PERSON(PID, FIRST_NAME, LAST_NAME, SEX, BIRTH_DATE, DEATH_DATE, REG_DATE) values("DMO86804", "Olivia", "King", "F", "1996-12-13T22:28:09-04:00", null, "2014-10-04T06:41:33-04:00");
insert into PERSON_2(PID, WC, TG, HDL, BP, GLC) values("DMO86804", "113.8", "128.4", "38.5", "131/84", "88.3");
insert into PERSON_3(PID, TYPE_ID, IDENTITY_ID) values("DMO86804", "1", "004067326");
insert into ENCOUNTER(PID, ADMSN_TIME, CONTACT_DATE) values("DMO86804", "2014-10-05T12:54:32-04:00", "2014-10-05");

insert into PERSON(PID, FIRST_NAME, LAST_NAME, SEX, BIRTH_DATE, DEATH_DATE, REG_DATE) values("DMO81999", "Skylar", "Gonzalez", "F", "1998-04-09T08:59:03-04:00", null, "2014-06-11T19:07:54-04:00");
insert into PERSON_2(PID, WC, TG, HDL, BP, GLC) values("DMO81999", "115.4", "161.6", "37.6", "119/91", null);
insert into PERSON_3(PID, TYPE_ID, IDENTITY_ID) values("DMO81999", "1", "002853108");
insert into ENCOUNTER(PID, ADMSN_TIME, CONTACT_DATE) values("DMO81999", "2014-06-11T13:45:10-04:00", "2014-06-11");

insert into PERSON(PID, FIRST_NAME, LAST_NAME, SEX, BIRTH_DATE, DEATH_DATE, REG_DATE) values("DMO01514", "Isabella", "Baker", "F", "1939-09-28T18:57:35-04:00", null, "2014-05-16T06:22:09-04:00");
insert into PERSON_2(PID, WC, TG, HDL, BP, GLC) values("DMO01514", "85.2", "139.2", null, "122/98", "81.3");
insert into PERSON_3(PID, TYPE_ID, IDENTITY_ID) values("DMO01514", "1", "000440368");
insert into ENCOUNTER(PID, ADMSN_TIME, CONTACT_DATE) values("DMO01514", "2014-05-16T16:24:16-04:00", "2014-05-16");

insert into PERSON(PID, FIRST_NAME, LAST_NAME, SEX, BIRTH_DATE, DEATH_DATE, REG_DATE) values("DMO72665", "Maya", "Martin", "F", "1979-10-10T13:12:23-04:00", null, "2014-08-21T17:03:39-04:00");
insert into PERSON_2(PID, WC, TG, HDL, BP, GLC) values("DMO72665", "100.5", "148.4", "46.7", "133/87", "102.4");
insert into PERSON_3(PID, TYPE_ID, IDENTITY_ID) values("DMO72665", "1", "009909189");
insert into ENCOUNTER(PID, ADMSN_TIME, CONTACT_DATE) values("DMO72665", "2014-08-21T06:06:49-04:00", "2014-08-21");

insert into PERSON(PID, FIRST_NAME, LAST_NAME, SEX, BIRTH_DATE, DEATH_DATE, REG_DATE) values("DMO86939", "Sarah", "Rivera", "F", "1950-07-15T23:55:18-04:00", null, "2014-07-05T05:22:40-04:00");
insert into PERSON_2(PID, WC, TG, HDL, BP, GLC) values("DMO86939", null, "136.2", "42.2", "117/97", "108.2");
insert into PERSON_3(PID, TYPE_ID, IDENTITY_ID) values("DMO86939", "1", "002629282");
insert into ENCOUNTER(PID, ADMSN_TIME, CONTACT_DATE) values("DMO86939", "2014-07-06T17:30:07-04:00", "2014-07-06");

insert into PERSON(PID, FIRST_NAME, LAST_NAME, SEX, BIRTH_DATE, DEATH_DATE, REG_DATE) values("DMO74999", "Autumn", "Rivera", "F", "2010-01-03T03:22:55-04:00", null, "2014-04-17T16:08:09-04:00");
insert into PERSON_2(PID, WC, TG, HDL, BP, GLC) values("DMO74999", "79.8", "167.9", "43.0", "119/89", "85.8");
insert into PERSON_3(PID, TYPE_ID, IDENTITY_ID) values("DMO74999", "1", "000231810");
insert into ENCOUNTER(PID, ADMSN_TIME, CONTACT_DATE) values("DMO74999", "2014-04-19T08:00:52-04:00", "2014-04-19");

insert into PERSON(PID, FIRST_NAME, LAST_NAME, SEX, BIRTH_DATE, DEATH_DATE, REG_DATE) values("DMO38567", "London", "Turner", "F", "1940-05-16T17:03:52-04:00", null, "2014-07-19T13:39:03-04:00");
insert into PERSON_2(PID, WC, TG, HDL, BP, GLC) values("DMO38567", "88.7", "132.6", "31.7", "143/65", "90.8");
insert into PERSON_3(PID, TYPE_ID, IDENTITY_ID) values("DMO38567", "1", "009247539");
insert into ENCOUNTER(PID, ADMSN_TIME, CONTACT_DATE) values("DMO38567", "2014-07-19T23:42:19-04:00", "2014-07-19");

insert into PERSON(PID, FIRST_NAME, LAST_NAME, SEX, BIRTH_DATE, DEATH_DATE, REG_DATE) values("DMO76686", "John", "Williams", "M", "2001-03-14T21:33:45-04:00", null, "2014-11-04T16:33:33-04:00");
insert into PERSON_2(PID, WC, TG, HDL, BP, GLC) values("DMO76686", "91.2", "133.2", "35.1", "133/90", "90.2");
insert into PERSON_3(PID, TYPE_ID, IDENTITY_ID) values("DMO76686", "1", "002924271");
insert into ENCOUNTER(PID, ADMSN_TIME, CONTACT_DATE) values("DMO76686", "2014-11-06T21:52:19-04:00", "2014-11-06");

insert into PERSON(PID, FIRST_NAME, LAST_NAME, SEX, BIRTH_DATE, DEATH_DATE, REG_DATE) values("DMO34858", "Colton", "Davis", "M", "1945-07-30T20:11:33-04:00", null, "2014-03-04T20:19:48-04:00");
insert into PERSON_2(PID, WC, TG, HDL, BP, GLC) values("DMO34858", "103.5", "158.7", "47.1", "121/103", "115.8");
insert into PERSON_3(PID, TYPE_ID, IDENTITY_ID) values("DMO34858", "1", "005666376");
insert into ENCOUNTER(PID, ADMSN_TIME, CONTACT_DATE) values("DMO34858", "2014-03-06T08:57:42-04:00", "2014-03-06");

insert into PERSON(PID, FIRST_NAME, LAST_NAME, SEX, BIRTH_DATE, DEATH_DATE, REG_DATE) values("DMO21619", "Brooklyn", "Ward", "F", "2007-11-26T13:19:04-04:00", null, "2014-12-16T22:39:20-04:00");
insert into PERSON_2(PID, WC, TG, HDL, BP, GLC) values("DMO21619", "95.3", "163.8", "47.7", "146/72", "87.7");
insert into PERSON_3(PID, TYPE_ID, IDENTITY_ID) values("DMO21619", "1", "001159937");
insert into ENCOUNTER(PID, ADMSN_TIME, CONTACT_DATE) values("DMO21619", "2014-12-17T14:38:47-04:00", "2014-12-17");

insert into PERSON(PID, FIRST_NAME, LAST_NAME, SEX, BIRTH_DATE, DEATH_DATE, REG_DATE) values("DMO77211", "Eva", "Hill", "F", "2001-10-29T22:37:38-04:00", null, "2014-12-20T16:58:05-04:00");
insert into PERSON_2(PID, WC, TG, HDL, BP, GLC) values("DMO77211", "77.6", "130.7", "37.0", "123/78", "90.6");
insert into PERSON_3(PID, TYPE_ID, IDENTITY_ID) values("DMO77211", "1", "006304293");
insert into ENCOUNTER(PID, ADMSN_TIME, CONTACT_DATE) values("DMO77211", "2014-12-22T15:18:09-04:00", "2014-12-22");

insert into PERSON(PID, FIRST_NAME, LAST_NAME, SEX, BIRTH_DATE, DEATH_DATE, REG_DATE) values("DMO64224", "Sydney", "Lopez", "F", null, null, "2014-07-19T20:41:20-04:00");
insert into PERSON_2(PID, WC, TG, HDL, BP, GLC) values("DMO64224", "98.3", "154.3", "40.6", "154/104", "100.6");
insert into PERSON_3(PID, TYPE_ID, IDENTITY_ID) values("DMO64224", "1", "007704602");
insert into ENCOUNTER(PID, ADMSN_TIME, CONTACT_DATE) values("DMO64224", "2014-07-20T10:07:38-04:00", "2014-07-20");

insert into PERSON(PID, FIRST_NAME, LAST_NAME, SEX, BIRTH_DATE, DEATH_DATE, REG_DATE) values("DMO05181", "Kaylee", "Wright", "F", "1938-07-09T09:44:05-04:00", null, "2014-01-16T06:19:21-04:00");
insert into PERSON_2(PID, WC, TG, HDL, BP, GLC) values("DMO05181", "109.1", "156.7", "41.6", "119/68", "114.4");
insert into PERSON_3(PID, TYPE_ID, IDENTITY_ID) values("DMO05181", "1", "004705001");
insert into ENCOUNTER(PID, ADMSN_TIME, CONTACT_DATE) values("DMO05181", "2014-01-18T01:30:53-04:00", "2014-01-18");

insert into PERSON(PID, FIRST_NAME, LAST_NAME, SEX, BIRTH_DATE, DEATH_DATE, REG_DATE) values("DMO53936", "Isaiah", "Bell", "M", "1960-03-29T11:02:19-04:00", null, "2014-06-17T21:45:05-04:00");
insert into PERSON_2(PID, WC, TG, HDL, BP, GLC) values("DMO53936", "110.6", "144.1", "48.1", "137/89", "116.4");
insert into PERSON_3(PID, TYPE_ID, IDENTITY_ID) values("DMO53936", "1", "003707418");
insert into ENCOUNTER(PID, ADMSN_TIME, CONTACT_DATE) values("DMO53936", "2014-06-18T04:15:17-04:00", "2014-06-18");

insert into PERSON(PID, FIRST_NAME, LAST_NAME, SEX, BIRTH_DATE, DEATH_DATE, REG_DATE) values("DMO79037", "Alexander", "Davis", "M", "2013-02-09T23:20:07-04:00", null, "2014-05-22T05:28:36-04:00");
insert into PERSON_2(PID, WC, TG, HDL, BP, GLC) values("DMO79037", "80.8", "177.9", "30.3", "137/96", "110.1");
insert into PERSON_3(PID, TYPE_ID, IDENTITY_ID) values("DMO79037", "1", "000624761");
insert into ENCOUNTER(PID, ADMSN_TIME, CONTACT_DATE) values("DMO79037", "2014-05-22T15:48:33-04:00", "2014-05-22");

insert into PERSON(PID, FIRST_NAME, LAST_NAME, SEX, BIRTH_DATE, DEATH_DATE, REG_DATE) values("DMO02875", "Benjamin", "Long", "M", "1974-12-12T11:44:11-04:00", null, "2014-12-28T07:52:37-04:00");
insert into PERSON_2(PID, WC, TG, HDL, BP, GLC) values("DMO02875", "99.0", "124.6", "32.6", "112/78", "82.5");
insert into PERSON_3(PID, TYPE_ID, IDENTITY_ID) values("DMO02875", "1", "000588353");
insert into ENCOUNTER(PID, ADMSN_TIME, CONTACT_DATE) values("DMO02875", "2014-12-30T08:10:23-04:00", "2014-12-30");

insert into PERSON(PID, FIRST_NAME, LAST_NAME, SEX, BIRTH_DATE, DEATH_DATE, REG_DATE) values("DMO44582", "Christopher", "Mitchell", "M", null, null, "2014-03-17T04:41:59-04:00");
insert into PERSON_2(PID, WC, TG, HDL, BP, GLC) values("DMO44582", "108.7", "129.6", "45.3", "117/66", "86.0");
insert into PERSON_3(PID, TYPE_ID, IDENTITY_ID) values("DMO44582", "1", "007295741");
insert into ENCOUNTER(PID, ADMSN_TIME, CONTACT_DATE) values("DMO44582", "2014-03-18T04:34:22-04:00", "2014-03-18");

insert into PERSON(PID, FIRST_NAME, LAST_NAME, SEX, BIRTH_DATE, DEATH_DATE, REG_DATE) values("DMO02856", "Alexandra", "Butler", "F", "1971-01-01T20:39:57-04:00", null, "2014-06-03T23:53:09-04:00");
insert into PERSON_2(PID, WC, TG, HDL, BP, GLC) values("DMO02856", "110.9", "155.6", "30.5", "105/91", "88.7");
insert into PERSON_3(PID, TYPE_ID, IDENTITY_ID) values("DMO02856", "1", "002817018");
insert into ENCOUNTER(PID, ADMSN_TIME, CONTACT_DATE) values("DMO02856", "2014-06-03T19:27:09-04:00", "2014-06-03");

insert into PERSON(PID, FIRST_NAME, LAST_NAME, SEX, BIRTH_DATE, DEATH_DATE, REG_DATE) values("DMO69422", "Ruby", "Butler", "F", "1956-03-26T16:25:47-04:00", null, "2014-11-04T02:39:45-04:00");
insert into PERSON_2(PID, WC, TG, HDL, BP, GLC) values("DMO69422", "79.4", "164.4", "46.6", "119/95", "113.3");
insert into PERSON_3(PID, TYPE_ID, IDENTITY_ID) values("DMO69422", "1", "002463297");
insert into ENCOUNTER(PID, ADMSN_TIME, CONTACT_DATE) values("DMO69422", "2014-11-05T03:30:54-04:00", "2014-11-05");

insert into PERSON(PID, FIRST_NAME, LAST_NAME, SEX, BIRTH_DATE, DEATH_DATE, REG_DATE) values("DMO97160", "Dylan", "Diaz", "M", "1965-10-06T15:13:46-04:00", "2014-04-11T19:14:13-04:00", "2014-10-05T14:42:42-04:00");
insert into PERSON_2(PID, WC, TG, HDL, BP, GLC) values("DMO97160", "109.5", "157.5", "36.0", "114/80", "117.8");
insert into PERSON_3(PID, TYPE_ID, IDENTITY_ID) values("DMO97160", "1", "004814075");
insert into ENCOUNTER(PID, ADMSN_TIME, CONTACT_DATE) values("DMO97160", "2014-10-07T14:06:33-04:00", "2014-10-07");

insert into PERSON(PID, FIRST_NAME, LAST_NAME, SEX, BIRTH_DATE, DEATH_DATE, REG_DATE) values("DMO21164", "Grayson", "Martinez", "M", "2010-03-10T10:41:56-04:00", null, "2014-04-11T07:11:13-04:00");
insert into PERSON_2(PID, WC, TG, HDL, BP, GLC) values("DMO21164", "87.5", "170.2", "43.8", "149/69", "99.7");
insert into PERSON_3(PID, TYPE_ID, IDENTITY_ID) values("DMO21164", "1", "001061366");
insert into ENCOUNTER(PID, ADMSN_TIME, CONTACT_DATE) values("DMO21164", "2014-04-12T01:07:47-04:00", "2014-04-12");

insert into PERSON(PID, FIRST_NAME, LAST_NAME, SEX, BIRTH_DATE, DEATH_DATE, REG_DATE) values("DMO97733", "Lillian", "Walker", "F", "1961-09-29T11:27:15-04:00", null, "2014-09-29T20:23:59-04:00");
insert into PERSON_2(PID, WC, TG, HDL, BP, GLC) values("DMO97733", null, "173.0", "45.2", "131/98", null);
insert into PERSON_3(PID, TYPE_ID, IDENTITY_ID) values("DMO97733", "1", "007849660");
insert into ENCOUNTER(PID, ADMSN_TIME, CONTACT_DATE) values("DMO97733", "2014-09-30T08:46:00-04:00", "2014-09-30");

insert into PERSON(PID, FIRST_NAME, LAST_NAME, SEX, BIRTH_DATE, DEATH_DATE, REG_DATE) values("DMO94700", "Jace", "Reed", "M", "1997-05-05T01:28:05-04:00", null, "2014-03-02T20:44:03-04:00");
insert into PERSON_2(PID, WC, TG, HDL, BP, GLC) values("DMO94700", "93.4", "175.7", null, "146/81", "105.3");
insert into PERSON_3(PID, TYPE_ID, IDENTITY_ID) values("DMO94700", "1", "003949165");
insert into ENCOUNTER(PID, ADMSN_TIME, CONTACT_DATE) values("DMO94700", "2014-03-03T02:01:11-04:00", "2014-03-03");

insert into PERSON(PID, FIRST_NAME, LAST_NAME, SEX, BIRTH_DATE, DEATH_DATE, REG_DATE) values("DMO22978", "Madison", "Ramirez", "F", "1989-05-13T03:21:03-04:00", null, "2014-05-07T08:21:31-04:00");
insert into PERSON_2(PID, WC, TG, HDL, BP, GLC) values("DMO22978", "116.2", "176.8", "47.0", "120/97", "116.4");
insert into PERSON_3(PID, TYPE_ID, IDENTITY_ID) values("DMO22978", "1", "002863077");
insert into ENCOUNTER(PID, ADMSN_TIME, CONTACT_DATE) values("DMO22978", "2014-05-07T03:34:59-04:00", "2014-05-07");

insert into PERSON(PID, FIRST_NAME, LAST_NAME, SEX, BIRTH_DATE, DEATH_DATE, REG_DATE) values("DMO91453", "Jaxon", "Rogers", "M", "1944-03-21T16:18:56-04:00", null, "2014-01-08T07:02:32-04:00");
insert into PERSON_2(PID, WC, TG, HDL, BP, GLC) values("DMO91453", "77.3", null, "49.6", "116/75", null);
insert into PERSON_3(PID, TYPE_ID, IDENTITY_ID) values("DMO91453", "1", "007661960");
insert into ENCOUNTER(PID, ADMSN_TIME, CONTACT_DATE) values("DMO91453", "2014-01-10T02:11:09-04:00", "2014-01-10");

insert into PERSON(PID, FIRST_NAME, LAST_NAME, SEX, BIRTH_DATE, DEATH_DATE, REG_DATE) values("DMO60424", "Lydia", "Torres", "F", "1983-08-11T14:47:06-04:00", null, "2014-12-07T19:33:06-04:00");
insert into PERSON_2(PID, WC, TG, HDL, BP, GLC) values("DMO60424", "87.5", "175.1", "41.9", "108/104", "100.3");
insert into PERSON_3(PID, TYPE_ID, IDENTITY_ID) values("DMO60424", "1", "002074275");
insert into ENCOUNTER(PID, ADMSN_TIME, CONTACT_DATE) values("DMO60424", "2014-12-08T20:30:03-04:00", "2014-12-08");

insert into PERSON(PID, FIRST_NAME, LAST_NAME, SEX, BIRTH_DATE, DEATH_DATE, REG_DATE) values("DMO10639", "Ava", "Thomas", "F", "2010-06-12T11:52:08-04:00", null, "2014-12-18T11:50:20-04:00");
insert into PERSON_2(PID, WC, TG, HDL, BP, GLC) values("DMO10639", null, "153.2", "36.4", "121/91", "117.5");
insert into PERSON_3(PID, TYPE_ID, IDENTITY_ID) values("DMO10639", "1", "007336533");
insert into ENCOUNTER(PID, ADMSN_TIME, CONTACT_DATE) values("DMO10639", "2014-12-19T15:37:02-04:00", "2014-12-19");

insert into PERSON(PID, FIRST_NAME, LAST_NAME, SEX, BIRTH_DATE, DEATH_DATE, REG_DATE) values("DMO53790", "Blake", "Phillips", "M", "1946-12-08T18:40:35-04:00", null, "2014-02-06T15:05:49-04:00");
insert into PERSON_2(PID, WC, TG, HDL, BP, GLC) values("DMO53790", "79.6", "158.6", "48.8", "105/95", "92.8");
insert into PERSON_3(PID, TYPE_ID, IDENTITY_ID) values("DMO53790", "1", "009880964");
insert into ENCOUNTER(PID, ADMSN_TIME, CONTACT_DATE) values("DMO53790", "2014-02-06T17:19:43-04:00", "2014-02-06");

insert into PERSON(PID, FIRST_NAME, LAST_NAME, SEX, BIRTH_DATE, DEATH_DATE, REG_DATE) values("DMO90279", "Dylan", "Clark", "M", "1990-01-21T10:36:03-04:00", null, "2014-12-28T23:33:45-04:00");
insert into PERSON_2(PID, WC, TG, HDL, BP, GLC) values("DMO90279", "122.2", "150.8", "41.9", "123/72", null);
insert into PERSON_3(PID, TYPE_ID, IDENTITY_ID) values("DMO90279", "1", "009985494");
insert into ENCOUNTER(PID, ADMSN_TIME, CONTACT_DATE) values("DMO90279", "2014-12-30T21:16:04-04:00", "2014-12-30");

insert into PERSON(PID, FIRST_NAME, LAST_NAME, SEX, BIRTH_DATE, DEATH_DATE, REG_DATE) values("DMO50297", "Bella", "Butler", "F", "1958-04-22T08:07:40-04:00", null, "2014-12-22T08:04:43-04:00");
insert into PERSON_2(PID, WC, TG, HDL, BP, GLC) values("DMO50297", "79.1", "164.3", "34.8", "134/94", "99.4");
insert into PERSON_3(PID, TYPE_ID, IDENTITY_ID) values("DMO50297", "1", "009207093");
insert into ENCOUNTER(PID, ADMSN_TIME, CONTACT_DATE) values("DMO50297", "2014-12-24T01:23:43-04:00", "2014-12-24");

insert into PERSON(PID, FIRST_NAME, LAST_NAME, SEX, BIRTH_DATE, DEATH_DATE, REG_DATE) values("DMO37879", "Lauren", "Gray", "F", "1977-01-08T03:03:19-04:00", null, "2014-09-09T20:16:41-04:00");
insert into PERSON_2(PID, WC, TG, HDL, BP, GLC) values("DMO37879", "119.5", "144.1", "36.9", "122/95", "115.5");
insert into PERSON_3(PID, TYPE_ID, IDENTITY_ID) values("DMO37879", "1", "008150245");
insert into ENCOUNTER(PID, ADMSN_TIME, CONTACT_DATE) values("DMO37879", "2014-09-10T23:28:48-04:00", "2014-09-10");

insert into PERSON(PID, FIRST_NAME, LAST_NAME, SEX, BIRTH_DATE, DEATH_DATE, REG_DATE) values("DMO01664", "Hudson", "Anderson", "M", "1942-11-19T18:43:29-04:00", null, "2014-02-09T09:10:26-04:00");
insert into PERSON_2(PID, WC, TG, HDL, BP, GLC) values("DMO01664", "91.1", "179.4", "31.7", "130/82", "82.2");
insert into PERSON_3(PID, TYPE_ID, IDENTITY_ID) values("DMO01664", "1", "007100608");
insert into ENCOUNTER(PID, ADMSN_TIME, CONTACT_DATE) values("DMO01664", "2014-02-10T11:33:46-04:00", "2014-02-10");

insert into PERSON(PID, FIRST_NAME, LAST_NAME, SEX, BIRTH_DATE, DEATH_DATE, REG_DATE) values("DMO82825", "Mackenzie", "Baker", "F", null, null, "2014-04-24T01:45:28-04:00");
insert into PERSON_2(PID, WC, TG, HDL, BP, GLC) values("DMO82825", "80.4", "126.4", "33.5", "146/98", null);
insert into PERSON_3(PID, TYPE_ID, IDENTITY_ID) values("DMO82825", "1", "004716349");
insert into ENCOUNTER(PID, ADMSN_TIME, CONTACT_DATE) values("DMO82825", "2014-04-25T00:59:29-04:00", "2014-04-25");

insert into PERSON(PID, FIRST_NAME, LAST_NAME, SEX, BIRTH_DATE, DEATH_DATE, REG_DATE) values("DMO09207", "Dylan", "Barnes", "M", "1986-04-30T18:13:59-04:00", null, "2014-06-12T05:27:40-04:00");
insert into PERSON_2(PID, WC, TG, HDL, BP, GLC) values("DMO09207", "120.0", "122.0", "46.6", "114/67", "82.6");
insert into PERSON_3(PID, TYPE_ID, IDENTITY_ID) values("DMO09207", "1", "002478755");
insert into ENCOUNTER(PID, ADMSN_TIME, CONTACT_DATE) values("DMO09207", "2014-06-13T16:38:30-04:00", "2014-06-13");

insert into PERSON(PID, FIRST_NAME, LAST_NAME, SEX, BIRTH_DATE, DEATH_DATE, REG_DATE) values("DMO73823", "Cameron", "Cox", "M", "1930-12-16T15:14:53-04:00", null, "2014-10-11T02:57:30-04:00");
insert into PERSON_2(PID, WC, TG, HDL, BP, GLC) values("DMO73823", "108.4", "170.6", "39.4", "150/83", "106.1");
insert into PERSON_3(PID, TYPE_ID, IDENTITY_ID) values("DMO73823", "1", "006112303");
insert into ENCOUNTER(PID, ADMSN_TIME, CONTACT_DATE) values("DMO73823", "2014-10-13T09:01:23-04:00", "2014-10-13");

insert into PERSON(PID, FIRST_NAME, LAST_NAME, SEX, BIRTH_DATE, DEATH_DATE, REG_DATE) values("DMO77689", "Cameron", "Green", "M", "1930-03-14T14:31:03-04:00", null, "2014-08-05T10:07:00-04:00");
insert into PERSON_2(PID, WC, TG, HDL, BP, GLC) values("DMO77689", "100.9", "165.9", "48.1", "115/68", "116.6");
insert into PERSON_3(PID, TYPE_ID, IDENTITY_ID) values("DMO77689", "1", "006742665");
insert into ENCOUNTER(PID, ADMSN_TIME, CONTACT_DATE) values("DMO77689", "2014-08-06T13:40:24-04:00", "2014-08-06");

insert into PERSON(PID, FIRST_NAME, LAST_NAME, SEX, BIRTH_DATE, DEATH_DATE, REG_DATE) values("DMO43514", "Victoria", "Kelly", "F", "2009-04-30T03:15:18-04:00", null, "2014-03-19T07:17:51-04:00");
insert into PERSON_2(PID, WC, TG, HDL, BP, GLC) values("DMO43514", "96.3", "127.2", null, "114/83", "105.1");
insert into PERSON_3(PID, TYPE_ID, IDENTITY_ID) values("DMO43514", "1", "007513301");
insert into ENCOUNTER(PID, ADMSN_TIME, CONTACT_DATE) values("DMO43514", "2014-03-20T00:54:58-04:00", "2014-03-20");

insert into PERSON(PID, FIRST_NAME, LAST_NAME, SEX, BIRTH_DATE, DEATH_DATE, REG_DATE) values("DMO90051", "Mia", "Young", "F", "2002-05-15T03:46:59-04:00", null, "2014-06-15T19:08:10-04:00");
insert into PERSON_2(PID, WC, TG, HDL, BP, GLC) values("DMO90051", "113.1", "150.5", "38.4", "111/83", null);
insert into PERSON_3(PID, TYPE_ID, IDENTITY_ID) values("DMO90051", "1", "007816107");
insert into ENCOUNTER(PID, ADMSN_TIME, CONTACT_DATE) values("DMO90051", "2014-06-17T21:37:31-04:00", "2014-06-17");

insert into PERSON(PID, FIRST_NAME, LAST_NAME, SEX, BIRTH_DATE, DEATH_DATE, REG_DATE) values("DMO30497", "Samuel", "Bell", "M", "2002-03-18T10:44:46-04:00", null, "2014-11-12T03:59:56-04:00");
insert into PERSON_2(PID, WC, TG, HDL, BP, GLC) values("DMO30497", "114.1", "120.1", null, "136/80", "83.5");
insert into PERSON_3(PID, TYPE_ID, IDENTITY_ID) values("DMO30497", "1", "005141846");
insert into ENCOUNTER(PID, ADMSN_TIME, CONTACT_DATE) values("DMO30497", "2014-11-13T16:08:23-04:00", "2014-11-13");

insert into PERSON(PID, FIRST_NAME, LAST_NAME, SEX, BIRTH_DATE, DEATH_DATE, REG_DATE) values("DMO75247", "Samuel", "Griffin", "M", "2003-05-04T12:05:43-04:00", null, "2014-09-18T02:40:04-04:00");
insert into PERSON_2(PID, WC, TG, HDL, BP, GLC) values("DMO75247", "115.1", "140.9", "42.2", "118/86", "91.4");
insert into PERSON_3(PID, TYPE_ID, IDENTITY_ID) values("DMO75247", "1", "007198893");
insert into ENCOUNTER(PID, ADMSN_TIME, CONTACT_DATE) values("DMO75247", "2014-09-20T09:42:30-04:00", "2014-09-20");

insert into PERSON(PID, FIRST_NAME, LAST_NAME, SEX, BIRTH_DATE, DEATH_DATE, REG_DATE) values("DMO03532", "Michael", "Brown", "M", "1971-11-20T17:30:55-04:00", null, "2014-12-01T03:27:47-04:00");
insert into PERSON_2(PID, WC, TG, HDL, BP, GLC) values("DMO03532", null, "139.9", "44.7", "141/73", "84.8");
insert into PERSON_3(PID, TYPE_ID, IDENTITY_ID) values("DMO03532", "1", "008778035");
insert into ENCOUNTER(PID, ADMSN_TIME, CONTACT_DATE) values("DMO03532", "2014-12-01T11:35:33-04:00", "2014-12-01");

insert into PERSON(PID, FIRST_NAME, LAST_NAME, SEX, BIRTH_DATE, DEATH_DATE, REG_DATE) values("DMO29722", "Ella", "Campbell", "F", "1960-04-12T03:41:30-04:00", "2001-04-10T11:25:49-04:00", "2014-02-28T11:25:56-04:00");
insert into PERSON_2(PID, WC, TG, HDL, BP, GLC) values("DMO29722", "80.2", "144.9", "34.5", "145/86", "83.5");
insert into PERSON_3(PID, TYPE_ID, IDENTITY_ID) values("DMO29722", "1", "008793566");
insert into ENCOUNTER(PID, ADMSN_TIME, CONTACT_DATE) values("DMO29722", "2014-03-02T20:47:06-04:00", "2014-03-02");

insert into PERSON(PID, FIRST_NAME, LAST_NAME, SEX, BIRTH_DATE, DEATH_DATE, REG_DATE) values("DMO85035", "Aiden", "Kelly", "M", "1948-08-27T14:25:30-04:00", null, "2014-08-30T14:09:48-04:00");
insert into PERSON_2(PID, WC, TG, HDL, BP, GLC) values("DMO85035", "124.3", "154.8", "46.4", "110/85", "87.0");
insert into PERSON_3(PID, TYPE_ID, IDENTITY_ID) values("DMO85035", "1", "000668538");
insert into ENCOUNTER(PID, ADMSN_TIME, CONTACT_DATE) values("DMO85035", "2014-09-01T02:41:38-04:00", "2014-09-01");

insert into PERSON(PID, FIRST_NAME, LAST_NAME, SEX, BIRTH_DATE, DEATH_DATE, REG_DATE) values("DMO71187", "Autumn", "Brown", "F", "1990-02-04T02:06:10-04:00", null, "2014-02-26T04:54:19-04:00");
insert into PERSON_2(PID, WC, TG, HDL, BP, GLC) values("DMO71187", "98.5", "162.8", "40.2", "119/86", "110.4");
insert into PERSON_3(PID, TYPE_ID, IDENTITY_ID) values("DMO71187", "1", "001595733");
insert into ENCOUNTER(PID, ADMSN_TIME, CONTACT_DATE) values("DMO71187", "2014-02-28T12:42:32-04:00", "2014-02-28");

insert into PERSON(PID, FIRST_NAME, LAST_NAME, SEX, BIRTH_DATE, DEATH_DATE, REG_DATE) values("DMO42049", "Carter", "Hall", "M", null, null, "2014-02-27T12:59:01-04:00");
insert into PERSON_2(PID, WC, TG, HDL, BP, GLC) values("DMO42049", "78.4", "126.0", "39.0", "139/66", "108.1");
insert into PERSON_3(PID, TYPE_ID, IDENTITY_ID) values("DMO42049", "1", "008011452");
insert into ENCOUNTER(PID, ADMSN_TIME, CONTACT_DATE) values("DMO42049", "2014-02-28T15:52:34-04:00", "2014-02-28");

insert into PERSON(PID, FIRST_NAME, LAST_NAME, SEX, BIRTH_DATE, DEATH_DATE, REG_DATE) values("DMO32629", "Matthew", "Davis", "M", "1959-04-28T12:26:35-04:00", null, "2014-10-06T22:31:28-04:00");
insert into PERSON_2(PID, WC, TG, HDL, BP, GLC) values("DMO32629", "83.8", "140.1", "40.6", "140/86", "115.9");
insert into PERSON_3(PID, TYPE_ID, IDENTITY_ID) values("DMO32629", "1", "009175654");
insert into ENCOUNTER(PID, ADMSN_TIME, CONTACT_DATE) values("DMO32629", "2014-10-08T18:03:59-04:00", "2014-10-08");

insert into PERSON(PID, FIRST_NAME, LAST_NAME, SEX, BIRTH_DATE, DEATH_DATE, REG_DATE) values("DMO12657", "Jayden", "Coleman", "M", "1942-11-23T18:39:05-04:00", null, "2014-01-16T03:12:53-04:00");
insert into PERSON_2(PID, WC, TG, HDL, BP, GLC) values("DMO12657", "87.0", "156.4", "31.3", "121/80", "113.8");
insert into PERSON_3(PID, TYPE_ID, IDENTITY_ID) values("DMO12657", "1", "007682203");
insert into ENCOUNTER(PID, ADMSN_TIME, CONTACT_DATE) values("DMO12657", "2014-01-17T09:59:57-04:00", "2014-01-17");

insert into PERSON(PID, FIRST_NAME, LAST_NAME, SEX, BIRTH_DATE, DEATH_DATE, REG_DATE) values("DMO65718", "Caleb", "Edwards", "M", "1948-01-08T21:15:47-04:00", null, "2014-07-24T23:42:07-04:00");
insert into PERSON_2(PID, WC, TG, HDL, BP, GLC) values("DMO65718", "78.9", "161.9", "42.7", "105/73", "115.9");
insert into PERSON_3(PID, TYPE_ID, IDENTITY_ID) values("DMO65718", "1", "006885527");
insert into ENCOUNTER(PID, ADMSN_TIME, CONTACT_DATE) values("DMO65718", "2014-07-24T22:03:56-04:00", "2014-07-24");

insert into PERSON(PID, FIRST_NAME, LAST_NAME, SEX, BIRTH_DATE, DEATH_DATE, REG_DATE) values("DMO15124", "Liam", "Morgan", "M", "1930-01-24T19:43:43-04:00", null, "2014-01-13T18:52:24-04:00");
insert into PERSON_2(PID, WC, TG, HDL, BP, GLC) values("DMO15124", "90.0", "155.9", "33.7", "121/76", "89.2");
insert into PERSON_3(PID, TYPE_ID, IDENTITY_ID) values("DMO15124", "1", "008294499");
insert into ENCOUNTER(PID, ADMSN_TIME, CONTACT_DATE) values("DMO15124", "2014-01-13T07:13:13-04:00", "2014-01-13");

insert into PERSON(PID, FIRST_NAME, LAST_NAME, SEX, BIRTH_DATE, DEATH_DATE, REG_DATE) values("DMO80275", "Jordan", "Adams", "M", "2005-03-27T21:00:27-04:00", null, "2014-03-17T02:07:44-04:00");
insert into PERSON_2(PID, WC, TG, HDL, BP, GLC) values("DMO80275", "88.0", "149.2", "36.0", "141/66", "97.5");
insert into PERSON_3(PID, TYPE_ID, IDENTITY_ID) values("DMO80275", "1", "003866926");
insert into ENCOUNTER(PID, ADMSN_TIME, CONTACT_DATE) values("DMO80275", "2014-03-18T03:15:39-04:00", "2014-03-18");

insert into PERSON(PID, FIRST_NAME, LAST_NAME, SEX, BIRTH_DATE, DEATH_DATE, REG_DATE) values("DMO16771", "Sofia", "Green", "F", "1997-10-28T05:50:45-04:00", null, "2014-02-04T03:26:43-04:00");
insert into PERSON_2(PID, WC, TG, HDL, BP, GLC) values("DMO16771", "104.4", "129.9", "47.4", "126/70", "115.8");
insert into PERSON_3(PID, TYPE_ID, IDENTITY_ID) values("DMO16771", "1", "007605545");
insert into ENCOUNTER(PID, ADMSN_TIME, CONTACT_DATE) values("DMO16771", "2014-02-04T23:28:24-04:00", "2014-02-04");

insert into PERSON(PID, FIRST_NAME, LAST_NAME, SEX, BIRTH_DATE, DEATH_DATE, REG_DATE) values("DMO32336", "Kayden", "Diaz", "M", "1991-09-08T11:39:38-04:00", null, "2014-04-28T18:58:20-04:00");
insert into PERSON_2(PID, WC, TG, HDL, BP, GLC) values("DMO32336", "108.2", "140.7", "32.4", "142/94", null);
insert into PERSON_3(PID, TYPE_ID, IDENTITY_ID) values("DMO32336", "1", "004087753");
insert into ENCOUNTER(PID, ADMSN_TIME, CONTACT_DATE) values("DMO32336", "2014-04-29T07:37:00-04:00", "2014-04-29");

insert into PERSON(PID, FIRST_NAME, LAST_NAME, SEX, BIRTH_DATE, DEATH_DATE, REG_DATE) values("DMO92012", "Benjamin", "Henderson", "M", "2002-07-17T00:39:26-04:00", null, "2014-02-01T07:38:55-04:00");
insert into PERSON_2(PID, WC, TG, HDL, BP, GLC) values("DMO92012", "111.8", "162.3", "30.5", null, "101.9");
insert into PERSON_3(PID, TYPE_ID, IDENTITY_ID) values("DMO92012", "1", "007661131");
insert into ENCOUNTER(PID, ADMSN_TIME, CONTACT_DATE) values("DMO92012", "2014-02-03T22:11:02-04:00", "2014-02-03");

insert into PERSON(PID, FIRST_NAME, LAST_NAME, SEX, BIRTH_DATE, DEATH_DATE, REG_DATE) values("DMO61749", "Faith", "Diaz", "F", null, null, "2014-08-02T15:40:08-04:00");
insert into PERSON_2(PID, WC, TG, HDL, BP, GLC) values("DMO61749", "119.8", "144.6", "31.0", "109/79", "119.3");
insert into PERSON_3(PID, TYPE_ID, IDENTITY_ID) values("DMO61749", "1", "002253670");
insert into ENCOUNTER(PID, ADMSN_TIME, CONTACT_DATE) values("DMO61749", "2014-08-02T02:00:18-04:00", "2014-08-02");

insert into PERSON(PID, FIRST_NAME, LAST_NAME, SEX, BIRTH_DATE, DEATH_DATE, REG_DATE) values("DMO19794", "Kennedy", "Coleman", "F", "1960-11-15T10:51:27-04:00", null, "2014-11-10T14:48:08-04:00");
insert into PERSON_2(PID, WC, TG, HDL, BP, GLC) values("DMO19794", "113.7", "160.0", "42.8", "145/69", "103.3");
insert into PERSON_3(PID, TYPE_ID, IDENTITY_ID) values("DMO19794", "1", "005757066");
insert into ENCOUNTER(PID, ADMSN_TIME, CONTACT_DATE) values("DMO19794", "2014-11-12T04:56:42-04:00", "2014-11-12");

insert into PERSON(PID, FIRST_NAME, LAST_NAME, SEX, BIRTH_DATE, DEATH_DATE, REG_DATE) values("DMO49246", "Chase", "Butler", "M", "1958-05-22T06:01:53-04:00", "2006-06-27T23:58:36-04:00", "2014-05-15T08:56:38-04:00");
insert into PERSON_2(PID, WC, TG, HDL, BP, GLC) values("DMO49246", "121.8", null, "46.4", null, null);
insert into PERSON_3(PID, TYPE_ID, IDENTITY_ID) values("DMO49246", "1", "002053017");
insert into ENCOUNTER(PID, ADMSN_TIME, CONTACT_DATE) values("DMO49246", "2014-05-17T15:01:25-04:00", "2014-05-17");

insert into PERSON(PID, FIRST_NAME, LAST_NAME, SEX, BIRTH_DATE, DEATH_DATE, REG_DATE) values("DMO47376", "Cameron", "Bailey", "M", null, null, "2014-10-16T14:31:27-04:00");
insert into PERSON_2(PID, WC, TG, HDL, BP, GLC) values("DMO47376", "110.5", "141.1", "46.6", "115/75", "101.5");
insert into PERSON_3(PID, TYPE_ID, IDENTITY_ID) values("DMO47376", "1", "001910159");
insert into ENCOUNTER(PID, ADMSN_TIME, CONTACT_DATE) values("DMO47376", "2014-10-17T19:49:48-04:00", "2014-10-17");

insert into PERSON(PID, FIRST_NAME, LAST_NAME, SEX, BIRTH_DATE, DEATH_DATE, REG_DATE) values("DMO58218", "Kylie", "Hernandez", "F", "1936-11-22T14:02:59-04:00", null, "2014-10-30T17:17:20-04:00");
insert into PERSON_2(PID, WC, TG, HDL, BP, GLC) values("DMO58218", "76.2", "120.7", "49.2", "118/79", "117.7");
insert into PERSON_3(PID, TYPE_ID, IDENTITY_ID) values("DMO58218", "1", "001252224");
insert into ENCOUNTER(PID, ADMSN_TIME, CONTACT_DATE) values("DMO58218", "2014-10-31T11:10:23-04:00", "2014-10-31");

insert into PERSON(PID, FIRST_NAME, LAST_NAME, SEX, BIRTH_DATE, DEATH_DATE, REG_DATE) values("DMO55931", "Lydia", "Hayes", "F", null, null, "2014-07-30T20:54:12-04:00");
insert into PERSON_2(PID, WC, TG, HDL, BP, GLC) values("DMO55931", "112.3", "155.6", "38.6", "110/71", "93.3");
insert into PERSON_3(PID, TYPE_ID, IDENTITY_ID) values("DMO55931", "1", "007095964");
insert into ENCOUNTER(PID, ADMSN_TIME, CONTACT_DATE) values("DMO55931", "2014-07-31T14:38:13-04:00", "2014-07-31");

insert into PERSON(PID, FIRST_NAME, LAST_NAME, SEX, BIRTH_DATE, DEATH_DATE, REG_DATE) values("DMO57319", "Hunter", "Patterson", "M", "1996-06-14T13:24:38-04:00", null, "2014-07-20T22:13:13-04:00");
insert into PERSON_2(PID, WC, TG, HDL, BP, GLC) values("DMO57319", "108.6", "177.5", "30.7", "145/103", "102.9");
insert into PERSON_3(PID, TYPE_ID, IDENTITY_ID) values("DMO57319", "1", "002292728");
insert into ENCOUNTER(PID, ADMSN_TIME, CONTACT_DATE) values("DMO57319", "2014-07-21T09:58:31-04:00", "2014-07-21");

insert into PERSON(PID, FIRST_NAME, LAST_NAME, SEX, BIRTH_DATE, DEATH_DATE, REG_DATE) values("DMO53963", "Alyssa", "Rivera", "F", "1967-11-04T12:44:17-04:00", null, "2014-12-09T12:32:07-04:00");
insert into PERSON_2(PID, WC, TG, HDL, BP, GLC) values("DMO53963", "91.5", "155.4", "47.8", "125/103", "103.4");
insert into PERSON_3(PID, TYPE_ID, IDENTITY_ID) values("DMO53963", "1", "004200321");
insert into ENCOUNTER(PID, ADMSN_TIME, CONTACT_DATE) values("DMO53963", "2014-12-11T19:46:28-04:00", "2014-12-11");

insert into PERSON(PID, FIRST_NAME, LAST_NAME, SEX, BIRTH_DATE, DEATH_DATE, REG_DATE) values("DMO16515", "Jayden", "Lewis", "M", "1934-07-17T08:26:42-04:00", null, "2014-10-17T19:37:31-04:00");
insert into PERSON_2(PID, WC, TG, HDL, BP, GLC) values("DMO16515", "107.4", "166.7", "39.3", "109/71", "80.5");
insert into PERSON_3(PID, TYPE_ID, IDENTITY_ID) values("DMO16515", "1", "008157812");
insert into ENCOUNTER(PID, ADMSN_TIME, CONTACT_DATE) values("DMO16515", "2014-10-18T14:19:16-04:00", "2014-10-18");

insert into PERSON(PID, FIRST_NAME, LAST_NAME, SEX, BIRTH_DATE, DEATH_DATE, REG_DATE) values("DMO99844", "Layla", "Bryant", "F", "1984-09-29T18:52:39-04:00", null, "2014-03-03T02:49:33-04:00");
insert into PERSON_2(PID, WC, TG, HDL, BP, GLC) values("DMO99844", "87.4", "164.9", "42.3", "128/74", "103.6");
insert into PERSON_3(PID, TYPE_ID, IDENTITY_ID) values("DMO99844", "1", "000070922");
insert into ENCOUNTER(PID, ADMSN_TIME, CONTACT_DATE) values("DMO99844", "2014-03-05T18:11:32-04:00", "2014-03-05");

insert into PERSON(PID, FIRST_NAME, LAST_NAME, SEX, BIRTH_DATE, DEATH_DATE, REG_DATE) values("DMO37923", "Nicholas", "Jenkins", "M", "1956-05-24T02:56:06-04:00", null, "2014-06-12T09:50:06-04:00");
insert into PERSON_2(PID, WC, TG, HDL, BP, GLC) values("DMO37923", "82.9", null, "32.6", "124/104", "81.0");
insert into PERSON_3(PID, TYPE_ID, IDENTITY_ID) values("DMO37923", "1", "003614367");
insert into ENCOUNTER(PID, ADMSN_TIME, CONTACT_DATE) values("DMO37923", "2014-06-14T08:03:21-04:00", "2014-06-14");

insert into PERSON(PID, FIRST_NAME, LAST_NAME, SEX, BIRTH_DATE, DEATH_DATE, REG_DATE) values("DMO25701", "Joshua", "Anderson", "M", "1961-05-10T11:58:32-04:00", null, "2014-02-22T21:13:28-04:00");
insert into PERSON_2(PID, WC, TG, HDL, BP, GLC) values("DMO25701", "109.2", "129.8", "41.6", "121/72", "87.7");
insert into PERSON_3(PID, TYPE_ID, IDENTITY_ID) values("DMO25701", "1", "006001085");
insert into ENCOUNTER(PID, ADMSN_TIME, CONTACT_DATE) values("DMO25701", "2014-02-24T03:52:40-04:00", "2014-02-24");

insert into PERSON(PID, FIRST_NAME, LAST_NAME, SEX, BIRTH_DATE, DEATH_DATE, REG_DATE) values("DMO31737", "Peyton", "Wood", "F", "2004-10-16T20:49:29-04:00", null, "2014-10-22T07:01:58-04:00");
insert into PERSON_2(PID, WC, TG, HDL, BP, GLC) values("DMO31737", "104.8", "176.3", "30.1", "141/74", "113.4");
insert into PERSON_3(PID, TYPE_ID, IDENTITY_ID) values("DMO31737", "1", "001773456");
insert into ENCOUNTER(PID, ADMSN_TIME, CONTACT_DATE) values("DMO31737", "2014-10-22T07:04:55-04:00", "2014-10-22");

insert into PERSON(PID, FIRST_NAME, LAST_NAME, SEX, BIRTH_DATE, DEATH_DATE, REG_DATE) values("DMO43334", "Lincoln", "Baker", "M", "1973-08-19T04:58:51-04:00", null, "2014-12-28T13:16:32-04:00");
insert into PERSON_2(PID, WC, TG, HDL, BP, GLC) values("DMO43334", "109.2", null, "37.0", "108/98", null);
insert into PERSON_3(PID, TYPE_ID, IDENTITY_ID) values("DMO43334", "1", "005044359");
insert into ENCOUNTER(PID, ADMSN_TIME, CONTACT_DATE) values("DMO43334", "2014-12-29T00:15:16-04:00", "2014-12-29");

insert into PERSON(PID, FIRST_NAME, LAST_NAME, SEX, BIRTH_DATE, DEATH_DATE, REG_DATE) values("DMO52866", "Ryan", "Walker", "M", "1952-07-14T19:33:19-04:00", null, "2014-03-21T07:14:11-04:00");
insert into PERSON_2(PID, WC, TG, HDL, BP, GLC) values("DMO52866", "96.1", "128.9", "35.8", "149/94", "103.9");
insert into PERSON_3(PID, TYPE_ID, IDENTITY_ID) values("DMO52866", "1", "007872501");
insert into ENCOUNTER(PID, ADMSN_TIME, CONTACT_DATE) values("DMO52866", "2014-03-23T02:07:17-04:00", "2014-03-23");

insert into PERSON(PID, FIRST_NAME, LAST_NAME, SEX, BIRTH_DATE, DEATH_DATE, REG_DATE) values("DMO20818", "Lucy", "Williams", "F", "2004-10-22T04:10:36-04:00", null, "2014-01-02T11:12:01-04:00");
insert into PERSON_2(PID, WC, TG, HDL, BP, GLC) values("DMO20818", "103.6", "123.8", "35.5", "134/94", "102.0");
insert into PERSON_3(PID, TYPE_ID, IDENTITY_ID) values("DMO20818", "1", "002365993");
insert into ENCOUNTER(PID, ADMSN_TIME, CONTACT_DATE) values("DMO20818", "2014-01-03T10:45:54-04:00", "2014-01-03");

insert into PERSON(PID, FIRST_NAME, LAST_NAME, SEX, BIRTH_DATE, DEATH_DATE, REG_DATE) values("DMO10478", "Melanie", "Bell", "F", "1937-08-08T00:33:08-04:00", null, "2014-11-06T01:03:36-04:00");
insert into PERSON_2(PID, WC, TG, HDL, BP, GLC) values("DMO10478", "87.9", "142.3", "43.6", "141/73", "81.8");
insert into PERSON_3(PID, TYPE_ID, IDENTITY_ID) values("DMO10478", "1", "006025611");
insert into ENCOUNTER(PID, ADMSN_TIME, CONTACT_DATE) values("DMO10478", "2014-11-08T23:32:07-04:00", "2014-11-08");

insert into PERSON(PID, FIRST_NAME, LAST_NAME, SEX, BIRTH_DATE, DEATH_DATE, REG_DATE) values("DMO44312", "Aaron", "Peterson", "M", "1978-03-09T02:18:09-04:00", null, "2014-11-09T23:59:19-04:00");
insert into PERSON_2(PID, WC, TG, HDL, BP, GLC) values("DMO44312", "78.0", "128.1", "42.5", null, "113.1");
insert into PERSON_3(PID, TYPE_ID, IDENTITY_ID) values("DMO44312", "1", "002019195");
insert into ENCOUNTER(PID, ADMSN_TIME, CONTACT_DATE) values("DMO44312", "2014-11-09T00:59:32-04:00", "2014-11-09");

insert into PERSON(PID, FIRST_NAME, LAST_NAME, SEX, BIRTH_DATE, DEATH_DATE, REG_DATE) values("DMO84703", "Addison", "Jackson", "F", "1971-11-08T12:41:46-04:00", null, "2014-12-19T10:41:20-04:00");
insert into PERSON_2(PID, WC, TG, HDL, BP, GLC) values("DMO84703", "109.1", "133.7", "30.4", "113/65", "103.6");
insert into PERSON_3(PID, TYPE_ID, IDENTITY_ID) values("DMO84703", "1", "001647798");
insert into ENCOUNTER(PID, ADMSN_TIME, CONTACT_DATE) values("DMO84703", "2014-12-20T07:51:52-04:00", "2014-12-20");

insert into PERSON(PID, FIRST_NAME, LAST_NAME, SEX, BIRTH_DATE, DEATH_DATE, REG_DATE) values("DMO77150", "Adam", "Evans", "M", "1957-03-17T17:56:03-04:00", null, "2014-10-30T15:15:24-04:00");
insert into PERSON_2(PID, WC, TG, HDL, BP, GLC) values("DMO77150", "91.2", "170.4", "30.5", "127/65", "86.3");
insert into PERSON_3(PID, TYPE_ID, IDENTITY_ID) values("DMO77150", "1", "001134000");
insert into ENCOUNTER(PID, ADMSN_TIME, CONTACT_DATE) values("DMO77150", "2014-11-01T09:00:11-04:00", "2014-11-01");

insert into PERSON(PID, FIRST_NAME, LAST_NAME, SEX, BIRTH_DATE, DEATH_DATE, REG_DATE) values("DMO33451", "Kennedy", "Diaz", "F", "1947-06-05T05:26:43-04:00", null, "2014-01-01T16:32:35-04:00");
insert into PERSON_2(PID, WC, TG, HDL, BP, GLC) values("DMO33451", "103.9", "175.4", "35.4", "120/84", "95.0");
insert into PERSON_3(PID, TYPE_ID, IDENTITY_ID) values("DMO33451", "1", "009145769");
insert into ENCOUNTER(PID, ADMSN_TIME, CONTACT_DATE) values("DMO33451", "2014-01-01T06:28:09-04:00", "2014-01-01");

insert into PERSON(PID, FIRST_NAME, LAST_NAME, SEX, BIRTH_DATE, DEATH_DATE, REG_DATE) values("DMO64351", "Jocelyn", "Butler", "F", "1982-01-13T22:03:42-04:00", null, "2014-12-20T13:02:44-04:00");
insert into PERSON_2(PID, WC, TG, HDL, BP, GLC) values("DMO64351", "115.3", "158.9", "42.6", "120/84", "94.7");
insert into PERSON_3(PID, TYPE_ID, IDENTITY_ID) values("DMO64351", "1", "004881501");
insert into ENCOUNTER(PID, ADMSN_TIME, CONTACT_DATE) values("DMO64351", "2014-12-20T02:58:50-04:00", "2014-12-20");

insert into PERSON(PID, FIRST_NAME, LAST_NAME, SEX, BIRTH_DATE, DEATH_DATE, REG_DATE) values("DMO85649", "Claire", "Scott", "F", "1986-12-22T05:12:26-04:00", null, "2014-03-03T06:59:55-04:00");
insert into PERSON_2(PID, WC, TG, HDL, BP, GLC) values("DMO85649", "82.2", "137.9", null, "107/90", "88.5");
insert into PERSON_3(PID, TYPE_ID, IDENTITY_ID) values("DMO85649", "1", "005592287");
insert into ENCOUNTER(PID, ADMSN_TIME, CONTACT_DATE) values("DMO85649", "2014-03-03T05:10:23-04:00", "2014-03-03");

insert into PERSON(PID, FIRST_NAME, LAST_NAME, SEX, BIRTH_DATE, DEATH_DATE, REG_DATE) values("DMO55165", "Lucas", "Ross", "M", "1958-04-10T11:52:14-04:00", null, "2014-11-26T23:41:30-04:00");
insert into PERSON_2(PID, WC, TG, HDL, BP, GLC) values("DMO55165", "116.0", "153.0", "35.7", "140/86", "86.7");
insert into PERSON_3(PID, TYPE_ID, IDENTITY_ID) values("DMO55165", "1", "008579699");
insert into ENCOUNTER(PID, ADMSN_TIME, CONTACT_DATE) values("DMO55165", "2014-11-27T04:07:26-04:00", "2014-11-27");

insert into PERSON(PID, FIRST_NAME, LAST_NAME, SEX, BIRTH_DATE, DEATH_DATE, REG_DATE) values("DMO84570", "Claire", "Watson", "F", "2006-01-25T08:02:47-04:00", null, "2014-12-26T22:01:20-04:00");
insert into PERSON_2(PID, WC, TG, HDL, BP, GLC) values("DMO84570", "75.5", "134.0", "36.6", "105/96", "95.6");
insert into PERSON_3(PID, TYPE_ID, IDENTITY_ID) values("DMO84570", "1", "006237704");
insert into ENCOUNTER(PID, ADMSN_TIME, CONTACT_DATE) values("DMO84570", "2014-12-27T00:38:52-04:00", "2014-12-27");

insert into PERSON(PID, FIRST_NAME, LAST_NAME, SEX, BIRTH_DATE, DEATH_DATE, REG_DATE) values("DMO14643", "Luke", "Jenkins", "M", "1961-07-14T15:54:14-04:00", null, "2014-08-10T23:04:51-04:00");
insert into PERSON_2(PID, WC, TG, HDL, BP, GLC) values("DMO14643", "116.7", "123.5", null, "140/65", "96.2");
insert into PERSON_3(PID, TYPE_ID, IDENTITY_ID) values("DMO14643", "1", "004130728");
insert into ENCOUNTER(PID, ADMSN_TIME, CONTACT_DATE) values("DMO14643", "2014-08-11T00:25:10-04:00", "2014-08-11");

insert into PERSON(PID, FIRST_NAME, LAST_NAME, SEX, BIRTH_DATE, DEATH_DATE, REG_DATE) values("DMO41416", "Joshua", "Lopez", "M", "1992-11-07T21:08:08-04:00", "2008-07-02T13:24:30-04:00", "2014-04-09T19:07:05-04:00");
insert into PERSON_2(PID, WC, TG, HDL, BP, GLC) values("DMO41416", "99.6", "137.8", "33.6", null, "93.4");
insert into PERSON_3(PID, TYPE_ID, IDENTITY_ID) values("DMO41416", "1", "001955721");
insert into ENCOUNTER(PID, ADMSN_TIME, CONTACT_DATE) values("DMO41416", "2014-04-10T06:01:36-04:00", "2014-04-10");

insert into PERSON(PID, FIRST_NAME, LAST_NAME, SEX, BIRTH_DATE, DEATH_DATE, REG_DATE) values("DMO88318", "Chloe", "Martin", "F", "1930-08-25T02:17:20-04:00", null, "2014-01-11T20:43:19-04:00");
insert into PERSON_2(PID, WC, TG, HDL, BP, GLC) values("DMO88318", null, "179.2", "34.8", "107/86", "84.9");
insert into PERSON_3(PID, TYPE_ID, IDENTITY_ID) values("DMO88318", "1", "008866862");
insert into ENCOUNTER(PID, ADMSN_TIME, CONTACT_DATE) values("DMO88318", "2014-01-13T18:41:03-04:00", "2014-01-13");

insert into PERSON(PID, FIRST_NAME, LAST_NAME, SEX, BIRTH_DATE, DEATH_DATE, REG_DATE) values("DMO38204", "Eva", "Bailey", "F", "2004-04-04T00:22:51-04:00", null, "2014-11-02T15:09:45-04:00");
insert into PERSON_2(PID, WC, TG, HDL, BP, GLC) values("DMO38204", "123.9", "167.3", "34.4", "111/94", "88.1");
insert into PERSON_3(PID, TYPE_ID, IDENTITY_ID) values("DMO38204", "1", "005944148");
insert into ENCOUNTER(PID, ADMSN_TIME, CONTACT_DATE) values("DMO38204", "2014-11-04T00:57:02-04:00", "2014-11-04");

insert into PERSON(PID, FIRST_NAME, LAST_NAME, SEX, BIRTH_DATE, DEATH_DATE, REG_DATE) values("DMO35383", "John", "Howard", "M", "1992-07-25T23:26:38-04:00", null, "2014-04-14T06:41:16-04:00");
insert into PERSON_2(PID, WC, TG, HDL, BP, GLC) values("DMO35383", "117.7", "157.4", null, "117/79", "115.8");
insert into PERSON_3(PID, TYPE_ID, IDENTITY_ID) values("DMO35383", "1", "006762933");
insert into ENCOUNTER(PID, ADMSN_TIME, CONTACT_DATE) values("DMO35383", "2014-04-16T04:40:54-04:00", "2014-04-16");

insert into PERSON(PID, FIRST_NAME, LAST_NAME, SEX, BIRTH_DATE, DEATH_DATE, REG_DATE) values("DMO37858", "Ryan", "Mitchell", "M", "1965-09-28T20:59:15-04:00", null, "2014-11-11T01:44:05-04:00");
insert into PERSON_2(PID, WC, TG, HDL, BP, GLC) values("DMO37858", "79.1", "137.8", null, "118/77", "88.0");
insert into PERSON_3(PID, TYPE_ID, IDENTITY_ID) values("DMO37858", "1", "009002246");
insert into ENCOUNTER(PID, ADMSN_TIME, CONTACT_DATE) values("DMO37858", "2014-11-11T19:54:04-04:00", "2014-11-11");

insert into PERSON(PID, FIRST_NAME, LAST_NAME, SEX, BIRTH_DATE, DEATH_DATE, REG_DATE) values("DMO76181", "Olivia", "Wilson", "F", null, null, "2014-04-18T20:18:33-04:00");
insert into PERSON_2(PID, WC, TG, HDL, BP, GLC) values("DMO76181", "88.1", "146.2", "45.5", "124/97", "92.0");
insert into PERSON_3(PID, TYPE_ID, IDENTITY_ID) values("DMO76181", "1", "005012261");
insert into ENCOUNTER(PID, ADMSN_TIME, CONTACT_DATE) values("DMO76181", "2014-04-20T00:12:48-04:00", "2014-04-20");

insert into PERSON(PID, FIRST_NAME, LAST_NAME, SEX, BIRTH_DATE, DEATH_DATE, REG_DATE) values("DMO49737", "Jack", "Allen", "M", "1947-12-07T07:54:30-04:00", null, "2014-08-02T10:06:51-04:00");
insert into PERSON_2(PID, WC, TG, HDL, BP, GLC) values("DMO49737", "107.9", null, "31.0", "129/81", "84.3");
insert into PERSON_3(PID, TYPE_ID, IDENTITY_ID) values("DMO49737", "1", "009734831");
insert into ENCOUNTER(PID, ADMSN_TIME, CONTACT_DATE) values("DMO49737", "2014-08-04T06:58:57-04:00", "2014-08-04");

insert into PERSON(PID, FIRST_NAME, LAST_NAME, SEX, BIRTH_DATE, DEATH_DATE, REG_DATE) values("DMO64925", "James", "Diaz", "M", "1936-06-16T13:56:54-04:00", null, "2014-12-12T05:13:18-04:00");
insert into PERSON_2(PID, WC, TG, HDL, BP, GLC) values("DMO64925", "107.8", "144.3", "32.5", "136/68", "104.3");
insert into PERSON_3(PID, TYPE_ID, IDENTITY_ID) values("DMO64925", "1", "000136518");
insert into ENCOUNTER(PID, ADMSN_TIME, CONTACT_DATE) values("DMO64925", "2014-12-12T14:40:19-04:00", "2014-12-12");

insert into PERSON(PID, FIRST_NAME, LAST_NAME, SEX, BIRTH_DATE, DEATH_DATE, REG_DATE) values("DMO20999", "Jaxon", "Bryant", "M", "1960-09-13T05:59:54-04:00", null, "2014-09-14T19:25:44-04:00");
insert into PERSON_2(PID, WC, TG, HDL, BP, GLC) values("DMO20999", "114.1", "148.8", "30.1", "118/69", "81.6");
insert into PERSON_3(PID, TYPE_ID, IDENTITY_ID) values("DMO20999", "1", "007206179");
insert into ENCOUNTER(PID, ADMSN_TIME, CONTACT_DATE) values("DMO20999", "2014-09-16T01:59:44-04:00", "2014-09-16");

insert into PERSON(PID, FIRST_NAME, LAST_NAME, SEX, BIRTH_DATE, DEATH_DATE, REG_DATE) values("DMO24106", "Kayla", "Harris", "F", "1942-03-18T22:57:32-04:00", null, "2014-08-05T02:55:58-04:00");
insert into PERSON_2(PID, WC, TG, HDL, BP, GLC) values("DMO24106", "110.8", "124.9", "41.1", null, "99.8");
insert into PERSON_3(PID, TYPE_ID, IDENTITY_ID) values("DMO24106", "1", "002913986");
insert into ENCOUNTER(PID, ADMSN_TIME, CONTACT_DATE) values("DMO24106", "2014-08-06T01:28:10-04:00", "2014-08-06");

insert into PERSON(PID, FIRST_NAME, LAST_NAME, SEX, BIRTH_DATE, DEATH_DATE, REG_DATE) values("DMO90968", "Aaron", "Hill", "M", "1936-04-15T20:06:41-04:00", null, "2014-10-25T16:22:59-04:00");
insert into PERSON_2(PID, WC, TG, HDL, BP, GLC) values("DMO90968", "101.5", "123.3", "32.8", "147/101", "111.4");
insert into PERSON_3(PID, TYPE_ID, IDENTITY_ID) values("DMO90968", "1", "008945894");
insert into ENCOUNTER(PID, ADMSN_TIME, CONTACT_DATE) values("DMO90968", "2014-10-25T19:12:28-04:00", "2014-10-25");

insert into PERSON(PID, FIRST_NAME, LAST_NAME, SEX, BIRTH_DATE, DEATH_DATE, REG_DATE) values("DMO33780", "Melanie", "Lopez", "F", "2010-01-09T10:33:05-04:00", null, "2014-08-28T09:41:17-04:00");
insert into PERSON_2(PID, WC, TG, HDL, BP, GLC) values("DMO33780", "98.3", "135.3", "39.1", "140/101", "101.0");
insert into PERSON_3(PID, TYPE_ID, IDENTITY_ID) values("DMO33780", "1", "000070930");
insert into ENCOUNTER(PID, ADMSN_TIME, CONTACT_DATE) values("DMO33780", "2014-08-28T20:49:14-04:00", "2014-08-28");

insert into PERSON(PID, FIRST_NAME, LAST_NAME, SEX, BIRTH_DATE, DEATH_DATE, REG_DATE) values("DMO86532", "Jayden", "Taylor", "M", "1979-03-04T03:19:01-04:00", null, "2014-01-30T18:58:56-04:00");
insert into PERSON_2(PID, WC, TG, HDL, BP, GLC) values("DMO86532", null, "144.1", "32.4", "119/70", "101.0");
insert into PERSON_3(PID, TYPE_ID, IDENTITY_ID) values("DMO86532", "1", "009589610");
insert into ENCOUNTER(PID, ADMSN_TIME, CONTACT_DATE) values("DMO86532", "2014-01-30T17:47:23-04:00", "2014-01-30");

insert into PERSON(PID, FIRST_NAME, LAST_NAME, SEX, BIRTH_DATE, DEATH_DATE, REG_DATE) values("DMO27723", "Sadie", "Patterson", "F", "1969-01-08T18:34:50-04:00", null, "2014-07-26T10:16:30-04:00");
insert into PERSON_2(PID, WC, TG, HDL, BP, GLC) values("DMO27723", "93.4", "161.1", "48.7", "122/90", "93.2");
insert into PERSON_3(PID, TYPE_ID, IDENTITY_ID) values("DMO27723", "1", "004534310");
insert into ENCOUNTER(PID, ADMSN_TIME, CONTACT_DATE) values("DMO27723", "2014-07-28T08:04:01-04:00", "2014-07-28");

insert into PERSON(PID, FIRST_NAME, LAST_NAME, SEX, BIRTH_DATE, DEATH_DATE, REG_DATE) values("DMO53208", "Zoe", "Anderson", "F", "1935-08-06T08:19:18-04:00", null, "2014-12-01T23:43:14-04:00");
insert into PERSON_2(PID, WC, TG, HDL, BP, GLC) values("DMO53208", "120.9", "130.2", "46.0", "143/83", "82.4");
insert into PERSON_3(PID, TYPE_ID, IDENTITY_ID) values("DMO53208", "1", "008781821");
insert into ENCOUNTER(PID, ADMSN_TIME, CONTACT_DATE) values("DMO53208", "2014-12-01T12:05:47-04:00", "2014-12-01");

insert into PERSON(PID, FIRST_NAME, LAST_NAME, SEX, BIRTH_DATE, DEATH_DATE, REG_DATE) values("DMO32912", "Anthony", "Hughes", "M", "1973-07-05T06:51:53-04:00", null, "2014-01-23T02:04:34-04:00");
insert into PERSON_2(PID, WC, TG, HDL, BP, GLC) values("DMO32912", "103.9", null, "46.1", "126/66", "114.1");
insert into PERSON_3(PID, TYPE_ID, IDENTITY_ID) values("DMO32912", "1", "002366299");
insert into ENCOUNTER(PID, ADMSN_TIME, CONTACT_DATE) values("DMO32912", "2014-01-24T01:43:44-04:00", "2014-01-24");

insert into PERSON(PID, FIRST_NAME, LAST_NAME, SEX, BIRTH_DATE, DEATH_DATE, REG_DATE) values("DMO11461", "Samantha", "Nelson", "F", "1976-02-09T23:55:23-04:00", null, "2014-10-07T17:28:15-04:00");
insert into PERSON_2(PID, WC, TG, HDL, BP, GLC) values("DMO11461", null, "137.8", "49.2", "150/84", "96.4");
insert into PERSON_3(PID, TYPE_ID, IDENTITY_ID) values("DMO11461", "1", "005313455");
insert into ENCOUNTER(PID, ADMSN_TIME, CONTACT_DATE) values("DMO11461", "2014-10-08T07:09:51-04:00", "2014-10-08");

insert into PERSON(PID, FIRST_NAME, LAST_NAME, SEX, BIRTH_DATE, DEATH_DATE, REG_DATE) values("DMO91891", "Gavin", "Adams", "M", "1937-01-30T08:30:01-04:00", null, "2014-08-21T09:18:36-04:00");
insert into PERSON_2(PID, WC, TG, HDL, BP, GLC) values("DMO91891", "75.2", "138.5", "35.1", "128/80", null);
insert into PERSON_3(PID, TYPE_ID, IDENTITY_ID) values("DMO91891", "1", "000534676");
insert into ENCOUNTER(PID, ADMSN_TIME, CONTACT_DATE) values("DMO91891", "2014-08-21T08:29:32-04:00", "2014-08-21");

insert into PERSON(PID, FIRST_NAME, LAST_NAME, SEX, BIRTH_DATE, DEATH_DATE, REG_DATE) values("DMO15114", "Alexander", "Patterson", "M", "2012-02-24T12:48:38-04:00", null, "2014-09-03T09:20:41-04:00");
insert into PERSON_2(PID, WC, TG, HDL, BP, GLC) values("DMO15114", "93.5", null, "31.8", "130/91", null);
insert into PERSON_3(PID, TYPE_ID, IDENTITY_ID) values("DMO15114", "1", "001759342");
insert into ENCOUNTER(PID, ADMSN_TIME, CONTACT_DATE) values("DMO15114", "2014-09-03T03:37:02-04:00", "2014-09-03");

insert into PERSON(PID, FIRST_NAME, LAST_NAME, SEX, BIRTH_DATE, DEATH_DATE, REG_DATE) values("DMO57616", "Angel", "Rivera", "M", "1989-10-06T04:51:46-04:00", null, "2014-05-08T05:38:09-04:00");
insert into PERSON_2(PID, WC, TG, HDL, BP, GLC) values("DMO57616", "121.6", "152.6", "36.1", null, "119.8");
insert into PERSON_3(PID, TYPE_ID, IDENTITY_ID) values("DMO57616", "1", "000875740");
insert into ENCOUNTER(PID, ADMSN_TIME, CONTACT_DATE) values("DMO57616", "2014-05-09T02:31:21-04:00", "2014-05-09");

insert into PERSON(PID, FIRST_NAME, LAST_NAME, SEX, BIRTH_DATE, DEATH_DATE, REG_DATE) values("DMO56756", "Hunter", "Flores", "M", "1980-03-30T20:25:01-04:00", null, "2014-02-26T11:22:17-04:00");
insert into PERSON_2(PID, WC, TG, HDL, BP, GLC) values("DMO56756", "79.6", "137.1", "37.4", "125/80", null);
insert into PERSON_3(PID, TYPE_ID, IDENTITY_ID) values("DMO56756", "1", "004021104");
insert into ENCOUNTER(PID, ADMSN_TIME, CONTACT_DATE) values("DMO56756", "2014-02-27T16:49:45-04:00", "2014-02-27");

insert into PERSON(PID, FIRST_NAME, LAST_NAME, SEX, BIRTH_DATE, DEATH_DATE, REG_DATE) values("DMO94883", "Brayden", "Parker", "M", "1939-11-02T12:51:23-04:00", null, "2014-05-05T03:40:35-04:00");
insert into PERSON_2(PID, WC, TG, HDL, BP, GLC) values("DMO94883", "107.0", "127.1", "47.7", "118/82", "80.0");
insert into PERSON_3(PID, TYPE_ID, IDENTITY_ID) values("DMO94883", "1", "005515916");
insert into ENCOUNTER(PID, ADMSN_TIME, CONTACT_DATE) values("DMO94883", "2014-05-05T01:07:26-04:00", "2014-05-05");

insert into PERSON(PID, FIRST_NAME, LAST_NAME, SEX, BIRTH_DATE, DEATH_DATE, REG_DATE) values("DMO86167", "Sophia", "Bennett", "F", "2005-06-18T20:08:01-04:00", null, "2014-07-22T17:35:22-04:00");
insert into PERSON_2(PID, WC, TG, HDL, BP, GLC) values("DMO86167", "119.4", "168.8", "45.5", "137/100", "92.8");
insert into PERSON_3(PID, TYPE_ID, IDENTITY_ID) values("DMO86167", "1", "001943183");
insert into ENCOUNTER(PID, ADMSN_TIME, CONTACT_DATE) values("DMO86167", "2014-07-24T09:43:49-04:00", "2014-07-24");

insert into PERSON(PID, FIRST_NAME, LAST_NAME, SEX, BIRTH_DATE, DEATH_DATE, REG_DATE) values("DMO98394", "Nolan", "Wilson", "M", "1938-03-05T23:56:42-04:00", null, "2014-09-08T11:02:09-04:00");
insert into PERSON_2(PID, WC, TG, HDL, BP, GLC) values("DMO98394", "124.2", "139.9", "40.9", "146/81", "93.5");
insert into PERSON_3(PID, TYPE_ID, IDENTITY_ID) values("DMO98394", "1", "000286544");
insert into ENCOUNTER(PID, ADMSN_TIME, CONTACT_DATE) values("DMO98394", "2014-09-08T11:14:17-04:00", "2014-09-08");

insert into PERSON(PID, FIRST_NAME, LAST_NAME, SEX, BIRTH_DATE, DEATH_DATE, REG_DATE) values("DMO47641", "Eva", "Adams", "F", null, null, "2014-10-25T00:56:58-04:00");
insert into PERSON_2(PID, WC, TG, HDL, BP, GLC) values("DMO47641", "114.2", "168.1", "44.6", "149/75", "116.3");
insert into PERSON_3(PID, TYPE_ID, IDENTITY_ID) values("DMO47641", "1", "004962506");
insert into ENCOUNTER(PID, ADMSN_TIME, CONTACT_DATE) values("DMO47641", "2014-10-26T22:34:56-04:00", "2014-10-26");

insert into PERSON(PID, FIRST_NAME, LAST_NAME, SEX, BIRTH_DATE, DEATH_DATE, REG_DATE) values("DMO41474", "Samantha", "Brown", "F", "1975-07-01T19:49:02-04:00", null, "2014-01-05T04:44:24-04:00");
insert into PERSON_2(PID, WC, TG, HDL, BP, GLC) values("DMO41474", "124.5", "151.5", "44.0", "140/88", "110.8");
insert into PERSON_3(PID, TYPE_ID, IDENTITY_ID) values("DMO41474", "1", "009614302");
insert into ENCOUNTER(PID, ADMSN_TIME, CONTACT_DATE) values("DMO41474", "2014-01-05T17:50:53-04:00", "2014-01-05");

insert into PERSON(PID, FIRST_NAME, LAST_NAME, SEX, BIRTH_DATE, DEATH_DATE, REG_DATE) values("DMO93196", "Jaxon", "Hall", "M", null, null, "2014-07-13T00:12:41-04:00");
insert into PERSON_2(PID, WC, TG, HDL, BP, GLC) values("DMO93196", "96.1", "179.8", "46.7", null, "99.1");
insert into PERSON_3(PID, TYPE_ID, IDENTITY_ID) values("DMO93196", "1", "009360808");
insert into ENCOUNTER(PID, ADMSN_TIME, CONTACT_DATE) values("DMO93196", "2014-07-15T00:50:26-04:00", "2014-07-15");

insert into PERSON(PID, FIRST_NAME, LAST_NAME, SEX, BIRTH_DATE, DEATH_DATE, REG_DATE) values("DMO32423", "Mason", "Martin", "M", "2009-01-26T15:55:06-04:00", null, "2014-09-16T05:41:17-04:00");
insert into PERSON_2(PID, WC, TG, HDL, BP, GLC) values("DMO32423", "106.0", null, null, "127/92", "92.0");
insert into PERSON_3(PID, TYPE_ID, IDENTITY_ID) values("DMO32423", "1", "007296012");
insert into ENCOUNTER(PID, ADMSN_TIME, CONTACT_DATE) values("DMO32423", "2014-09-17T03:38:20-04:00", "2014-09-17");

insert into PERSON(PID, FIRST_NAME, LAST_NAME, SEX, BIRTH_DATE, DEATH_DATE, REG_DATE) values("DMO98069", "Henry", "Ward", "M", "1958-08-16T14:11:06-04:00", null, "2014-04-10T18:44:01-04:00");
insert into PERSON_2(PID, WC, TG, HDL, BP, GLC) values("DMO98069", "101.3", "161.5", null, "153/77", "116.3");
insert into PERSON_3(PID, TYPE_ID, IDENTITY_ID) values("DMO98069", "1", "004754206");
insert into ENCOUNTER(PID, ADMSN_TIME, CONTACT_DATE) values("DMO98069", "2014-04-11T03:09:16-04:00", "2014-04-11");

insert into PERSON(PID, FIRST_NAME, LAST_NAME, SEX, BIRTH_DATE, DEATH_DATE, REG_DATE) values("DMO59829", "Zoe", "Harris", "F", "1971-02-01T22:54:07-04:00", null, "2014-07-07T23:07:02-04:00");
insert into PERSON_2(PID, WC, TG, HDL, BP, GLC) values("DMO59829", "80.3", "138.0", null, "152/104", "113.7");
insert into PERSON_3(PID, TYPE_ID, IDENTITY_ID) values("DMO59829", "1", "003599990");
insert into ENCOUNTER(PID, ADMSN_TIME, CONTACT_DATE) values("DMO59829", "2014-07-07T06:51:03-04:00", "2014-07-07");

insert into PERSON(PID, FIRST_NAME, LAST_NAME, SEX, BIRTH_DATE, DEATH_DATE, REG_DATE) values("DMO66798", "Penelope", "Russell", "F", null, null, "2014-03-17T18:27:22-04:00");
insert into PERSON_2(PID, WC, TG, HDL, BP, GLC) values("DMO66798", "93.4", "147.0", null, "144/101", "112.5");
insert into PERSON_3(PID, TYPE_ID, IDENTITY_ID) values("DMO66798", "1", "006669149");
insert into ENCOUNTER(PID, ADMSN_TIME, CONTACT_DATE) values("DMO66798", "2014-03-19T13:01:45-04:00", "2014-03-19");

insert into PERSON(PID, FIRST_NAME, LAST_NAME, SEX, BIRTH_DATE, DEATH_DATE, REG_DATE) values("DMO68562", "Henry", "Evans", "M", "1977-07-04T15:20:47-04:00", null, "2014-09-19T21:06:16-04:00");
insert into PERSON_2(PID, WC, TG, HDL, BP, GLC) values("DMO68562", "106.3", "161.8", "31.5", "126/72", "117.7");
insert into PERSON_3(PID, TYPE_ID, IDENTITY_ID) values("DMO68562", "1", "007352068");
insert into ENCOUNTER(PID, ADMSN_TIME, CONTACT_DATE) values("DMO68562", "2014-09-20T15:41:46-04:00", "2014-09-20");

insert into PERSON(PID, FIRST_NAME, LAST_NAME, SEX, BIRTH_DATE, DEATH_DATE, REG_DATE) values("DMO15870", "Zoey", "Sanchez", "F", "1969-12-20T10:01:07-04:00", null, "2014-12-23T06:50:26-04:00");
insert into PERSON_2(PID, WC, TG, HDL, BP, GLC) values("DMO15870", "117.4", "168.7", "31.2", "118/84", "100.9");
insert into PERSON_3(PID, TYPE_ID, IDENTITY_ID) values("DMO15870", "1", "004602936");
insert into ENCOUNTER(PID, ADMSN_TIME, CONTACT_DATE) values("DMO15870", "2014-12-24T18:06:32-04:00", "2014-12-24");

insert into PERSON(PID, FIRST_NAME, LAST_NAME, SEX, BIRTH_DATE, DEATH_DATE, REG_DATE) values("DMO84458", "Naomi", "Mitchell", "F", "1940-01-03T15:10:03-04:00", null, "2014-01-13T20:01:01-04:00");
insert into PERSON_2(PID, WC, TG, HDL, BP, GLC) values("DMO84458", "111.4", "124.2", "46.7", "151/98", "116.1");
insert into PERSON_3(PID, TYPE_ID, IDENTITY_ID) values("DMO84458", "1", "000190979");
insert into ENCOUNTER(PID, ADMSN_TIME, CONTACT_DATE) values("DMO84458", "2014-01-13T03:36:09-04:00", "2014-01-13");

insert into PERSON(PID, FIRST_NAME, LAST_NAME, SEX, BIRTH_DATE, DEATH_DATE, REG_DATE) values("DMO57351", "Emma", "Robinson", "F", "1998-09-24T16:41:39-04:00", null, "2014-12-29T11:16:36-04:00");
insert into PERSON_2(PID, WC, TG, HDL, BP, GLC) values("DMO57351", "119.2", "126.5", null, "112/99", "83.3");
insert into PERSON_3(PID, TYPE_ID, IDENTITY_ID) values("DMO57351", "1", "003651974");
insert into ENCOUNTER(PID, ADMSN_TIME, CONTACT_DATE) values("DMO57351", "2014-12-31T00:40:17-04:00", "2014-12-31");

insert into PERSON(PID, FIRST_NAME, LAST_NAME, SEX, BIRTH_DATE, DEATH_DATE, REG_DATE) values("DMO04883", "Sophia", "Moore", "F", "1979-02-05T11:06:14-04:00", null, "2014-12-24T02:28:19-04:00");
insert into PERSON_2(PID, WC, TG, HDL, BP, GLC) values("DMO04883", "87.3", "178.7", null, "117/87", "98.8");
insert into PERSON_3(PID, TYPE_ID, IDENTITY_ID) values("DMO04883", "1", "000545660");
insert into ENCOUNTER(PID, ADMSN_TIME, CONTACT_DATE) values("DMO04883", "2014-12-26T21:09:34-04:00", "2014-12-26");

insert into PERSON(PID, FIRST_NAME, LAST_NAME, SEX, BIRTH_DATE, DEATH_DATE, REG_DATE) values("DMO60402", "Juan", "Gonzalez", "M", "2004-03-03T18:03:40-04:00", null, "2014-04-27T15:56:05-04:00");
insert into PERSON_2(PID, WC, TG, HDL, BP, GLC) values("DMO60402", "121.4", "161.2", "32.8", "149/66", "97.2");
insert into PERSON_3(PID, TYPE_ID, IDENTITY_ID) values("DMO60402", "1", "002150840");
insert into ENCOUNTER(PID, ADMSN_TIME, CONTACT_DATE) values("DMO60402", "2014-04-28T05:03:24-04:00", "2014-04-28");

insert into PERSON(PID, FIRST_NAME, LAST_NAME, SEX, BIRTH_DATE, DEATH_DATE, REG_DATE) values("DMO79467", "Kayden", "Diaz", "M", "1997-03-16T00:03:55-04:00", null, "2014-03-17T22:53:00-04:00");
insert into PERSON_2(PID, WC, TG, HDL, BP, GLC) values("DMO79467", null, "149.0", "36.2", "120/69", "87.2");
insert into PERSON_3(PID, TYPE_ID, IDENTITY_ID) values("DMO79467", "1", "001559235");
insert into ENCOUNTER(PID, ADMSN_TIME, CONTACT_DATE) values("DMO79467", "2014-03-18T00:30:38-04:00", "2014-03-18");

insert into PERSON(PID, FIRST_NAME, LAST_NAME, SEX, BIRTH_DATE, DEATH_DATE, REG_DATE) values("DMO14817", "Annabelle", "Lee", "F", "1946-11-11T14:40:33-04:00", null, "2014-09-23T19:25:22-04:00");
insert into PERSON_2(PID, WC, TG, HDL, BP, GLC) values("DMO14817", "88.9", "176.3", "32.3", "117/90", "118.7");
insert into PERSON_3(PID, TYPE_ID, IDENTITY_ID) values("DMO14817", "1", "002784158");
insert into ENCOUNTER(PID, ADMSN_TIME, CONTACT_DATE) values("DMO14817", "2014-09-24T21:46:33-04:00", "2014-09-24");

insert into PERSON(PID, FIRST_NAME, LAST_NAME, SEX, BIRTH_DATE, DEATH_DATE, REG_DATE) values("DMO74678", "Ashley", "Butler", "F", "1937-11-09T17:00:24-04:00", "1995-08-02T17:36:36-04:00", "2014-10-02T03:54:38-04:00");
insert into PERSON_2(PID, WC, TG, HDL, BP, GLC) values("DMO74678", "111.1", "165.1", "46.6", "143/93", null);
insert into PERSON_3(PID, TYPE_ID, IDENTITY_ID) values("DMO74678", "1", "009498942");
insert into ENCOUNTER(PID, ADMSN_TIME, CONTACT_DATE) values("DMO74678", "2014-10-03T16:21:26-04:00", "2014-10-03");

insert into PERSON(PID, FIRST_NAME, LAST_NAME, SEX, BIRTH_DATE, DEATH_DATE, REG_DATE) values("DMO49291", "Hudson", "Mitchell", "M", "1992-07-12T21:35:59-04:00", null, "2014-03-03T00:22:34-04:00");
insert into PERSON_2(PID, WC, TG, HDL, BP, GLC) values("DMO49291", "119.0", "124.2", "44.3", "127/71", "82.4");
insert into PERSON_3(PID, TYPE_ID, IDENTITY_ID) values("DMO49291", "1", "000581801");
insert into ENCOUNTER(PID, ADMSN_TIME, CONTACT_DATE) values("DMO49291", "2014-03-05T01:58:12-04:00", "2014-03-05");

insert into PERSON(PID, FIRST_NAME, LAST_NAME, SEX, BIRTH_DATE, DEATH_DATE, REG_DATE) values("DMO82571", "Carson", "Miller", "M", "1977-07-22T02:42:47-04:00", null, "2014-01-08T22:33:52-04:00");
insert into PERSON_2(PID, WC, TG, HDL, BP, GLC) values("DMO82571", "99.0", "179.3", "42.2", "142/86", "107.6");
insert into PERSON_3(PID, TYPE_ID, IDENTITY_ID) values("DMO82571", "1", "005473612");
insert into ENCOUNTER(PID, ADMSN_TIME, CONTACT_DATE) values("DMO82571", "2014-01-09T21:32:42-04:00", "2014-01-09");

insert into PERSON(PID, FIRST_NAME, LAST_NAME, SEX, BIRTH_DATE, DEATH_DATE, REG_DATE) values("DMO89869", "Lillian", "Young", "F", "2006-05-29T04:19:33-04:00", null, "2014-09-26T00:49:27-04:00");
insert into PERSON_2(PID, WC, TG, HDL, BP, GLC) values("DMO89869", "80.1", "132.7", "31.1", "144/82", "116.3");
insert into PERSON_3(PID, TYPE_ID, IDENTITY_ID) values("DMO89869", "1", "005535898");
insert into ENCOUNTER(PID, ADMSN_TIME, CONTACT_DATE) values("DMO89869", "2014-09-28T07:34:14-04:00", "2014-09-28");

insert into PERSON(PID, FIRST_NAME, LAST_NAME, SEX, BIRTH_DATE, DEATH_DATE, REG_DATE) values("DMO50936", "Violet", "Carter", "F", null, null, "2014-09-21T12:46:45-04:00");
insert into PERSON_2(PID, WC, TG, HDL, BP, GLC) values("DMO50936", "104.6", "162.8", "37.7", "148/97", null);
insert into PERSON_3(PID, TYPE_ID, IDENTITY_ID) values("DMO50936", "1", "002373723");
insert into ENCOUNTER(PID, ADMSN_TIME, CONTACT_DATE) values("DMO50936", "2014-09-21T21:26:59-04:00", "2014-09-21");

insert into PERSON(PID, FIRST_NAME, LAST_NAME, SEX, BIRTH_DATE, DEATH_DATE, REG_DATE) values("DMO27225", "Evelyn", "Campbell", "F", "1980-01-30T18:53:35-04:00", null, "2014-07-01T09:44:03-04:00");
insert into PERSON_2(PID, WC, TG, HDL, BP, GLC) values("DMO27225", "108.9", "130.6", "38.2", "114/86", "100.5");
insert into PERSON_3(PID, TYPE_ID, IDENTITY_ID) values("DMO27225", "1", "004475979");
insert into ENCOUNTER(PID, ADMSN_TIME, CONTACT_DATE) values("DMO27225", "2014-07-01T22:58:41-04:00", "2014-07-01");

insert into PERSON(PID, FIRST_NAME, LAST_NAME, SEX, BIRTH_DATE, DEATH_DATE, REG_DATE) values("DMO59241", "Paisley", "Peterson", "F", "1931-06-23T16:23:50-04:00", null, "2014-08-17T17:39:42-04:00");
insert into PERSON_2(PID, WC, TG, HDL, BP, GLC) values("DMO59241", "118.6", "170.1", "44.5", "142/93", null);
insert into PERSON_3(PID, TYPE_ID, IDENTITY_ID) values("DMO59241", "1", "005369015");
insert into ENCOUNTER(PID, ADMSN_TIME, CONTACT_DATE) values("DMO59241", "2014-08-19T19:50:04-04:00", "2014-08-19");

insert into PERSON(PID, FIRST_NAME, LAST_NAME, SEX, BIRTH_DATE, DEATH_DATE, REG_DATE) values("DMO84207", "William", "Mitchell", "M", "1960-08-22T08:49:58-04:00", null, "2014-08-20T16:04:10-04:00");
insert into PERSON_2(PID, WC, TG, HDL, BP, GLC) values("DMO84207", "117.8", "122.3", "34.8", "129/69", "112.3");
insert into PERSON_3(PID, TYPE_ID, IDENTITY_ID) values("DMO84207", "1", "005864394");
insert into ENCOUNTER(PID, ADMSN_TIME, CONTACT_DATE) values("DMO84207", "2014-08-20T03:22:19-04:00", "2014-08-20");

insert into PERSON(PID, FIRST_NAME, LAST_NAME, SEX, BIRTH_DATE, DEATH_DATE, REG_DATE) values("DMO46998", "Skylar", "Watson", "F", "1990-07-16T10:53:54-04:00", null, "2014-01-08T07:57:28-04:00");
insert into PERSON_2(PID, WC, TG, HDL, BP, GLC) values("DMO46998", "78.9", "167.7", "34.5", "125/94", "113.3");
insert into PERSON_3(PID, TYPE_ID, IDENTITY_ID) values("DMO46998", "1", "000495281");
insert into ENCOUNTER(PID, ADMSN_TIME, CONTACT_DATE) values("DMO46998", "2014-01-08T16:37:34-04:00", "2014-01-08");

insert into PERSON(PID, FIRST_NAME, LAST_NAME, SEX, BIRTH_DATE, DEATH_DATE, REG_DATE) values("DMO40524", "Jordan", "Thomas", "M", "1947-08-30T00:23:16-04:00", null, "2014-12-23T04:55:47-04:00");
insert into PERSON_2(PID, WC, TG, HDL, BP, GLC) values("DMO40524", "96.0", "136.1", "42.3", "149/77", "84.7");
insert into PERSON_3(PID, TYPE_ID, IDENTITY_ID) values("DMO40524", "1", "006308310");
insert into ENCOUNTER(PID, ADMSN_TIME, CONTACT_DATE) values("DMO40524", "2014-12-24T20:16:40-04:00", "2014-12-24");

insert into PERSON(PID, FIRST_NAME, LAST_NAME, SEX, BIRTH_DATE, DEATH_DATE, REG_DATE) values("DMO03281", "Michael", "Collins", "M", "1944-06-24T16:32:16-04:00", null, "2014-07-03T05:28:47-04:00");
insert into PERSON_2(PID, WC, TG, HDL, BP, GLC) values("DMO03281", "76.9", "132.2", "41.6", "131/85", "88.8");
insert into PERSON_3(PID, TYPE_ID, IDENTITY_ID) values("DMO03281", "1", "004290931");
insert into ENCOUNTER(PID, ADMSN_TIME, CONTACT_DATE) values("DMO03281", "2014-07-04T22:08:40-04:00", "2014-07-04");

insert into PERSON(PID, FIRST_NAME, LAST_NAME, SEX, BIRTH_DATE, DEATH_DATE, REG_DATE) values("DMO75287", "Elizabeth", "Collins", "F", "2002-07-02T16:17:38-04:00", null, "2014-12-01T12:43:57-04:00");
insert into PERSON_2(PID, WC, TG, HDL, BP, GLC) values("DMO75287", "88.6", "142.6", "32.9", "110/82", "89.6");
insert into PERSON_3(PID, TYPE_ID, IDENTITY_ID) values("DMO75287", "1", "000315602");
insert into ENCOUNTER(PID, ADMSN_TIME, CONTACT_DATE) values("DMO75287", "2014-12-01T19:40:32-04:00", "2014-12-01");

insert into PERSON(PID, FIRST_NAME, LAST_NAME, SEX, BIRTH_DATE, DEATH_DATE, REG_DATE) values("DMO60469", "Hunter", "Adams", "M", "1937-07-02T15:09:00-04:00", null, "2014-01-22T09:16:11-04:00");
insert into PERSON_2(PID, WC, TG, HDL, BP, GLC) values("DMO60469", "92.8", null, "49.4", "153/95", "101.9");
insert into PERSON_3(PID, TYPE_ID, IDENTITY_ID) values("DMO60469", "1", "006229143");
insert into ENCOUNTER(PID, ADMSN_TIME, CONTACT_DATE) values("DMO60469", "2014-01-24T09:06:50-04:00", "2014-01-24");

insert into PERSON(PID, FIRST_NAME, LAST_NAME, SEX, BIRTH_DATE, DEATH_DATE, REG_DATE) values("DMO54545", "Charlotte", "Sanchez", "F", "1960-04-04T14:36:32-04:00", null, "2014-11-29T04:07:20-04:00");
insert into PERSON_2(PID, WC, TG, HDL, BP, GLC) values("DMO54545", "94.4", "160.2", "37.9", "139/73", "89.4");
insert into PERSON_3(PID, TYPE_ID, IDENTITY_ID) values("DMO54545", "1", "005070819");
insert into ENCOUNTER(PID, ADMSN_TIME, CONTACT_DATE) values("DMO54545", "2014-11-29T23:17:32-04:00", "2014-11-29");

insert into PERSON(PID, FIRST_NAME, LAST_NAME, SEX, BIRTH_DATE, DEATH_DATE, REG_DATE) values("DMO07812", "Anthony", "Torres", "M", "1938-11-06T06:38:50-04:00", null, "2014-09-08T11:21:54-04:00");
insert into PERSON_2(PID, WC, TG, HDL, BP, GLC) values("DMO07812", "82.5", "159.4", "34.8", "143/88", null);
insert into PERSON_3(PID, TYPE_ID, IDENTITY_ID) values("DMO07812", "1", "006168098");
insert into ENCOUNTER(PID, ADMSN_TIME, CONTACT_DATE) values("DMO07812", "2014-09-10T21:55:21-04:00", "2014-09-10");

insert into PERSON(PID, FIRST_NAME, LAST_NAME, SEX, BIRTH_DATE, DEATH_DATE, REG_DATE) values("DMO13093", "Lucas", "Wilson", "M", "1942-01-13T22:27:26-04:00", null, "2014-10-28T02:59:45-04:00");
insert into PERSON_2(PID, WC, TG, HDL, BP, GLC) values("DMO13093", "84.2", "131.3", "45.1", null, null);
insert into PERSON_3(PID, TYPE_ID, IDENTITY_ID) values("DMO13093", "1", "000039350");
insert into ENCOUNTER(PID, ADMSN_TIME, CONTACT_DATE) values("DMO13093", "2014-10-29T09:23:23-04:00", "2014-10-29");

insert into PERSON(PID, FIRST_NAME, LAST_NAME, SEX, BIRTH_DATE, DEATH_DATE, REG_DATE) values("DMO59415", "Jordan", "Garcia", "M", "2009-05-16T13:00:58-04:00", null, "2014-05-15T20:37:24-04:00");
insert into PERSON_2(PID, WC, TG, HDL, BP, GLC) values("DMO59415", "106.2", "132.9", "30.7", "152/79", "115.1");
insert into PERSON_3(PID, TYPE_ID, IDENTITY_ID) values("DMO59415", "1", "002844026");
insert into ENCOUNTER(PID, ADMSN_TIME, CONTACT_DATE) values("DMO59415", "2014-05-15T07:38:45-04:00", "2014-05-15");

insert into PERSON(PID, FIRST_NAME, LAST_NAME, SEX, BIRTH_DATE, DEATH_DATE, REG_DATE) values("DMO16772", "Kevin", "Baker", "M", "1968-12-10T13:22:07-04:00", null, "2014-01-27T11:36:49-04:00");
insert into PERSON_2(PID, WC, TG, HDL, BP, GLC) values("DMO16772", "109.6", "154.3", "39.1", "113/87", "97.5");
insert into PERSON_3(PID, TYPE_ID, IDENTITY_ID) values("DMO16772", "1", "005199578");
insert into ENCOUNTER(PID, ADMSN_TIME, CONTACT_DATE) values("DMO16772", "2014-01-27T17:02:35-04:00", "2014-01-27");

insert into PERSON(PID, FIRST_NAME, LAST_NAME, SEX, BIRTH_DATE, DEATH_DATE, REG_DATE) values("DMO36076", "Gabriel", "Martin", "M", "1933-11-09T03:45:22-04:00", null, "2014-07-10T11:51:21-04:00");
insert into PERSON_2(PID, WC, TG, HDL, BP, GLC) values("DMO36076", "88.0", "147.8", "37.4", "151/70", "100.4");
insert into PERSON_3(PID, TYPE_ID, IDENTITY_ID) values("DMO36076", "1", "004679904");
insert into ENCOUNTER(PID, ADMSN_TIME, CONTACT_DATE) values("DMO36076", "2014-07-12T07:12:06-04:00", "2014-07-12");

insert into PERSON(PID, FIRST_NAME, LAST_NAME, SEX, BIRTH_DATE, DEATH_DATE, REG_DATE) values("DMO89016", "Bentley", "Patterson", "M", "1971-05-01T19:37:48-04:00", null, "2014-04-18T21:01:01-04:00");
insert into PERSON_2(PID, WC, TG, HDL, BP, GLC) values("DMO89016", "75.6", "129.7", "31.1", "120/81", "112.7");
insert into PERSON_3(PID, TYPE_ID, IDENTITY_ID) values("DMO89016", "1", "002937035");
insert into ENCOUNTER(PID, ADMSN_TIME, CONTACT_DATE) values("DMO89016", "2014-04-20T19:55:52-04:00", "2014-04-20");

insert into PERSON(PID, FIRST_NAME, LAST_NAME, SEX, BIRTH_DATE, DEATH_DATE, REG_DATE) values("DMO22475", "Justin", "Gray", "M", null, null, "2014-10-17T09:11:57-04:00");
insert into PERSON_2(PID, WC, TG, HDL, BP, GLC) values("DMO22475", "117.4", "152.3", "47.0", "145/80", null);
insert into PERSON_3(PID, TYPE_ID, IDENTITY_ID) values("DMO22475", "1", "009538898");
insert into ENCOUNTER(PID, ADMSN_TIME, CONTACT_DATE) values("DMO22475", "2014-10-18T07:56:05-04:00", "2014-10-18");

insert into PERSON(PID, FIRST_NAME, LAST_NAME, SEX, BIRTH_DATE, DEATH_DATE, REG_DATE) values("DMO23954", "Melanie", "Diaz", "F", "1997-07-01T16:47:05-04:00", null, "2014-03-28T07:31:32-04:00");
insert into PERSON_2(PID, WC, TG, HDL, BP, GLC) values("DMO23954", "118.3", "168.5", "47.7", "114/98", "93.9");
insert into PERSON_3(PID, TYPE_ID, IDENTITY_ID) values("DMO23954", "1", "003833479");
insert into ENCOUNTER(PID, ADMSN_TIME, CONTACT_DATE) values("DMO23954", "2014-03-29T00:17:28-04:00", "2014-03-29");

insert into PERSON(PID, FIRST_NAME, LAST_NAME, SEX, BIRTH_DATE, DEATH_DATE, REG_DATE) values("DMO10239", "Eli", "Lopez", "M", "1981-12-28T12:16:46-04:00", null, "2014-05-22T08:41:48-04:00");
insert into PERSON_2(PID, WC, TG, HDL, BP, GLC) values("DMO10239", null, "128.7", "47.5", "133/88", "98.3");
insert into PERSON_3(PID, TYPE_ID, IDENTITY_ID) values("DMO10239", "1", "003962220");
insert into ENCOUNTER(PID, ADMSN_TIME, CONTACT_DATE) values("DMO10239", "2014-05-24T02:47:43-04:00", "2014-05-24");

insert into PERSON(PID, FIRST_NAME, LAST_NAME, SEX, BIRTH_DATE, DEATH_DATE, REG_DATE) values("DMO02321", "Eli", "Wright", "M", "1971-06-03T01:59:12-04:00", null, "2014-06-20T00:45:10-04:00");
insert into PERSON_2(PID, WC, TG, HDL, BP, GLC) values("DMO02321", "119.9", "129.8", null, "154/99", "99.2");
insert into PERSON_3(PID, TYPE_ID, IDENTITY_ID) values("DMO02321", "1", "006041359");
insert into ENCOUNTER(PID, ADMSN_TIME, CONTACT_DATE) values("DMO02321", "2014-06-22T02:45:03-04:00", "2014-06-22");

insert into PERSON(PID, FIRST_NAME, LAST_NAME, SEX, BIRTH_DATE, DEATH_DATE, REG_DATE) values("DMO08774", "Melanie", "Thomas", "F", "1938-10-31T07:00:41-04:00", null, "2014-12-29T13:19:17-04:00");
insert into PERSON_2(PID, WC, TG, HDL, BP, GLC) values("DMO08774", "123.3", "143.7", "42.1", "121/72", "91.2");
insert into PERSON_3(PID, TYPE_ID, IDENTITY_ID) values("DMO08774", "1", "002850041");
insert into ENCOUNTER(PID, ADMSN_TIME, CONTACT_DATE) values("DMO08774", "2014-12-31T06:49:25-04:00", "2014-12-31");

insert into PERSON(PID, FIRST_NAME, LAST_NAME, SEX, BIRTH_DATE, DEATH_DATE, REG_DATE) values("DMO46675", "Victoria", "Martinez", "F", "1988-07-02T07:16:41-04:00", null, "2014-10-04T07:08:06-04:00");
insert into PERSON_2(PID, WC, TG, HDL, BP, GLC) values("DMO46675", "112.3", "147.4", "49.9", "146/74", "91.5");
insert into PERSON_3(PID, TYPE_ID, IDENTITY_ID) values("DMO46675", "1", "006841825");
insert into ENCOUNTER(PID, ADMSN_TIME, CONTACT_DATE) values("DMO46675", "2014-10-06T01:45:43-04:00", "2014-10-06");

insert into PERSON(PID, FIRST_NAME, LAST_NAME, SEX, BIRTH_DATE, DEATH_DATE, REG_DATE) values("DMO19289", "Brayden", "Washington", "M", "1934-08-30T23:03:34-04:00", null, "2014-11-17T17:49:49-04:00");
insert into PERSON_2(PID, WC, TG, HDL, BP, GLC) values("DMO19289", "116.1", "155.7", "41.3", "143/98", "108.5");
insert into PERSON_3(PID, TYPE_ID, IDENTITY_ID) values("DMO19289", "1", "009754147");
insert into ENCOUNTER(PID, ADMSN_TIME, CONTACT_DATE) values("DMO19289", "2014-11-17T14:32:11-04:00", "2014-11-17");

insert into PERSON(PID, FIRST_NAME, LAST_NAME, SEX, BIRTH_DATE, DEATH_DATE, REG_DATE) values("DMO53399", "Sophia", "Simmons", "F", "1980-05-13T10:27:34-04:00", null, "2014-05-07T09:25:06-04:00");
insert into PERSON_2(PID, WC, TG, HDL, BP, GLC) values("DMO53399", "94.7", "175.5", "45.7", "127/104", null);
insert into PERSON_3(PID, TYPE_ID, IDENTITY_ID) values("DMO53399", "1", "002207100");
insert into ENCOUNTER(PID, ADMSN_TIME, CONTACT_DATE) values("DMO53399", "2014-05-07T05:53:19-04:00", "2014-05-07");

insert into PERSON(PID, FIRST_NAME, LAST_NAME, SEX, BIRTH_DATE, DEATH_DATE, REG_DATE) values("DMO02359", "Madeline", "Martinez", "F", "1998-04-16T16:20:26-04:00", null, "2014-04-12T01:59:54-04:00");
insert into PERSON_2(PID, WC, TG, HDL, BP, GLC) values("DMO02359", "97.2", "123.3", "35.2", "135/67", "85.6");
insert into PERSON_3(PID, TYPE_ID, IDENTITY_ID) values("DMO02359", "1", "005285840");
insert into ENCOUNTER(PID, ADMSN_TIME, CONTACT_DATE) values("DMO02359", "2014-04-14T13:28:17-04:00", "2014-04-14");

insert into PERSON(PID, FIRST_NAME, LAST_NAME, SEX, BIRTH_DATE, DEATH_DATE, REG_DATE) values("DMO04503", "Colton", "Lee", "M", "2013-10-15T17:39:37-04:00", null, "2014-11-23T18:06:36-04:00");
insert into PERSON_2(PID, WC, TG, HDL, BP, GLC) values("DMO04503", "85.6", "144.8", "46.9", "152/82", "108.6");
insert into PERSON_3(PID, TYPE_ID, IDENTITY_ID) values("DMO04503", "1", "005747953");
insert into ENCOUNTER(PID, ADMSN_TIME, CONTACT_DATE) values("DMO04503", "2014-11-25T22:53:01-04:00", "2014-11-25");

insert into PERSON(PID, FIRST_NAME, LAST_NAME, SEX, BIRTH_DATE, DEATH_DATE, REG_DATE) values("DMO23677", "Kylie", "Gonzalez", "F", "1957-05-21T02:29:05-04:00", null, "2014-08-08T23:37:42-04:00");
insert into PERSON_2(PID, WC, TG, HDL, BP, GLC) values("DMO23677", "112.1", "148.2", null, "121/81", "94.1");
insert into PERSON_3(PID, TYPE_ID, IDENTITY_ID) values("DMO23677", "1", "002088438");
insert into ENCOUNTER(PID, ADMSN_TIME, CONTACT_DATE) values("DMO23677", "2014-08-08T09:46:02-04:00", "2014-08-08");

insert into PERSON(PID, FIRST_NAME, LAST_NAME, SEX, BIRTH_DATE, DEATH_DATE, REG_DATE) values("DMO38239", "Sophie", "Bryant", "F", "2006-05-21T22:55:19-04:00", null, "2014-02-21T18:06:54-04:00");
insert into PERSON_2(PID, WC, TG, HDL, BP, GLC) values("DMO38239", "124.3", "151.5", "42.9", "146/89", "101.3");
insert into PERSON_3(PID, TYPE_ID, IDENTITY_ID) values("DMO38239", "1", "005639805");
insert into ENCOUNTER(PID, ADMSN_TIME, CONTACT_DATE) values("DMO38239", "2014-02-23T07:24:41-04:00", "2014-02-23");

insert into PERSON(PID, FIRST_NAME, LAST_NAME, SEX, BIRTH_DATE, DEATH_DATE, REG_DATE) values("DMO86616", "Jack", "Parker", "M", "1958-07-18T19:23:40-04:00", null, "2014-02-08T13:48:14-04:00");
insert into PERSON_2(PID, WC, TG, HDL, BP, GLC) values("DMO86616", "75.2", "124.7", "44.6", "111/98", "94.6");
insert into PERSON_3(PID, TYPE_ID, IDENTITY_ID) values("DMO86616", "1", "002595050");
insert into ENCOUNTER(PID, ADMSN_TIME, CONTACT_DATE) values("DMO86616", "2014-02-09T06:38:42-04:00", "2014-02-09");

insert into PERSON(PID, FIRST_NAME, LAST_NAME, SEX, BIRTH_DATE, DEATH_DATE, REG_DATE) values("DMO85096", "Zoey", "Howard", "F", "2006-11-13T18:26:39-04:00", null, "2014-04-18T03:54:38-04:00");
insert into PERSON_2(PID, WC, TG, HDL, BP, GLC) values("DMO85096", "121.8", "174.0", "37.6", "142/78", "107.2");
insert into PERSON_3(PID, TYPE_ID, IDENTITY_ID) values("DMO85096", "1", "006681252");
insert into ENCOUNTER(PID, ADMSN_TIME, CONTACT_DATE) values("DMO85096", "2014-04-20T13:07:50-04:00", "2014-04-20");

insert into PERSON(PID, FIRST_NAME, LAST_NAME, SEX, BIRTH_DATE, DEATH_DATE, REG_DATE) values("DMO20251", "Lucas", "Patterson", "M", "1941-02-12T20:01:58-04:00", null, "2014-09-18T13:27:07-04:00");
insert into PERSON_2(PID, WC, TG, HDL, BP, GLC) values("DMO20251", null, "165.4", "34.3", "119/80", "100.9");
insert into PERSON_3(PID, TYPE_ID, IDENTITY_ID) values("DMO20251", "1", "000270424");
insert into ENCOUNTER(PID, ADMSN_TIME, CONTACT_DATE) values("DMO20251", "2014-09-19T22:25:44-04:00", "2014-09-19");

insert into PERSON(PID, FIRST_NAME, LAST_NAME, SEX, BIRTH_DATE, DEATH_DATE, REG_DATE) values("DMO04207", "Josiah", "Lewis", "M", "1935-04-22T19:14:01-04:00", null, "2014-11-08T14:29:52-04:00");
insert into PERSON_2(PID, WC, TG, HDL, BP, GLC) values("DMO04207", "113.4", "154.2", "35.4", "128/82", "108.7");
insert into PERSON_3(PID, TYPE_ID, IDENTITY_ID) values("DMO04207", "1", "001077864");
insert into ENCOUNTER(PID, ADMSN_TIME, CONTACT_DATE) values("DMO04207", "2014-11-10T05:41:01-04:00", "2014-11-10");

insert into PERSON(PID, FIRST_NAME, LAST_NAME, SEX, BIRTH_DATE, DEATH_DATE, REG_DATE) values("DMO16254", "Riley", "Howard", "F", "1960-06-04T08:19:44-04:00", null, "2014-05-20T16:34:54-04:00");
insert into PERSON_2(PID, WC, TG, HDL, BP, GLC) values("DMO16254", "92.1", "125.5", "44.4", "107/80", "116.7");
insert into PERSON_3(PID, TYPE_ID, IDENTITY_ID) values("DMO16254", "1", "008858200");
insert into ENCOUNTER(PID, ADMSN_TIME, CONTACT_DATE) values("DMO16254", "2014-05-22T06:50:06-04:00", "2014-05-22");

insert into PERSON(PID, FIRST_NAME, LAST_NAME, SEX, BIRTH_DATE, DEATH_DATE, REG_DATE) values("DMO61856", "Jeremiah", "Reed", "M", "1968-05-16T23:18:21-04:00", null, "2014-01-05T05:03:06-04:00");
insert into PERSON_2(PID, WC, TG, HDL, BP, GLC) values("DMO61856", "83.2", "133.9", "43.2", "114/85", "102.5");
insert into PERSON_3(PID, TYPE_ID, IDENTITY_ID) values("DMO61856", "1", "006681049");
insert into ENCOUNTER(PID, ADMSN_TIME, CONTACT_DATE) values("DMO61856", "2014-01-07T15:52:45-04:00", "2014-01-07");

insert into PERSON(PID, FIRST_NAME, LAST_NAME, SEX, BIRTH_DATE, DEATH_DATE, REG_DATE) values("DMO85659", "Jordan", "Martin", "M", "1969-03-22T09:52:27-04:00", null, "2014-04-26T18:25:51-04:00");
insert into PERSON_2(PID, WC, TG, HDL, BP, GLC) values("DMO85659", "97.6", "170.1", "38.8", "152/73", "89.3");
insert into PERSON_3(PID, TYPE_ID, IDENTITY_ID) values("DMO85659", "1", "000251240");
insert into ENCOUNTER(PID, ADMSN_TIME, CONTACT_DATE) values("DMO85659", "2014-04-28T06:29:54-04:00", "2014-04-28");

insert into PERSON(PID, FIRST_NAME, LAST_NAME, SEX, BIRTH_DATE, DEATH_DATE, REG_DATE) values("DMO86168", "Sophie", "Baker", "F", "1936-06-14T05:01:28-04:00", null, "2014-10-17T01:32:42-04:00");
insert into PERSON_2(PID, WC, TG, HDL, BP, GLC) values("DMO86168", null, "133.6", "43.4", "121/70", "88.6");
insert into PERSON_3(PID, TYPE_ID, IDENTITY_ID) values("DMO86168", "1", "007679486");
insert into ENCOUNTER(PID, ADMSN_TIME, CONTACT_DATE) values("DMO86168", "2014-10-19T08:33:11-04:00", "2014-10-19");

insert into PERSON(PID, FIRST_NAME, LAST_NAME, SEX, BIRTH_DATE, DEATH_DATE, REG_DATE) values("DMO95436", "Melanie", "Russell", "F", "1997-06-26T20:24:08-04:00", null, "2014-04-01T11:44:13-04:00");
insert into PERSON_2(PID, WC, TG, HDL, BP, GLC) values("DMO95436", "85.6", "122.2", "39.3", "121/94", "106.3");
insert into PERSON_3(PID, TYPE_ID, IDENTITY_ID) values("DMO95436", "1", "002279260");
insert into ENCOUNTER(PID, ADMSN_TIME, CONTACT_DATE) values("DMO95436", "2014-04-03T00:12:21-04:00", "2014-04-03");

insert into PERSON(PID, FIRST_NAME, LAST_NAME, SEX, BIRTH_DATE, DEATH_DATE, REG_DATE) values("DMO45789", "Aubree", "Stewart", "F", "1939-04-30T08:58:52-04:00", null, "2014-08-11T01:40:38-04:00");
insert into PERSON_2(PID, WC, TG, HDL, BP, GLC) values("DMO45789", "99.2", "151.7", "42.3", "129/94", "116.3");
insert into PERSON_3(PID, TYPE_ID, IDENTITY_ID) values("DMO45789", "1", "009106052");
insert into ENCOUNTER(PID, ADMSN_TIME, CONTACT_DATE) values("DMO45789", "2014-08-13T19:38:30-04:00", "2014-08-13");

insert into PERSON(PID, FIRST_NAME, LAST_NAME, SEX, BIRTH_DATE, DEATH_DATE, REG_DATE) values("DMO42981", "Leah", "Hall", "F", "1953-08-01T15:30:58-04:00", null, "2014-09-06T22:07:39-04:00");
insert into PERSON_2(PID, WC, TG, HDL, BP, GLC) values("DMO42981", "82.3", "121.8", "32.7", "146/102", "107.0");
insert into PERSON_3(PID, TYPE_ID, IDENTITY_ID) values("DMO42981", "1", "005888797");
insert into ENCOUNTER(PID, ADMSN_TIME, CONTACT_DATE) values("DMO42981", "2014-09-08T16:47:23-04:00", "2014-09-08");

insert into PERSON(PID, FIRST_NAME, LAST_NAME, SEX, BIRTH_DATE, DEATH_DATE, REG_DATE) values("DMO70394", "Julia", "Davis", "F", "1943-09-29T22:22:35-04:00", null, "2014-09-15T23:08:28-04:00");
insert into PERSON_2(PID, WC, TG, HDL, BP, GLC) values("DMO70394", "97.2", "125.0", "43.4", "144/91", "104.4");
insert into PERSON_3(PID, TYPE_ID, IDENTITY_ID) values("DMO70394", "1", "000042040");
insert into ENCOUNTER(PID, ADMSN_TIME, CONTACT_DATE) values("DMO70394", "2014-09-16T20:08:13-04:00", "2014-09-16");

insert into PERSON(PID, FIRST_NAME, LAST_NAME, SEX, BIRTH_DATE, DEATH_DATE, REG_DATE) values("DMO78699", "Lincoln", "James", "M", "1974-08-12T04:49:48-04:00", null, "2014-04-04T21:30:37-04:00");
insert into PERSON_2(PID, WC, TG, HDL, BP, GLC) values("DMO78699", "93.5", "137.3", "43.0", "127/100", null);
insert into PERSON_3(PID, TYPE_ID, IDENTITY_ID) values("DMO78699", "1", "006536116");
insert into ENCOUNTER(PID, ADMSN_TIME, CONTACT_DATE) values("DMO78699", "2014-04-04T05:17:38-04:00", "2014-04-04");

insert into PERSON(PID, FIRST_NAME, LAST_NAME, SEX, BIRTH_DATE, DEATH_DATE, REG_DATE) values("DMO51555", "Ava", "Thomas", "F", "1974-06-05T09:47:55-04:00", null, "2014-08-14T02:44:16-04:00");
insert into PERSON_2(PID, WC, TG, HDL, BP, GLC) values("DMO51555", "79.9", "157.1", "49.9", "147/82", "97.1");
insert into PERSON_3(PID, TYPE_ID, IDENTITY_ID) values("DMO51555", "1", "000400494");
insert into ENCOUNTER(PID, ADMSN_TIME, CONTACT_DATE) values("DMO51555", "2014-08-14T18:46:08-04:00", "2014-08-14");

insert into PERSON(PID, FIRST_NAME, LAST_NAME, SEX, BIRTH_DATE, DEATH_DATE, REG_DATE) values("DMO68276", "Melanie", "Wilson", "F", "1968-10-10T21:58:18-04:00", null, "2014-02-16T03:58:56-04:00");
insert into PERSON_2(PID, WC, TG, HDL, BP, GLC) values("DMO68276", "124.1", "160.6", "38.6", "135/84", "105.0");
insert into PERSON_3(PID, TYPE_ID, IDENTITY_ID) values("DMO68276", "1", "003916792");
insert into ENCOUNTER(PID, ADMSN_TIME, CONTACT_DATE) values("DMO68276", "2014-02-17T01:28:26-04:00", "2014-02-17");

insert into PERSON(PID, FIRST_NAME, LAST_NAME, SEX, BIRTH_DATE, DEATH_DATE, REG_DATE) values("DMO11284", "Olivia", "Gray", "F", "1945-02-16T11:58:30-04:00", null, "2014-01-28T13:29:00-04:00");
insert into PERSON_2(PID, WC, TG, HDL, BP, GLC) values("DMO11284", "82.3", "170.4", "37.4", "116/81", "105.0");
insert into PERSON_3(PID, TYPE_ID, IDENTITY_ID) values("DMO11284", "1", "001889525");
insert into ENCOUNTER(PID, ADMSN_TIME, CONTACT_DATE) values("DMO11284", "2014-01-28T08:27:19-04:00", "2014-01-28");

insert into PERSON(PID, FIRST_NAME, LAST_NAME, SEX, BIRTH_DATE, DEATH_DATE, REG_DATE) values("DMO17816", "Paisley", "Powell", "F", "1968-04-24T06:44:29-04:00", null, "2014-07-28T22:29:16-04:00");
insert into PERSON_2(PID, WC, TG, HDL, BP, GLC) values("DMO17816", "98.1", "177.2", "31.2", "140/79", "83.6");
insert into PERSON_3(PID, TYPE_ID, IDENTITY_ID) values("DMO17816", "1", "009554618");
insert into ENCOUNTER(PID, ADMSN_TIME, CONTACT_DATE) values("DMO17816", "2014-07-28T00:50:15-04:00", "2014-07-28");

insert into PERSON(PID, FIRST_NAME, LAST_NAME, SEX, BIRTH_DATE, DEATH_DATE, REG_DATE) values("DMO37051", "Sophia", "Allen", "F", "1987-12-04T00:34:01-04:00", null, "2014-02-03T13:40:58-04:00");
insert into PERSON_2(PID, WC, TG, HDL, BP, GLC) values("DMO37051", "123.3", "157.7", "32.6", "116/94", "99.4");
insert into PERSON_3(PID, TYPE_ID, IDENTITY_ID) values("DMO37051", "1", "000275807");
insert into ENCOUNTER(PID, ADMSN_TIME, CONTACT_DATE) values("DMO37051", "2014-02-04T00:08:08-04:00", "2014-02-04");

insert into PERSON(PID, FIRST_NAME, LAST_NAME, SEX, BIRTH_DATE, DEATH_DATE, REG_DATE) values("DMO48091", "Jocelyn", "Bryant", "F", "1969-10-09T05:30:28-04:00", null, "2014-01-22T15:50:34-04:00");
insert into PERSON_2(PID, WC, TG, HDL, BP, GLC) values("DMO48091", "80.9", "123.3", "32.9", "108/65", "103.8");
insert into PERSON_3(PID, TYPE_ID, IDENTITY_ID) values("DMO48091", "1", "004233997");
insert into ENCOUNTER(PID, ADMSN_TIME, CONTACT_DATE) values("DMO48091", "2014-01-23T07:33:46-04:00", "2014-01-23");

insert into PERSON(PID, FIRST_NAME, LAST_NAME, SEX, BIRTH_DATE, DEATH_DATE, REG_DATE) values("DMO75661", "Jeremiah", "Clark", "M", "1995-09-17T22:30:33-04:00", null, "2014-09-27T07:39:00-04:00");
insert into PERSON_2(PID, WC, TG, HDL, BP, GLC) values("DMO75661", "93.1", "159.1", "34.0", "121/89", "81.8");
insert into PERSON_3(PID, TYPE_ID, IDENTITY_ID) values("DMO75661", "1", "008454327");
insert into ENCOUNTER(PID, ADMSN_TIME, CONTACT_DATE) values("DMO75661", "2014-09-29T04:49:36-04:00", "2014-09-29");

insert into PERSON(PID, FIRST_NAME, LAST_NAME, SEX, BIRTH_DATE, DEATH_DATE, REG_DATE) values("DMO43540", "Henry", "Roberts", "M", "1984-08-05T08:04:35-04:00", null, "2014-05-04T10:50:34-04:00");
insert into PERSON_2(PID, WC, TG, HDL, BP, GLC) values("DMO43540", "80.8", "124.5", "38.7", "148/70", null);
insert into PERSON_3(PID, TYPE_ID, IDENTITY_ID) values("DMO43540", "1", "007804740");
insert into ENCOUNTER(PID, ADMSN_TIME, CONTACT_DATE) values("DMO43540", "2014-05-05T22:05:00-04:00", "2014-05-05");

insert into PERSON(PID, FIRST_NAME, LAST_NAME, SEX, BIRTH_DATE, DEATH_DATE, REG_DATE) values("DMO96197", "Levi", "Robinson", "M", "2002-12-03T15:39:14-04:00", null, "2014-06-28T12:19:06-04:00");
insert into PERSON_2(PID, WC, TG, HDL, BP, GLC) values("DMO96197", "79.6", "154.3", "33.0", "111/104", "93.8");
insert into PERSON_3(PID, TYPE_ID, IDENTITY_ID) values("DMO96197", "1", "008454904");
insert into ENCOUNTER(PID, ADMSN_TIME, CONTACT_DATE) values("DMO96197", "2014-06-29T16:38:02-04:00", "2014-06-29");

insert into PERSON(PID, FIRST_NAME, LAST_NAME, SEX, BIRTH_DATE, DEATH_DATE, REG_DATE) values("DMO08392", "Noah", "Diaz", "M", null, null, "2014-10-08T07:41:41-04:00");
insert into PERSON_2(PID, WC, TG, HDL, BP, GLC) values("DMO08392", "90.3", "130.7", "46.9", "125/82", "87.3");
insert into PERSON_3(PID, TYPE_ID, IDENTITY_ID) values("DMO08392", "1", "000021690");
insert into ENCOUNTER(PID, ADMSN_TIME, CONTACT_DATE) values("DMO08392", "2014-10-09T10:43:34-04:00", "2014-10-09");

insert into PERSON(PID, FIRST_NAME, LAST_NAME, SEX, BIRTH_DATE, DEATH_DATE, REG_DATE) values("DMO29197", "Grace", "Morgan", "F", "1978-01-23T05:53:49-04:00", null, "2014-03-17T00:20:41-04:00");
insert into PERSON_2(PID, WC, TG, HDL, BP, GLC) values("DMO29197", "90.7", "163.4", "45.6", "126/74", "107.9");
insert into PERSON_3(PID, TYPE_ID, IDENTITY_ID) values("DMO29197", "1", "001169980");
insert into ENCOUNTER(PID, ADMSN_TIME, CONTACT_DATE) values("DMO29197", "2014-03-18T07:40:15-04:00", "2014-03-18");

insert into PERSON(PID, FIRST_NAME, LAST_NAME, SEX, BIRTH_DATE, DEATH_DATE, REG_DATE) values("DMO26004", "Jaxson", "Perry", "M", "1939-06-10T04:57:40-04:00", null, "2014-10-02T05:56:05-04:00");
insert into PERSON_2(PID, WC, TG, HDL, BP, GLC) values("DMO26004", "108.9", "143.9", "39.1", "147/86", "97.2");
insert into PERSON_3(PID, TYPE_ID, IDENTITY_ID) values("DMO26004", "1", "002903065");
insert into ENCOUNTER(PID, ADMSN_TIME, CONTACT_DATE) values("DMO26004", "2014-10-04T11:32:59-04:00", "2014-10-04");

insert into PERSON(PID, FIRST_NAME, LAST_NAME, SEX, BIRTH_DATE, DEATH_DATE, REG_DATE) values("DMO24135", "Isabella", "Garcia", "F", "1935-05-04T08:51:05-04:00", null, "2014-02-04T01:04:24-04:00");
insert into PERSON_2(PID, WC, TG, HDL, BP, GLC) values("DMO24135", "115.3", "154.9", "45.8", "126/73", null);
insert into PERSON_3(PID, TYPE_ID, IDENTITY_ID) values("DMO24135", "1", "006097974");
insert into ENCOUNTER(PID, ADMSN_TIME, CONTACT_DATE) values("DMO24135", "2014-02-06T11:41:43-04:00", "2014-02-06");

insert into PERSON(PID, FIRST_NAME, LAST_NAME, SEX, BIRTH_DATE, DEATH_DATE, REG_DATE) values("DMO81377", "Charlotte", "Hill", "F", "1939-10-13T22:31:55-04:00", "1991-02-12T19:37:29-04:00", "2014-12-17T18:40:51-04:00");
insert into PERSON_2(PID, WC, TG, HDL, BP, GLC) values("DMO81377", null, "173.0", "35.3", "112/81", "106.6");
insert into PERSON_3(PID, TYPE_ID, IDENTITY_ID) values("DMO81377", "1", "004184434");
insert into ENCOUNTER(PID, ADMSN_TIME, CONTACT_DATE) values("DMO81377", "2014-12-19T05:38:25-04:00", "2014-12-19");

insert into PERSON(PID, FIRST_NAME, LAST_NAME, SEX, BIRTH_DATE, DEATH_DATE, REG_DATE) values("DMO67638", "Mila", "Stewart", "F", "2002-08-13T10:58:54-04:00", null, "2014-04-10T14:15:12-04:00");
insert into PERSON_2(PID, WC, TG, HDL, BP, GLC) values("DMO67638", "86.7", "170.7", "43.6", "123/97", "104.0");
insert into PERSON_3(PID, TYPE_ID, IDENTITY_ID) values("DMO67638", "1", "009184322");
insert into ENCOUNTER(PID, ADMSN_TIME, CONTACT_DATE) values("DMO67638", "2014-04-11T23:24:06-04:00", "2014-04-11");

insert into PERSON(PID, FIRST_NAME, LAST_NAME, SEX, BIRTH_DATE, DEATH_DATE, REG_DATE) values("DMO43098", "Sophie", "Williams", "F", "1997-01-21T22:47:15-04:00", null, "2014-03-12T15:30:38-04:00");
insert into PERSON_2(PID, WC, TG, HDL, BP, GLC) values("DMO43098", "85.8", "170.2", "34.9", "117/104", "93.9");
insert into PERSON_3(PID, TYPE_ID, IDENTITY_ID) values("DMO43098", "1", "003640705");
insert into ENCOUNTER(PID, ADMSN_TIME, CONTACT_DATE) values("DMO43098", "2014-03-13T16:04:01-04:00", "2014-03-13");

insert into PERSON(PID, FIRST_NAME, LAST_NAME, SEX, BIRTH_DATE, DEATH_DATE, REG_DATE) values("DMO45870", "Camden", "Bryant", "M", "1944-09-26T19:18:19-04:00", null, "2014-02-10T00:35:22-04:00");
insert into PERSON_2(PID, WC, TG, HDL, BP, GLC) values("DMO45870", "77.1", "134.9", "45.4", "113/102", "114.3");
insert into PERSON_3(PID, TYPE_ID, IDENTITY_ID) values("DMO45870", "1", "003899900");
insert into ENCOUNTER(PID, ADMSN_TIME, CONTACT_DATE) values("DMO45870", "2014-02-12T01:28:41-04:00", "2014-02-12");

insert into PERSON(PID, FIRST_NAME, LAST_NAME, SEX, BIRTH_DATE, DEATH_DATE, REG_DATE) values("DMO70929", "Levi", "Green", "M", "1973-03-03T07:59:14-04:00", null, "2014-04-05T03:28:11-04:00");
insert into PERSON_2(PID, WC, TG, HDL, BP, GLC) values("DMO70929", "93.2", "146.5", "46.5", "129/90", null);
insert into PERSON_3(PID, TYPE_ID, IDENTITY_ID) values("DMO70929", "1", "008716567");
insert into ENCOUNTER(PID, ADMSN_TIME, CONTACT_DATE) values("DMO70929", "2014-04-05T03:50:35-04:00", "2014-04-05");

insert into PERSON(PID, FIRST_NAME, LAST_NAME, SEX, BIRTH_DATE, DEATH_DATE, REG_DATE) values("DMO63871", "Addison", "Henderson", "F", "1957-08-19T12:48:11-04:00", null, "2014-09-19T10:22:46-04:00");
insert into PERSON_2(PID, WC, TG, HDL, BP, GLC) values("DMO63871", "106.5", "123.5", "41.7", "144/86", "116.6");
insert into PERSON_3(PID, TYPE_ID, IDENTITY_ID) values("DMO63871", "1", "006952184");
insert into ENCOUNTER(PID, ADMSN_TIME, CONTACT_DATE) values("DMO63871", "2014-09-20T18:56:23-04:00", "2014-09-20");

insert into PERSON(PID, FIRST_NAME, LAST_NAME, SEX, BIRTH_DATE, DEATH_DATE, REG_DATE) values("DMO22009", "Kayla", "White", "F", "1943-05-26T07:46:01-04:00", null, "2014-10-21T17:01:03-04:00");
insert into PERSON_2(PID, WC, TG, HDL, BP, GLC) values("DMO22009", "113.0", "151.2", "35.8", "144/67", "119.0");
insert into PERSON_3(PID, TYPE_ID, IDENTITY_ID) values("DMO22009", "1", "002490710");
insert into ENCOUNTER(PID, ADMSN_TIME, CONTACT_DATE) values("DMO22009", "2014-10-22T18:23:56-04:00", "2014-10-22");

insert into PERSON(PID, FIRST_NAME, LAST_NAME, SEX, BIRTH_DATE, DEATH_DATE, REG_DATE) values("DMO07339", "Mia", "Lewis", "F", "1959-12-12T15:39:35-04:00", null, "2014-12-30T22:35:36-04:00");
insert into PERSON_2(PID, WC, TG, HDL, BP, GLC) values("DMO07339", "80.3", "131.0", "40.4", "112/94", "98.0");
insert into PERSON_3(PID, TYPE_ID, IDENTITY_ID) values("DMO07339", "1", "002601238");
insert into ENCOUNTER(PID, ADMSN_TIME, CONTACT_DATE) values("DMO07339", "2014-12-31T19:10:10-04:00", "2014-12-31");

insert into PERSON(PID, FIRST_NAME, LAST_NAME, SEX, BIRTH_DATE, DEATH_DATE, REG_DATE) values("DMO82896", "Tristan", "Coleman", "M", "1952-07-29T18:15:34-04:00", null, "2014-12-22T23:09:42-04:00");
insert into PERSON_2(PID, WC, TG, HDL, BP, GLC) values("DMO82896", "101.5", "149.2", "31.0", "115/89", "89.7");
insert into PERSON_3(PID, TYPE_ID, IDENTITY_ID) values("DMO82896", "1", "003432187");
insert into ENCOUNTER(PID, ADMSN_TIME, CONTACT_DATE) values("DMO82896", "2014-12-23T05:27:50-04:00", "2014-12-23");

insert into PERSON(PID, FIRST_NAME, LAST_NAME, SEX, BIRTH_DATE, DEATH_DATE, REG_DATE) values("DMO54048", "Easton", "Torres", "M", "2010-08-31T03:44:13-04:00", null, "2014-02-23T10:14:58-04:00");
insert into PERSON_2(PID, WC, TG, HDL, BP, GLC) values("DMO54048", "105.4", "131.6", "30.4", "148/103", "110.4");
insert into PERSON_3(PID, TYPE_ID, IDENTITY_ID) values("DMO54048", "1", "006435317");
insert into ENCOUNTER(PID, ADMSN_TIME, CONTACT_DATE) values("DMO54048", "2014-02-25T07:06:16-04:00", "2014-02-25");

insert into PERSON(PID, FIRST_NAME, LAST_NAME, SEX, BIRTH_DATE, DEATH_DATE, REG_DATE) values("DMO87135", "Jack", "Ramirez", "M", "1941-07-30T11:42:52-04:00", null, "2014-11-09T08:16:20-04:00");
insert into PERSON_2(PID, WC, TG, HDL, BP, GLC) values("DMO87135", "96.4", "133.9", "41.2", "116/104", "114.6");
insert into PERSON_3(PID, TYPE_ID, IDENTITY_ID) values("DMO87135", "1", "003141661");
insert into ENCOUNTER(PID, ADMSN_TIME, CONTACT_DATE) values("DMO87135", "2014-11-11T19:30:42-04:00", "2014-11-11");

insert into PERSON(PID, FIRST_NAME, LAST_NAME, SEX, BIRTH_DATE, DEATH_DATE, REG_DATE) values("DMO70832", "Allison", "Foster", "F", "1954-01-14T00:36:42-04:00", null, "2014-02-12T03:07:22-04:00");
insert into PERSON_2(PID, WC, TG, HDL, BP, GLC) values("DMO70832", "114.9", "139.7", "42.3", "151/96", "109.7");
insert into PERSON_3(PID, TYPE_ID, IDENTITY_ID) values("DMO70832", "1", "002853205");
insert into ENCOUNTER(PID, ADMSN_TIME, CONTACT_DATE) values("DMO70832", "2014-02-14T18:54:37-04:00", "2014-02-14");

insert into PERSON(PID, FIRST_NAME, LAST_NAME, SEX, BIRTH_DATE, DEATH_DATE, REG_DATE) values("DMO35134", "Samantha", "Edwards", "F", "2007-12-15T21:41:06-04:00", null, "2014-09-07T10:03:55-04:00");
insert into PERSON_2(PID, WC, TG, HDL, BP, GLC) values("DMO35134", "116.8", "143.9", "31.5", "132/75", "93.5");
insert into PERSON_3(PID, TYPE_ID, IDENTITY_ID) values("DMO35134", "1", "000253171");
insert into ENCOUNTER(PID, ADMSN_TIME, CONTACT_DATE) values("DMO35134", "2014-09-09T00:46:53-04:00", "2014-09-09");

insert into PERSON(PID, FIRST_NAME, LAST_NAME, SEX, BIRTH_DATE, DEATH_DATE, REG_DATE) values("DMO21148", "Matthew", "Evans", "M", null, null, "2014-07-13T17:22:44-04:00");
insert into PERSON_2(PID, WC, TG, HDL, BP, GLC) values("DMO21148", "101.9", null, "43.8", "109/103", "81.9");
insert into PERSON_3(PID, TYPE_ID, IDENTITY_ID) values("DMO21148", "1", "006964752");
insert into ENCOUNTER(PID, ADMSN_TIME, CONTACT_DATE) values("DMO21148", "2014-07-14T11:47:27-04:00", "2014-07-14");

insert into PERSON(PID, FIRST_NAME, LAST_NAME, SEX, BIRTH_DATE, DEATH_DATE, REG_DATE) values("DMO24260", "Jacob", "Williams", "M", "1975-04-18T04:18:10-04:00", null, "2014-04-24T15:55:29-04:00");
insert into PERSON_2(PID, WC, TG, HDL, BP, GLC) values("DMO24260", "122.1", "176.2", "44.9", "117/74", "112.9");
insert into PERSON_3(PID, TYPE_ID, IDENTITY_ID) values("DMO24260", "1", "005938217");
insert into ENCOUNTER(PID, ADMSN_TIME, CONTACT_DATE) values("DMO24260", "2014-04-25T18:25:58-04:00", "2014-04-25");

insert into PERSON(PID, FIRST_NAME, LAST_NAME, SEX, BIRTH_DATE, DEATH_DATE, REG_DATE) values("DMO72983", "Ellie", "Coleman", "F", "1991-09-24T08:12:22-04:00", null, "2014-05-02T18:23:35-04:00");
insert into PERSON_2(PID, WC, TG, HDL, BP, GLC) values("DMO72983", null, "156.1", "46.2", "105/69", "107.0");
insert into PERSON_3(PID, TYPE_ID, IDENTITY_ID) values("DMO72983", "1", "003008186");
insert into ENCOUNTER(PID, ADMSN_TIME, CONTACT_DATE) values("DMO72983", "2014-05-03T11:04:40-04:00", "2014-05-03");

insert into PERSON(PID, FIRST_NAME, LAST_NAME, SEX, BIRTH_DATE, DEATH_DATE, REG_DATE) values("DMO32625", "Angel", "Thomas", "M", null, null, "2014-09-12T07:25:34-04:00");
insert into PERSON_2(PID, WC, TG, HDL, BP, GLC) values("DMO32625", "110.8", "130.8", "45.7", "154/74", "105.9");
insert into PERSON_3(PID, TYPE_ID, IDENTITY_ID) values("DMO32625", "1", "005312101");
insert into ENCOUNTER(PID, ADMSN_TIME, CONTACT_DATE) values("DMO32625", "2014-09-14T11:50:48-04:00", "2014-09-14");

insert into PERSON(PID, FIRST_NAME, LAST_NAME, SEX, BIRTH_DATE, DEATH_DATE, REG_DATE) values("DMO35372", "Jason", "Morgan", "M", "1973-05-23T15:33:59-04:00", null, "2014-08-22T06:01:35-04:00");
insert into PERSON_2(PID, WC, TG, HDL, BP, GLC) values("DMO35372", "121.1", "159.3", "46.6", "149/93", "95.4");
insert into PERSON_3(PID, TYPE_ID, IDENTITY_ID) values("DMO35372", "1", "007288929");
insert into ENCOUNTER(PID, ADMSN_TIME, CONTACT_DATE) values("DMO35372", "2014-08-23T15:36:58-04:00", "2014-08-23");

insert into PERSON(PID, FIRST_NAME, LAST_NAME, SEX, BIRTH_DATE, DEATH_DATE, REG_DATE) values("DMO93814", "Riley", "Collins", "F", "1963-04-14T03:06:11-04:00", null, "2014-03-17T13:35:59-04:00");
insert into PERSON_2(PID, WC, TG, HDL, BP, GLC) values("DMO93814", "99.8", "171.6", "42.1", "154/71", "116.7");
insert into PERSON_3(PID, TYPE_ID, IDENTITY_ID) values("DMO93814", "1", "003389414");
insert into ENCOUNTER(PID, ADMSN_TIME, CONTACT_DATE) values("DMO93814", "2014-03-19T17:47:12-04:00", "2014-03-19");

insert into PERSON(PID, FIRST_NAME, LAST_NAME, SEX, BIRTH_DATE, DEATH_DATE, REG_DATE) values("DMO77375", "Camden", "Hayes", "M", "2005-01-16T09:54:32-04:00", null, "2014-08-03T00:44:16-04:00");
insert into PERSON_2(PID, WC, TG, HDL, BP, GLC) values("DMO77375", "79.6", "178.3", "36.9", "107/87", "106.6");
insert into PERSON_3(PID, TYPE_ID, IDENTITY_ID) values("DMO77375", "1", "009769240");
insert into ENCOUNTER(PID, ADMSN_TIME, CONTACT_DATE) values("DMO77375", "2014-08-03T13:39:28-04:00", "2014-08-03");

insert into PERSON(PID, FIRST_NAME, LAST_NAME, SEX, BIRTH_DATE, DEATH_DATE, REG_DATE) values("DMO62187", "Cameron", "Ramirez", "M", null, null, "2014-07-14T16:23:49-04:00");
insert into PERSON_2(PID, WC, TG, HDL, BP, GLC) values("DMO62187", "110.7", "139.4", "35.0", "134/102", "106.7");
insert into PERSON_3(PID, TYPE_ID, IDENTITY_ID) values("DMO62187", "1", "004613342");
insert into ENCOUNTER(PID, ADMSN_TIME, CONTACT_DATE) values("DMO62187", "2014-07-15T23:44:42-04:00", "2014-07-15");

insert into PERSON(PID, FIRST_NAME, LAST_NAME, SEX, BIRTH_DATE, DEATH_DATE, REG_DATE) values("DMO16621", "Gabriel", "Brooks", "M", "1996-09-04T23:20:55-04:00", null, "2014-03-10T18:28:03-04:00");
insert into PERSON_2(PID, WC, TG, HDL, BP, GLC) values("DMO16621", "107.0", "135.3", "41.0", "108/73", "96.1");
insert into PERSON_3(PID, TYPE_ID, IDENTITY_ID) values("DMO16621", "1", "002152851");
insert into ENCOUNTER(PID, ADMSN_TIME, CONTACT_DATE) values("DMO16621", "2014-03-12T14:54:24-04:00", "2014-03-12");

insert into PERSON(PID, FIRST_NAME, LAST_NAME, SEX, BIRTH_DATE, DEATH_DATE, REG_DATE) values("DMO92443", "London", "Alexander", "F", "1945-01-14T14:11:12-04:00", null, "2014-12-27T16:25:44-04:00");
insert into PERSON_2(PID, WC, TG, HDL, BP, GLC) values("DMO92443", "99.2", "124.2", "31.8", "130/81", "87.4");
insert into PERSON_3(PID, TYPE_ID, IDENTITY_ID) values("DMO92443", "1", "003586491");
insert into ENCOUNTER(PID, ADMSN_TIME, CONTACT_DATE) values("DMO92443", "2014-12-27T20:58:40-04:00", "2014-12-27");

insert into PERSON(PID, FIRST_NAME, LAST_NAME, SEX, BIRTH_DATE, DEATH_DATE, REG_DATE) values("DMO35409", "Logan", "Turner", "M", "2011-07-19T20:06:53-04:00", null, "2014-02-01T02:12:37-04:00");
insert into PERSON_2(PID, WC, TG, HDL, BP, GLC) values("DMO35409", null, "120.9", "36.9", "132/74", "117.5");
insert into PERSON_3(PID, TYPE_ID, IDENTITY_ID) values("DMO35409", "1", "009589960");
insert into ENCOUNTER(PID, ADMSN_TIME, CONTACT_DATE) values("DMO35409", "2014-02-03T23:04:22-04:00", "2014-02-03");

insert into PERSON(PID, FIRST_NAME, LAST_NAME, SEX, BIRTH_DATE, DEATH_DATE, REG_DATE) values("DMO27516", "Alyssa", "Wood", "F", "1997-11-07T02:35:08-04:00", null, "2014-09-08T23:22:45-04:00");
insert into PERSON_2(PID, WC, TG, HDL, BP, GLC) values("DMO27516", "92.2", "142.1", "48.1", "152/65", "82.2");
insert into PERSON_3(PID, TYPE_ID, IDENTITY_ID) values("DMO27516", "1", "000101886");
insert into ENCOUNTER(PID, ADMSN_TIME, CONTACT_DATE) values("DMO27516", "2014-09-09T20:53:48-04:00", "2014-09-09");

insert into PERSON(PID, FIRST_NAME, LAST_NAME, SEX, BIRTH_DATE, DEATH_DATE, REG_DATE) values("DMO29950", "Mason", "Gonzales", "M", "1998-04-30T02:45:22-04:00", null, "2014-06-19T01:46:14-04:00");
insert into PERSON_2(PID, WC, TG, HDL, BP, GLC) values("DMO29950", "124.7", "134.0", "31.9", "107/74", "98.8");
insert into PERSON_3(PID, TYPE_ID, IDENTITY_ID) values("DMO29950", "1", "002783722");
insert into ENCOUNTER(PID, ADMSN_TIME, CONTACT_DATE) values("DMO29950", "2014-06-20T18:02:03-04:00", "2014-06-20");

insert into PERSON(PID, FIRST_NAME, LAST_NAME, SEX, BIRTH_DATE, DEATH_DATE, REG_DATE) values("DMO56338", "Tristan", "Long", "M", "1961-06-10T14:29:02-04:00", null, "2014-03-22T01:33:55-04:00");
insert into PERSON_2(PID, WC, TG, HDL, BP, GLC) values("DMO56338", "100.3", "140.9", "45.0", "127/89", "105.6");
insert into PERSON_3(PID, TYPE_ID, IDENTITY_ID) values("DMO56338", "1", "004352045");
insert into ENCOUNTER(PID, ADMSN_TIME, CONTACT_DATE) values("DMO56338", "2014-03-23T20:32:15-04:00", "2014-03-23");

insert into PERSON(PID, FIRST_NAME, LAST_NAME, SEX, BIRTH_DATE, DEATH_DATE, REG_DATE) values("DMO85257", "Natalie", "Walker", "F", "1962-10-08T22:00:26-04:00", null, "2014-12-29T19:37:52-04:00");
insert into PERSON_2(PID, WC, TG, HDL, BP, GLC) values("DMO85257", null, "124.9", "49.7", "117/78", "92.3");
insert into PERSON_3(PID, TYPE_ID, IDENTITY_ID) values("DMO85257", "1", "000714534");
insert into ENCOUNTER(PID, ADMSN_TIME, CONTACT_DATE) values("DMO85257", "2014-12-31T21:08:11-04:00", "2014-12-31");

insert into PERSON(PID, FIRST_NAME, LAST_NAME, SEX, BIRTH_DATE, DEATH_DATE, REG_DATE) values("DMO62047", "Lincoln", "Cook", "M", "1930-12-06T17:08:26-04:00", null, "2014-11-24T00:47:35-04:00");
insert into PERSON_2(PID, WC, TG, HDL, BP, GLC) values("DMO62047", "115.5", "128.3", null, "137/78", "100.8");
insert into PERSON_3(PID, TYPE_ID, IDENTITY_ID) values("DMO62047", "1", "006894080");
insert into ENCOUNTER(PID, ADMSN_TIME, CONTACT_DATE) values("DMO62047", "2014-11-26T21:34:34-04:00", "2014-11-26");

insert into PERSON(PID, FIRST_NAME, LAST_NAME, SEX, BIRTH_DATE, DEATH_DATE, REG_DATE) values("DMO65500", "Evan", "Cooper", "M", "1991-11-30T21:53:41-04:00", null, "2014-11-14T01:05:45-04:00");
insert into PERSON_2(PID, WC, TG, HDL, BP, GLC) values("DMO65500", "122.7", "153.5", "43.8", "117/73", "114.6");
insert into PERSON_3(PID, TYPE_ID, IDENTITY_ID) values("DMO65500", "1", "002209676");
insert into ENCOUNTER(PID, ADMSN_TIME, CONTACT_DATE) values("DMO65500", "2014-11-14T00:22:32-04:00", "2014-11-14");

insert into PERSON(PID, FIRST_NAME, LAST_NAME, SEX, BIRTH_DATE, DEATH_DATE, REG_DATE) values("DMO70593", "Jacob", "Ramirez", "M", "2002-09-11T09:41:48-04:00", null, "2014-06-06T14:26:42-04:00");
insert into PERSON_2(PID, WC, TG, HDL, BP, GLC) values("DMO70593", null, null, "48.7", "114/73", "93.3");
insert into PERSON_3(PID, TYPE_ID, IDENTITY_ID) values("DMO70593", "1", "007282414");
insert into ENCOUNTER(PID, ADMSN_TIME, CONTACT_DATE) values("DMO70593", "2014-06-06T18:31:37-04:00", "2014-06-06");

insert into PERSON(PID, FIRST_NAME, LAST_NAME, SEX, BIRTH_DATE, DEATH_DATE, REG_DATE) values("DMO80581", "Owen", "Peterson", "M", "1979-08-28T09:00:33-04:00", null, "2014-09-23T04:45:55-04:00");
insert into PERSON_2(PID, WC, TG, HDL, BP, GLC) values("DMO80581", "97.6", "165.6", null, "152/66", "100.5");
insert into PERSON_3(PID, TYPE_ID, IDENTITY_ID) values("DMO80581", "1", "000944042");
insert into ENCOUNTER(PID, ADMSN_TIME, CONTACT_DATE) values("DMO80581", "2014-09-25T09:51:23-04:00", "2014-09-25");

insert into PERSON(PID, FIRST_NAME, LAST_NAME, SEX, BIRTH_DATE, DEATH_DATE, REG_DATE) values("DMO98948", "Tyler", "Campbell", "M", "1989-02-08T22:09:23-04:00", null, "2014-10-30T11:23:35-04:00");
insert into PERSON_2(PID, WC, TG, HDL, BP, GLC) values("DMO98948", "92.8", "157.3", "36.2", "134/97", "113.1");
insert into PERSON_3(PID, TYPE_ID, IDENTITY_ID) values("DMO98948", "1", "001993471");
insert into ENCOUNTER(PID, ADMSN_TIME, CONTACT_DATE) values("DMO98948", "2014-11-01T12:46:15-04:00", "2014-11-01");

insert into PERSON(PID, FIRST_NAME, LAST_NAME, SEX, BIRTH_DATE, DEATH_DATE, REG_DATE) values("DMO84261", "Gavin", "Ward", "M", "2008-05-01T17:28:05-04:00", null, "2014-09-26T09:25:40-04:00");
insert into PERSON_2(PID, WC, TG, HDL, BP, GLC) values("DMO84261", "110.1", null, "48.3", "133/100", "118.5");
insert into PERSON_3(PID, TYPE_ID, IDENTITY_ID) values("DMO84261", "1", "000676976");
insert into ENCOUNTER(PID, ADMSN_TIME, CONTACT_DATE) values("DMO84261", "2014-09-27T16:24:43-04:00", "2014-09-27");

insert into PERSON(PID, FIRST_NAME, LAST_NAME, SEX, BIRTH_DATE, DEATH_DATE, REG_DATE) values("DMO32191", "Zoe", "Richardson", "F", "1934-03-18T00:04:53-04:00", null, "2014-01-03T07:17:21-04:00");
insert into PERSON_2(PID, WC, TG, HDL, BP, GLC) values("DMO32191", "113.3", "168.4", "42.4", "150/77", null);
insert into PERSON_3(PID, TYPE_ID, IDENTITY_ID) values("DMO32191", "1", "002849864");
insert into ENCOUNTER(PID, ADMSN_TIME, CONTACT_DATE) values("DMO32191", "2014-01-04T15:39:38-04:00", "2014-01-04");

insert into PERSON(PID, FIRST_NAME, LAST_NAME, SEX, BIRTH_DATE, DEATH_DATE, REG_DATE) values("DMO23548", "Aaron", "Alexander", "M", "1992-01-08T12:05:32-04:00", null, "2014-05-28T04:56:22-04:00");
insert into PERSON_2(PID, WC, TG, HDL, BP, GLC) values("DMO23548", "84.4", "157.4", "34.9", "127/96", "92.5");
insert into PERSON_3(PID, TYPE_ID, IDENTITY_ID) values("DMO23548", "1", "005787441");
insert into ENCOUNTER(PID, ADMSN_TIME, CONTACT_DATE) values("DMO23548", "2014-05-30T17:22:39-04:00", "2014-05-30");

insert into PERSON(PID, FIRST_NAME, LAST_NAME, SEX, BIRTH_DATE, DEATH_DATE, REG_DATE) values("DMO23602", "Jaxon", "Rodriguez", "M", "2003-11-25T01:33:34-04:00", null, "2014-03-07T14:11:01-04:00");
insert into PERSON_2(PID, WC, TG, HDL, BP, GLC) values("DMO23602", "78.7", "152.3", "44.4", "134/101", "115.6");
insert into PERSON_3(PID, TYPE_ID, IDENTITY_ID) values("DMO23602", "1", "004498000");
insert into ENCOUNTER(PID, ADMSN_TIME, CONTACT_DATE) values("DMO23602", "2014-03-07T23:41:37-04:00", "2014-03-07");

insert into PERSON(PID, FIRST_NAME, LAST_NAME, SEX, BIRTH_DATE, DEATH_DATE, REG_DATE) values("DMO46866", "Victoria", "Phillips", "F", "1967-12-04T23:01:36-04:00", null, "2014-04-10T23:51:13-04:00");
insert into PERSON_2(PID, WC, TG, HDL, BP, GLC) values("DMO46866", "98.7", "145.2", "40.1", "128/74", "98.2");
insert into PERSON_3(PID, TYPE_ID, IDENTITY_ID) values("DMO46866", "1", "005584584");
insert into ENCOUNTER(PID, ADMSN_TIME, CONTACT_DATE) values("DMO46866", "2014-04-12T10:15:05-04:00", "2014-04-12");

insert into PERSON(PID, FIRST_NAME, LAST_NAME, SEX, BIRTH_DATE, DEATH_DATE, REG_DATE) values("DMO95988", "Addison", "Richardson", "F", "1992-10-20T07:07:08-04:00", null, "2014-11-08T10:50:29-04:00");
insert into PERSON_2(PID, WC, TG, HDL, BP, GLC) values("DMO95988", "111.9", "149.1", "42.2", null, "119.9");
insert into PERSON_3(PID, TYPE_ID, IDENTITY_ID) values("DMO95988", "1", "003314936");
insert into ENCOUNTER(PID, ADMSN_TIME, CONTACT_DATE) values("DMO95988", "2014-11-09T17:51:46-04:00", "2014-11-09");

insert into PERSON(PID, FIRST_NAME, LAST_NAME, SEX, BIRTH_DATE, DEATH_DATE, REG_DATE) values("DMO58539", "Nora", "Griffin", "F", "1965-10-16T11:06:47-04:00", null, "2014-07-25T16:16:57-04:00");
insert into PERSON_2(PID, WC, TG, HDL, BP, GLC) values("DMO58539", "89.9", "138.0", "35.4", "110/78", "119.9");
insert into PERSON_3(PID, TYPE_ID, IDENTITY_ID) values("DMO58539", "1", "003099579");
insert into ENCOUNTER(PID, ADMSN_TIME, CONTACT_DATE) values("DMO58539", "2014-07-25T11:47:08-04:00", "2014-07-25");

insert into PERSON(PID, FIRST_NAME, LAST_NAME, SEX, BIRTH_DATE, DEATH_DATE, REG_DATE) values("DMO19142", "Evelyn", "Smith", "F", null, null, "2014-04-25T21:40:49-04:00");
insert into PERSON_2(PID, WC, TG, HDL, BP, GLC) values("DMO19142", "109.4", "134.6", "36.8", null, null);
insert into PERSON_3(PID, TYPE_ID, IDENTITY_ID) values("DMO19142", "1", "000578645");
insert into ENCOUNTER(PID, ADMSN_TIME, CONTACT_DATE) values("DMO19142", "2014-04-27T14:26:58-04:00", "2014-04-27");

insert into PERSON(PID, FIRST_NAME, LAST_NAME, SEX, BIRTH_DATE, DEATH_DATE, REG_DATE) values("DMO71829", "Lucy", "Ross", "F", "2011-11-11T05:09:23-04:00", "2013-08-11T07:30:31-04:00", "2014-12-21T23:26:28-04:00");
insert into PERSON_2(PID, WC, TG, HDL, BP, GLC) values("DMO71829", "97.9", "174.0", "30.9", null, "108.1");
insert into PERSON_3(PID, TYPE_ID, IDENTITY_ID) values("DMO71829", "1", "004926368");
insert into ENCOUNTER(PID, ADMSN_TIME, CONTACT_DATE) values("DMO71829", "2014-12-21T03:38:47-04:00", "2014-12-21");

insert into PERSON(PID, FIRST_NAME, LAST_NAME, SEX, BIRTH_DATE, DEATH_DATE, REG_DATE) values("DMO47739", "Luis", "Rodriguez", "M", "1968-04-15T03:17:36-04:00", null, "2014-01-26T03:30:34-04:00");
insert into PERSON_2(PID, WC, TG, HDL, BP, GLC) values("DMO47739", "87.4", "166.9", "44.0", "143/98", "87.6");
insert into PERSON_3(PID, TYPE_ID, IDENTITY_ID) values("DMO47739", "1", "000282564");
insert into ENCOUNTER(PID, ADMSN_TIME, CONTACT_DATE) values("DMO47739", "2014-01-27T23:26:35-04:00", "2014-01-27");

insert into PERSON(PID, FIRST_NAME, LAST_NAME, SEX, BIRTH_DATE, DEATH_DATE, REG_DATE) values("DMO14688", "Cooper", "Cooper", "M", "1989-07-01T17:03:08-04:00", null, "2014-08-15T23:39:36-04:00");
insert into PERSON_2(PID, WC, TG, HDL, BP, GLC) values("DMO14688", "122.6", "124.3", "47.7", "118/83", "86.8");
insert into PERSON_3(PID, TYPE_ID, IDENTITY_ID) values("DMO14688", "1", "006233878");
insert into ENCOUNTER(PID, ADMSN_TIME, CONTACT_DATE) values("DMO14688", "2014-08-16T14:03:17-04:00", "2014-08-16");

insert into PERSON(PID, FIRST_NAME, LAST_NAME, SEX, BIRTH_DATE, DEATH_DATE, REG_DATE) values("DMO32530", "Aiden", "Wright", "M", null, null, "2014-08-10T06:24:37-04:00");
insert into PERSON_2(PID, WC, TG, HDL, BP, GLC) values("DMO32530", "79.3", "143.0", "43.0", "105/78", null);
insert into PERSON_3(PID, TYPE_ID, IDENTITY_ID) values("DMO32530", "1", "002050207");
insert into ENCOUNTER(PID, ADMSN_TIME, CONTACT_DATE) values("DMO32530", "2014-08-12T21:15:30-04:00", "2014-08-12");

insert into PERSON(PID, FIRST_NAME, LAST_NAME, SEX, BIRTH_DATE, DEATH_DATE, REG_DATE) values("DMO79367", "Kayden", "Torres", "M", "1957-07-02T17:56:16-04:00", null, "2014-06-29T14:34:35-04:00");
insert into PERSON_2(PID, WC, TG, HDL, BP, GLC) values("DMO79367", "105.8", "144.6", "43.7", "139/104", "116.7");
insert into PERSON_3(PID, TYPE_ID, IDENTITY_ID) values("DMO79367", "1", "003152101");
insert into ENCOUNTER(PID, ADMSN_TIME, CONTACT_DATE) values("DMO79367", "2014-06-29T17:28:22-04:00", "2014-06-29");

insert into PERSON(PID, FIRST_NAME, LAST_NAME, SEX, BIRTH_DATE, DEATH_DATE, REG_DATE) values("DMO37977", "Harper", "Hall", "F", "1987-01-26T16:29:48-04:00", "2011-09-02T18:09:58-04:00", "2014-06-25T07:00:43-04:00");
insert into PERSON_2(PID, WC, TG, HDL, BP, GLC) values("DMO37977", "114.3", "143.9", "48.3", "147/102", "82.6");
insert into PERSON_3(PID, TYPE_ID, IDENTITY_ID) values("DMO37977", "1", "006680638");
insert into ENCOUNTER(PID, ADMSN_TIME, CONTACT_DATE) values("DMO37977", "2014-06-27T04:06:07-04:00", "2014-06-27");

insert into PERSON(PID, FIRST_NAME, LAST_NAME, SEX, BIRTH_DATE, DEATH_DATE, REG_DATE) values("DMO43829", "Ellie", "Cox", "F", "1993-04-25T05:38:43-04:00", null, "2014-06-09T23:39:12-04:00");
insert into PERSON_2(PID, WC, TG, HDL, BP, GLC) values("DMO43829", "81.9", "133.5", "45.7", "138/104", "119.8");
insert into PERSON_3(PID, TYPE_ID, IDENTITY_ID) values("DMO43829", "1", "007009461");
insert into ENCOUNTER(PID, ADMSN_TIME, CONTACT_DATE) values("DMO43829", "2014-06-09T10:13:04-04:00", "2014-06-09");

insert into PERSON(PID, FIRST_NAME, LAST_NAME, SEX, BIRTH_DATE, DEATH_DATE, REG_DATE) values("DMO79853", "Olivia", "Clark", "F", "2003-02-23T06:56:07-04:00", null, "2014-11-23T09:16:59-04:00");
insert into PERSON_2(PID, WC, TG, HDL, BP, GLC) values("DMO79853", "110.4", "166.1", "32.2", "105/70", "117.5");
insert into PERSON_3(PID, TYPE_ID, IDENTITY_ID) values("DMO79853", "1", "009729128");
insert into ENCOUNTER(PID, ADMSN_TIME, CONTACT_DATE) values("DMO79853", "2014-11-23T10:47:22-04:00", "2014-11-23");

insert into PERSON(PID, FIRST_NAME, LAST_NAME, SEX, BIRTH_DATE, DEATH_DATE, REG_DATE) values("DMO63707", "Jonathan", "Clark", "M", "1930-07-15T14:46:50-04:00", null, "2014-08-28T21:16:35-04:00");
insert into PERSON_2(PID, WC, TG, HDL, BP, GLC) values("DMO63707", "91.0", "177.1", "42.5", "150/96", "104.3");
insert into PERSON_3(PID, TYPE_ID, IDENTITY_ID) values("DMO63707", "1", "007906031");
insert into ENCOUNTER(PID, ADMSN_TIME, CONTACT_DATE) values("DMO63707", "2014-08-30T08:51:01-04:00", "2014-08-30");

insert into PERSON(PID, FIRST_NAME, LAST_NAME, SEX, BIRTH_DATE, DEATH_DATE, REG_DATE) values("DMO40424", "Annabelle", "Anderson", "F", "1949-07-21T04:58:28-04:00", null, "2014-08-26T04:37:10-04:00");
insert into PERSON_2(PID, WC, TG, HDL, BP, GLC) values("DMO40424", "121.0", "160.0", "31.4", "120/91", "114.3");
insert into PERSON_3(PID, TYPE_ID, IDENTITY_ID) values("DMO40424", "1", "006567907");
insert into ENCOUNTER(PID, ADMSN_TIME, CONTACT_DATE) values("DMO40424", "2014-08-28T04:03:52-04:00", "2014-08-28");

insert into PERSON(PID, FIRST_NAME, LAST_NAME, SEX, BIRTH_DATE, DEATH_DATE, REG_DATE) values("DMO95715", "Ariana", "Reed", "F", "1984-07-31T04:01:20-04:00", "2000-09-21T08:21:24-04:00", "2014-02-13T15:12:31-04:00");
insert into PERSON_2(PID, WC, TG, HDL, BP, GLC) values("DMO95715", "108.1", "127.7", "37.1", "152/79", "112.5");
insert into PERSON_3(PID, TYPE_ID, IDENTITY_ID) values("DMO95715", "1", "000938275");
insert into ENCOUNTER(PID, ADMSN_TIME, CONTACT_DATE) values("DMO95715", "2014-02-15T02:21:37-04:00", "2014-02-15");

insert into PERSON(PID, FIRST_NAME, LAST_NAME, SEX, BIRTH_DATE, DEATH_DATE, REG_DATE) values("DMO79827", "Lucas", "Harris", "M", "1962-05-06T16:16:03-04:00", null, "2014-04-26T13:41:07-04:00");
insert into PERSON_2(PID, WC, TG, HDL, BP, GLC) values("DMO79827", null, "121.8", "35.4", null, "103.7");
insert into PERSON_3(PID, TYPE_ID, IDENTITY_ID) values("DMO79827", "1", "009791490");
insert into ENCOUNTER(PID, ADMSN_TIME, CONTACT_DATE) values("DMO79827", "2014-04-27T00:24:39-04:00", "2014-04-27");

insert into PERSON(PID, FIRST_NAME, LAST_NAME, SEX, BIRTH_DATE, DEATH_DATE, REG_DATE) values("DMO07292", "Gabriella", "Young", "F", "2011-01-31T09:45:59-04:00", null, "2014-06-12T01:55:23-04:00");
insert into PERSON_2(PID, WC, TG, HDL, BP, GLC) values("DMO07292", "82.6", "139.1", "38.2", "128/75", "83.0");
insert into PERSON_3(PID, TYPE_ID, IDENTITY_ID) values("DMO07292", "1", "001365195");
insert into ENCOUNTER(PID, ADMSN_TIME, CONTACT_DATE) values("DMO07292", "2014-06-12T07:42:41-04:00", "2014-06-12");

insert into PERSON(PID, FIRST_NAME, LAST_NAME, SEX, BIRTH_DATE, DEATH_DATE, REG_DATE) values("DMO18174", "Nora", "Jones", "F", "1989-01-27T19:00:03-04:00", null, "2014-07-12T10:36:57-04:00");
insert into PERSON_2(PID, WC, TG, HDL, BP, GLC) values("DMO18174", "120.7", "177.7", "31.0", "138/72", "91.3");
insert into PERSON_3(PID, TYPE_ID, IDENTITY_ID) values("DMO18174", "1", "006680406");
insert into ENCOUNTER(PID, ADMSN_TIME, CONTACT_DATE) values("DMO18174", "2014-07-13T22:44:52-04:00", "2014-07-13");

insert into PERSON(PID, FIRST_NAME, LAST_NAME, SEX, BIRTH_DATE, DEATH_DATE, REG_DATE) values("DMO90365", "Kevin", "Jackson", "M", "1936-05-19T14:32:17-04:00", "2008-03-26T05:59:02-04:00", "2014-04-25T23:58:50-04:00");
insert into PERSON_2(PID, WC, TG, HDL, BP, GLC) values("DMO90365", "112.8", "139.9", null, "143/94", "97.5");
insert into PERSON_3(PID, TYPE_ID, IDENTITY_ID) values("DMO90365", "1", "006196845");
insert into ENCOUNTER(PID, ADMSN_TIME, CONTACT_DATE) values("DMO90365", "2014-04-25T09:23:32-04:00", "2014-04-25");

insert into PERSON(PID, FIRST_NAME, LAST_NAME, SEX, BIRTH_DATE, DEATH_DATE, REG_DATE) values("DMO22235", "Hailey", "White", "F", "1935-12-14T08:37:11-04:00", null, "2014-05-06T01:49:07-04:00");
insert into PERSON_2(PID, WC, TG, HDL, BP, GLC) values("DMO22235", "87.5", "147.9", "30.4", "125/101", "104.7");
insert into PERSON_3(PID, TYPE_ID, IDENTITY_ID) values("DMO22235", "1", "001770493");
insert into ENCOUNTER(PID, ADMSN_TIME, CONTACT_DATE) values("DMO22235", "2014-05-08T00:11:12-04:00", "2014-05-08");

insert into PERSON(PID, FIRST_NAME, LAST_NAME, SEX, BIRTH_DATE, DEATH_DATE, REG_DATE) values("DMO62203", "Robert", "Taylor", "M", null, null, "2014-12-21T03:35:29-04:00");
insert into PERSON_2(PID, WC, TG, HDL, BP, GLC) values("DMO62203", "88.6", "174.1", "35.0", "105/94", "110.1");
insert into PERSON_3(PID, TYPE_ID, IDENTITY_ID) values("DMO62203", "1", "002698172");
insert into ENCOUNTER(PID, ADMSN_TIME, CONTACT_DATE) values("DMO62203", "2014-12-21T13:39:00-04:00", "2014-12-21");

insert into PERSON(PID, FIRST_NAME, LAST_NAME, SEX, BIRTH_DATE, DEATH_DATE, REG_DATE) values("DMO24472", "Justin", "Morgan", "M", "1963-04-16T04:22:30-04:00", null, "2014-11-29T17:04:40-04:00");
insert into PERSON_2(PID, WC, TG, HDL, BP, GLC) values("DMO24472", "89.6", null, "33.4", "150/73", "97.3");
insert into PERSON_3(PID, TYPE_ID, IDENTITY_ID) values("DMO24472", "1", "006024262");
insert into ENCOUNTER(PID, ADMSN_TIME, CONTACT_DATE) values("DMO24472", "2014-12-01T06:02:52-04:00", "2014-12-01");

insert into PERSON(PID, FIRST_NAME, LAST_NAME, SEX, BIRTH_DATE, DEATH_DATE, REG_DATE) values("DMO04039", "Julia", "Walker", "F", "1958-02-28T00:24:50-04:00", null, "2014-07-11T22:15:48-04:00");
insert into PERSON_2(PID, WC, TG, HDL, BP, GLC) values("DMO04039", null, "157.1", null, "114/99", "88.2");
insert into PERSON_3(PID, TYPE_ID, IDENTITY_ID) values("DMO04039", "1", "002940013");
insert into ENCOUNTER(PID, ADMSN_TIME, CONTACT_DATE) values("DMO04039", "2014-07-12T23:45:10-04:00", "2014-07-12");

insert into PERSON(PID, FIRST_NAME, LAST_NAME, SEX, BIRTH_DATE, DEATH_DATE, REG_DATE) values("DMO73031", "Victoria", "Walker", "F", "2009-10-15T05:02:06-04:00", null, "2014-11-04T23:39:21-04:00");
insert into PERSON_2(PID, WC, TG, HDL, BP, GLC) values("DMO73031", "101.9", "155.2", "45.8", "151/104", null);
insert into PERSON_3(PID, TYPE_ID, IDENTITY_ID) values("DMO73031", "1", "002362549");
insert into ENCOUNTER(PID, ADMSN_TIME, CONTACT_DATE) values("DMO73031", "2014-11-05T08:59:48-04:00", "2014-11-05");

insert into PERSON(PID, FIRST_NAME, LAST_NAME, SEX, BIRTH_DATE, DEATH_DATE, REG_DATE) values("DMO54366", "Taylor", "Griffin", "F", "1973-07-29T19:31:13-04:00", null, "2014-12-16T22:49:22-04:00");
insert into PERSON_2(PID, WC, TG, HDL, BP, GLC) values("DMO54366", "88.8", "134.2", "36.8", "109/74", "105.3");
insert into PERSON_3(PID, TYPE_ID, IDENTITY_ID) values("DMO54366", "1", "000794171");
insert into ENCOUNTER(PID, ADMSN_TIME, CONTACT_DATE) values("DMO54366", "2014-12-18T16:49:04-04:00", "2014-12-18");

insert into PERSON(PID, FIRST_NAME, LAST_NAME, SEX, BIRTH_DATE, DEATH_DATE, REG_DATE) values("DMO49091", "Eva", "Cox", "F", "1995-11-12T22:41:19-04:00", null, "2014-11-29T15:56:18-04:00");
insert into PERSON_2(PID, WC, TG, HDL, BP, GLC) values("DMO49091", "122.8", "150.9", "42.1", "116/102", null);
insert into PERSON_3(PID, TYPE_ID, IDENTITY_ID) values("DMO49091", "1", "002315121");
insert into ENCOUNTER(PID, ADMSN_TIME, CONTACT_DATE) values("DMO49091", "2014-12-01T10:11:07-04:00", "2014-12-01");

insert into PERSON(PID, FIRST_NAME, LAST_NAME, SEX, BIRTH_DATE, DEATH_DATE, REG_DATE) values("DMO77169", "Kennedy", "Griffin", "F", "1940-03-01T02:01:37-04:00", null, "2014-11-30T04:48:24-04:00");
insert into PERSON_2(PID, WC, TG, HDL, BP, GLC) values("DMO77169", "75.6", "156.3", "35.6", "109/102", "88.9");
insert into PERSON_3(PID, TYPE_ID, IDENTITY_ID) values("DMO77169", "1", "009525990");
insert into ENCOUNTER(PID, ADMSN_TIME, CONTACT_DATE) values("DMO77169", "2014-11-30T18:48:29-04:00", "2014-11-30");

insert into PERSON(PID, FIRST_NAME, LAST_NAME, SEX, BIRTH_DATE, DEATH_DATE, REG_DATE) values("DMO69004", "Piper", "Cox", "F", "2012-10-14T11:33:04-04:00", null, "2014-03-03T12:36:22-04:00");
insert into PERSON_2(PID, WC, TG, HDL, BP, GLC) values("DMO69004", "78.4", "134.1", "44.2", "126/75", "107.4");
insert into PERSON_3(PID, TYPE_ID, IDENTITY_ID) values("DMO69004", "1", "003323057");
insert into ENCOUNTER(PID, ADMSN_TIME, CONTACT_DATE) values("DMO69004", "2014-03-05T20:06:51-04:00", "2014-03-05");

insert into PERSON(PID, FIRST_NAME, LAST_NAME, SEX, BIRTH_DATE, DEATH_DATE, REG_DATE) values("DMO99778", "Tristan", "Ross", "M", "1942-09-30T04:22:30-04:00", null, "2014-10-28T21:06:15-04:00");
insert into PERSON_2(PID, WC, TG, HDL, BP, GLC) values("DMO99778", "102.9", "133.5", "49.8", "152/100", "113.7");
insert into PERSON_3(PID, TYPE_ID, IDENTITY_ID) values("DMO99778", "1", "006667795");
insert into ENCOUNTER(PID, ADMSN_TIME, CONTACT_DATE) values("DMO99778", "2014-10-30T02:52:33-04:00", "2014-10-30");

insert into PERSON(PID, FIRST_NAME, LAST_NAME, SEX, BIRTH_DATE, DEATH_DATE, REG_DATE) values("DMO07838", "Piper", "Russell", "F", "1984-02-13T07:21:20-04:00", null, "2014-02-13T18:07:40-04:00");
insert into PERSON_2(PID, WC, TG, HDL, BP, GLC) values("DMO07838", "89.0", "126.1", "44.5", "118/98", "93.6");
insert into PERSON_3(PID, TYPE_ID, IDENTITY_ID) values("DMO07838", "1", "006123809");
insert into ENCOUNTER(PID, ADMSN_TIME, CONTACT_DATE) values("DMO07838", "2014-02-13T01:02:35-04:00", "2014-02-13");

insert into PERSON(PID, FIRST_NAME, LAST_NAME, SEX, BIRTH_DATE, DEATH_DATE, REG_DATE) values("DMO06063", "Evelyn", "Turner", "F", "1975-12-05T07:01:38-04:00", null, "2014-05-28T10:34:41-04:00");
insert into PERSON_2(PID, WC, TG, HDL, BP, GLC) values("DMO06063", "118.6", "123.4", "36.4", "145/103", "103.4");
insert into PERSON_3(PID, TYPE_ID, IDENTITY_ID) values("DMO06063", "1", "001222667");
insert into ENCOUNTER(PID, ADMSN_TIME, CONTACT_DATE) values("DMO06063", "2014-05-28T18:44:35-04:00", "2014-05-28");

insert into PERSON(PID, FIRST_NAME, LAST_NAME, SEX, BIRTH_DATE, DEATH_DATE, REG_DATE) values("DMO80173", "Serenity", "Ramirez", "F", "1930-04-29T16:38:08-04:00", null, "2014-06-19T22:33:00-04:00");
insert into PERSON_2(PID, WC, TG, HDL, BP, GLC) values("DMO80173", "93.3", "146.0", "36.2", "149/99", "106.4");
insert into PERSON_3(PID, TYPE_ID, IDENTITY_ID) values("DMO80173", "1", "004469296");
insert into ENCOUNTER(PID, ADMSN_TIME, CONTACT_DATE) values("DMO80173", "2014-06-21T06:30:41-04:00", "2014-06-21");

insert into PERSON(PID, FIRST_NAME, LAST_NAME, SEX, BIRTH_DATE, DEATH_DATE, REG_DATE) values("DMO51358", "Zoe", "Butler", "F", null, null, "2014-11-14T09:28:31-04:00");
insert into PERSON_2(PID, WC, TG, HDL, BP, GLC) values("DMO51358", "84.4", null, "38.1", "115/85", null);
insert into PERSON_3(PID, TYPE_ID, IDENTITY_ID) values("DMO51358", "1", "006944192");
insert into ENCOUNTER(PID, ADMSN_TIME, CONTACT_DATE) values("DMO51358", "2014-11-15T06:27:41-04:00", "2014-11-15");

insert into PERSON(PID, FIRST_NAME, LAST_NAME, SEX, BIRTH_DATE, DEATH_DATE, REG_DATE) values("DMO96762", "Eli", "Garcia", "M", null, null, "2014-04-26T10:00:15-04:00");
insert into PERSON_2(PID, WC, TG, HDL, BP, GLC) values("DMO96762", "85.3", "158.0", "45.8", "145/84", "82.5");
insert into PERSON_3(PID, TYPE_ID, IDENTITY_ID) values("DMO96762", "1", "007728031");
insert into ENCOUNTER(PID, ADMSN_TIME, CONTACT_DATE) values("DMO96762", "2014-04-27T23:44:33-04:00", "2014-04-27");

insert into PERSON(PID, FIRST_NAME, LAST_NAME, SEX, BIRTH_DATE, DEATH_DATE, REG_DATE) values("DMO41803", "Savannah", "Carter", "F", "1947-06-16T10:36:29-04:00", null, "2014-09-21T14:46:27-04:00");
insert into PERSON_2(PID, WC, TG, HDL, BP, GLC) values("DMO41803", "119.6", "150.9", "31.2", "133/103", "98.1");
insert into PERSON_3(PID, TYPE_ID, IDENTITY_ID) values("DMO41803", "1", "007682735");
insert into ENCOUNTER(PID, ADMSN_TIME, CONTACT_DATE) values("DMO41803", "2014-09-23T21:42:44-04:00", "2014-09-23");

insert into PERSON(PID, FIRST_NAME, LAST_NAME, SEX, BIRTH_DATE, DEATH_DATE, REG_DATE) values("DMO15098", "Lily", "Gonzales", "F", "1965-07-10T23:17:12-04:00", null, "2014-07-24T01:42:21-04:00");
insert into PERSON_2(PID, WC, TG, HDL, BP, GLC) values("DMO15098", "82.9", "132.2", "39.0", "128/100", "98.6");
insert into PERSON_3(PID, TYPE_ID, IDENTITY_ID) values("DMO15098", "1", "003865275");
insert into ENCOUNTER(PID, ADMSN_TIME, CONTACT_DATE) values("DMO15098", "2014-07-25T20:06:53-04:00", "2014-07-25");

insert into PERSON(PID, FIRST_NAME, LAST_NAME, SEX, BIRTH_DATE, DEATH_DATE, REG_DATE) values("DMO00676", "Jonathan", "Foster", "M", null, null, "2014-05-21T05:28:49-04:00");
insert into PERSON_2(PID, WC, TG, HDL, BP, GLC) values("DMO00676", "119.9", "148.8", "34.2", "135/89", "92.9");
insert into PERSON_3(PID, TYPE_ID, IDENTITY_ID) values("DMO00676", "1", "000835144");
insert into ENCOUNTER(PID, ADMSN_TIME, CONTACT_DATE) values("DMO00676", "2014-05-21T18:28:33-04:00", "2014-05-21");

insert into PERSON(PID, FIRST_NAME, LAST_NAME, SEX, BIRTH_DATE, DEATH_DATE, REG_DATE) values("DMO55266", "Alyssa", "Hayes", "F", "2000-05-28T07:13:41-04:00", null, "2014-10-17T03:28:46-04:00");
insert into PERSON_2(PID, WC, TG, HDL, BP, GLC) values("DMO55266", "116.2", "163.2", "40.7", "134/70", "97.7");
insert into PERSON_3(PID, TYPE_ID, IDENTITY_ID) values("DMO55266", "1", "002196621");
insert into ENCOUNTER(PID, ADMSN_TIME, CONTACT_DATE) values("DMO55266", "2014-10-19T07:47:14-04:00", "2014-10-19");

insert into PERSON(PID, FIRST_NAME, LAST_NAME, SEX, BIRTH_DATE, DEATH_DATE, REG_DATE) values("DMO41946", "Tristan", "Ross", "M", "2003-12-24T14:31:43-04:00", null, "2014-07-23T19:07:08-04:00");
insert into PERSON_2(PID, WC, TG, HDL, BP, GLC) values("DMO41946", null, "175.5", "35.1", "122/83", "117.6");
insert into PERSON_3(PID, TYPE_ID, IDENTITY_ID) values("DMO41946", "1", "004704869");
insert into ENCOUNTER(PID, ADMSN_TIME, CONTACT_DATE) values("DMO41946", "2014-07-25T16:44:25-04:00", "2014-07-25");

insert into PERSON(PID, FIRST_NAME, LAST_NAME, SEX, BIRTH_DATE, DEATH_DATE, REG_DATE) values("DMO16248", "Scarlett", "Simmons", "F", "1987-11-26T07:28:56-04:00", null, "2014-01-28T16:13:10-04:00");
insert into PERSON_2(PID, WC, TG, HDL, BP, GLC) values("DMO16248", "78.9", "151.3", null, "116/85", "89.7");
insert into PERSON_3(PID, TYPE_ID, IDENTITY_ID) values("DMO16248", "1", "002806505");
insert into ENCOUNTER(PID, ADMSN_TIME, CONTACT_DATE) values("DMO16248", "2014-01-28T22:39:29-04:00", "2014-01-28");

insert into PERSON(PID, FIRST_NAME, LAST_NAME, SEX, BIRTH_DATE, DEATH_DATE, REG_DATE) values("DMO64640", "Matthew", "Reed", "M", "1931-05-06T15:07:39-04:00", null, "2014-09-17T00:43:43-04:00");
insert into PERSON_2(PID, WC, TG, HDL, BP, GLC) values("DMO64640", "93.5", "153.5", "38.9", "113/80", "116.1");
insert into PERSON_3(PID, TYPE_ID, IDENTITY_ID) values("DMO64640", "1", "002002719");
insert into ENCOUNTER(PID, ADMSN_TIME, CONTACT_DATE) values("DMO64640", "2014-09-19T11:42:26-04:00", "2014-09-19");

insert into PERSON(PID, FIRST_NAME, LAST_NAME, SEX, BIRTH_DATE, DEATH_DATE, REG_DATE) values("DMO92683", "Leah", "Brooks", "F", "2001-05-10T19:46:56-04:00", null, "2014-08-03T05:28:44-04:00");
insert into PERSON_2(PID, WC, TG, HDL, BP, GLC) values("DMO92683", "124.9", "136.9", "30.4", "150/99", "119.7");
insert into PERSON_3(PID, TYPE_ID, IDENTITY_ID) values("DMO92683", "1", "001821643");
insert into ENCOUNTER(PID, ADMSN_TIME, CONTACT_DATE) values("DMO92683", "2014-08-05T17:10:30-04:00", "2014-08-05");

insert into PERSON(PID, FIRST_NAME, LAST_NAME, SEX, BIRTH_DATE, DEATH_DATE, REG_DATE) values("DMO38815", "Lydia", "Patterson", "F", "1976-04-05T05:50:30-04:00", null, "2014-06-19T04:07:51-04:00");
insert into PERSON_2(PID, WC, TG, HDL, BP, GLC) values("DMO38815", null, "170.2", "38.0", "131/96", "101.3");
insert into PERSON_3(PID, TYPE_ID, IDENTITY_ID) values("DMO38815", "1", "007821470");
insert into ENCOUNTER(PID, ADMSN_TIME, CONTACT_DATE) values("DMO38815", "2014-06-21T21:23:43-04:00", "2014-06-21");

insert into PERSON(PID, FIRST_NAME, LAST_NAME, SEX, BIRTH_DATE, DEATH_DATE, REG_DATE) values("DMO05004", "Jase", "Henderson", "M", "1949-10-18T06:40:38-04:00", null, "2014-08-06T01:47:23-04:00");
insert into PERSON_2(PID, WC, TG, HDL, BP, GLC) values("DMO05004", "119.2", "163.5", "47.3", "112/68", "90.1");
insert into PERSON_3(PID, TYPE_ID, IDENTITY_ID) values("DMO05004", "1", "002558388");
insert into ENCOUNTER(PID, ADMSN_TIME, CONTACT_DATE) values("DMO05004", "2014-08-08T11:46:01-04:00", "2014-08-08");

